@!@!@STARTMSG 2262:0 @!@!@
TLC2 Version 2.19 of 08 August 2024 (rev: 5a47802)
@!@!@ENDMSG 2262 @!@!@
@!@!@STARTMSG 2187:0 @!@!@
Running breadth-first search Model-Checking with fp 1 and seed 916075124254584796 with 8 workers on 16 cores with 1163MB heap and 2612MB offheap memory [pid: 32560] (Windows 10 10.0 amd64, AdoptOpenJDK 14.0.1 x86_64, OffHeapDiskFPSet, DiskStateQueue).
@!@!@ENDMSG 2187 @!@!@
@!@!@STARTMSG 2220:0 @!@!@
Starting SANY...
@!@!@ENDMSG 2220 @!@!@
Parsing file C:\Users\kusek\Documents\TLA+\raft.tla\raft_0241865428.toolbox\Model_1\MC.tla
Parsing file C:\Users\kusek\Documents\TLA+\raft.tla\raft_0241865428.toolbox\Model_1\raft_0241865428.tla
Parsing file C:\Users\kusek\Desktop\Toolbox\TLAToolbox-1.7.4-win32.win32.x86_64\toolbox\plugins\org.lamport.tlatools_1.0.0.202408081326\tla2sany\StandardModules\TLC.tla
Parsing file C:\Users\kusek\Desktop\Toolbox\TLAToolbox-1.7.4-win32.win32.x86_64\toolbox\plugins\org.lamport.tlatools_1.0.0.202408081326\tla2sany\StandardModules\Naturals.tla
Parsing file C:\Users\kusek\Desktop\Toolbox\TLAToolbox-1.7.4-win32.win32.x86_64\toolbox\plugins\org.lamport.tlatools_1.0.0.202408081326\tla2sany\StandardModules\FiniteSets.tla
Parsing file C:\Users\kusek\Desktop\Toolbox\TLAToolbox-1.7.4-win32.win32.x86_64\toolbox\plugins\org.lamport.tlatools_1.0.0.202408081326\tla2sany\StandardModules\Sequences.tla
Semantic processing of module Naturals
Semantic processing of module Sequences
Semantic processing of module FiniteSets
Semantic processing of module TLC
Semantic processing of module raft_0241865428
Semantic processing of module MC
@!@!@STARTMSG 2219:0 @!@!@
SANY finished.
@!@!@ENDMSG 2219 @!@!@
@!@!@STARTMSG 2185:0 @!@!@
Starting... (2025-05-19 18:08:43)
@!@!@ENDMSG 2185 @!@!@
@!@!@STARTMSG 2189:0 @!@!@
Computing initial states...
@!@!@ENDMSG 2189 @!@!@
@!@!@STARTMSG 2190:0 @!@!@
Finished computing initial states: 1 distinct state generated at 2025-05-19 18:08:44.
@!@!@ENDMSG 2190 @!@!@
@!@!@STARTMSG 2200:0 @!@!@
Progress(17) at 2025-05-19 18:08:47: 255,822 states generated (255,822 s/min), 63,453 distinct states found (63,453 ds/min), 28,021 states left on queue.
@!@!@ENDMSG 2200 @!@!@
@!@!@STARTMSG 2110:1 @!@!@
Invariant LeaderCommitted is violated.
@!@!@ENDMSG 2110 @!@!@
@!@!@STARTMSG 2121:1 @!@!@
The behavior up to this point is:
@!@!@ENDMSG 2121 @!@!@
@!@!@STARTMSG 2217:4 @!@!@
1: <Initial predicate>
/\ messages = <<>>
/\ matchIndex = [ r2 |-> [r2 |-> 0, r3 |-> 0, r4 |-> 0, r1 |-> 0],
  r3 |-> [r2 |-> 0, r3 |-> 0, r4 |-> 0, r1 |-> 0],
  r4 |-> [r2 |-> 0, r3 |-> 0, r4 |-> 0, r1 |-> 0],
  r1 |-> [r2 |-> 0, r3 |-> 0, r4 |-> 0, r1 |-> 0] ]
/\ log = [r2 |-> <<>>, r3 |-> <<>>, r4 |-> <<>>, r1 |-> <<>>]
/\ switchSentRecord = [r2 |-> {}, r3 |-> {}, r4 |-> {}, r1 |-> {}]
/\ state = [r2 |-> Leader, r3 |-> Follower, r4 |-> Follower, r1 |-> Switch]
/\ leaderCount = [r2 |-> 1, r3 |-> 0, r4 |-> 0, r1 |-> 0]
/\ entryCommitStats = <<>>
/\ commitIndex = [r2 |-> 0, r3 |-> 0, r4 |-> 0, r1 |-> 0]
/\ currentTerm = [r2 |-> 2, r3 |-> 2, r4 |-> 2, r1 |-> 2]
/\ votesResponded = [r2 |-> {"r3", "r4"}, r3 |-> {}, r4 |-> {}, r1 |-> {}]
/\ maxc = 0
/\ nextIndex = [ r2 |-> [r2 |-> 1, r3 |-> 1, r4 |-> 1, r1 |-> 1],
  r3 |-> [r2 |-> 1, r3 |-> 1, r4 |-> 1, r1 |-> 1],
  r4 |-> [r2 |-> 1, r3 |-> 1, r4 |-> 1, r1 |-> 1],
  r1 |-> [r2 |-> 1, r3 |-> 1, r4 |-> 1, r1 |-> 1] ]
/\ votesGranted = [r2 |-> {"r3", "r4"}, r3 |-> {}, r4 |-> {}, r1 |-> {}]
/\ switchBuffer = << >>
/\ voterLog = [r2 |-> [r3 |-> <<>>, r4 |-> <<>>], r3 |-> << >>, r4 |-> << >>, r1 |-> << >>]
/\ votedFor = [r2 |-> Nil, r3 |-> "r2", r4 |-> "r2", r1 |-> Nil]
/\ unorderedRequests = [r2 |-> {}, r3 |-> {}, r4 |-> {}, r1 |-> {}]

@!@!@ENDMSG 2217 @!@!@
@!@!@STARTMSG 2217:4 @!@!@
2: <MySwitchNext line 530, col 8 to line 530, col 70 of module raft_0241865428>
/\ messages = <<>>
/\ matchIndex = [ r2 |-> [r2 |-> 0, r3 |-> 0, r4 |-> 0, r1 |-> 0],
  r3 |-> [r2 |-> 0, r3 |-> 0, r4 |-> 0, r1 |-> 0],
  r4 |-> [r2 |-> 0, r3 |-> 0, r4 |-> 0, r1 |-> 0],
  r1 |-> [r2 |-> 0, r3 |-> 0, r4 |-> 0, r1 |-> 0] ]
/\ log = [r2 |-> <<>>, r3 |-> <<>>, r4 |-> <<>>, r1 |-> <<>>]
/\ switchSentRecord = [r2 |-> {}, r3 |-> {}, r4 |-> {}, r1 |-> {}]
/\ state = [r2 |-> Leader, r3 |-> Follower, r4 |-> Follower, r1 |-> Switch]
/\ leaderCount = [r2 |-> 1, r3 |-> 0, r4 |-> 0, r1 |-> 0]
/\ entryCommitStats = <<>>
/\ commitIndex = [r2 |-> 0, r3 |-> 0, r4 |-> 0, r1 |-> 0]
/\ currentTerm = [r2 |-> 2, r3 |-> 2, r4 |-> 2, r1 |-> 2]
/\ votesResponded = [r2 |-> {"r3", "r4"}, r3 |-> {}, r4 |-> {}, r1 |-> {}]
/\ maxc = 1
/\ nextIndex = [ r2 |-> [r2 |-> 1, r3 |-> 1, r4 |-> 1, r1 |-> 1],
  r3 |-> [r2 |-> 1, r3 |-> 1, r4 |-> 1, r1 |-> 1],
  r4 |-> [r2 |-> 1, r3 |-> 1, r4 |-> 1, r1 |-> 1],
  r1 |-> [r2 |-> 1, r3 |-> 1, r4 |-> 1, r1 |-> 1] ]
/\ votesGranted = [r2 |-> {"r3", "r4"}, r3 |-> {}, r4 |-> {}, r1 |-> {}]
/\ switchBuffer = [v1 |-> [term |-> 2, value |-> "v1", payload |-> "v1"]]
/\ voterLog = [r2 |-> [r3 |-> <<>>, r4 |-> <<>>], r3 |-> << >>, r4 |-> << >>, r1 |-> << >>]
/\ votedFor = [r2 |-> Nil, r3 |-> "r2", r4 |-> "r2", r1 |-> Nil]
/\ unorderedRequests = [r2 |-> {}, r3 |-> {}, r4 |-> {}, r1 |-> {"v1"}]

@!@!@ENDMSG 2217 @!@!@
@!@!@STARTMSG 2217:4 @!@!@
3: <MySwitchNext line 530, col 8 to line 530, col 70 of module raft_0241865428>
/\ messages = <<>>
/\ matchIndex = [ r2 |-> [r2 |-> 0, r3 |-> 0, r4 |-> 0, r1 |-> 0],
  r3 |-> [r2 |-> 0, r3 |-> 0, r4 |-> 0, r1 |-> 0],
  r4 |-> [r2 |-> 0, r3 |-> 0, r4 |-> 0, r1 |-> 0],
  r1 |-> [r2 |-> 0, r3 |-> 0, r4 |-> 0, r1 |-> 0] ]
/\ log = [r2 |-> <<>>, r3 |-> <<>>, r4 |-> <<>>, r1 |-> <<>>]
/\ switchSentRecord = [r2 |-> {}, r3 |-> {}, r4 |-> {}, r1 |-> {}]
/\ state = [r2 |-> Leader, r3 |-> Follower, r4 |-> Follower, r1 |-> Switch]
/\ leaderCount = [r2 |-> 1, r3 |-> 0, r4 |-> 0, r1 |-> 0]
/\ entryCommitStats = <<>>
/\ commitIndex = [r2 |-> 0, r3 |-> 0, r4 |-> 0, r1 |-> 0]
/\ currentTerm = [r2 |-> 2, r3 |-> 2, r4 |-> 2, r1 |-> 2]
/\ votesResponded = [r2 |-> {"r3", "r4"}, r3 |-> {}, r4 |-> {}, r1 |-> {}]
/\ maxc = 2
/\ nextIndex = [ r2 |-> [r2 |-> 1, r3 |-> 1, r4 |-> 1, r1 |-> 1],
  r3 |-> [r2 |-> 1, r3 |-> 1, r4 |-> 1, r1 |-> 1],
  r4 |-> [r2 |-> 1, r3 |-> 1, r4 |-> 1, r1 |-> 1],
  r1 |-> [r2 |-> 1, r3 |-> 1, r4 |-> 1, r1 |-> 1] ]
/\ votesGranted = [r2 |-> {"r3", "r4"}, r3 |-> {}, r4 |-> {}, r1 |-> {}]
/\ switchBuffer = [ v1 |-> [term |-> 2, value |-> "v1", payload |-> "v1"],
  v2 |-> [term |-> 2, value |-> "v2", payload |-> "v2"] ]
/\ voterLog = [r2 |-> [r3 |-> <<>>, r4 |-> <<>>], r3 |-> << >>, r4 |-> << >>, r1 |-> << >>]
/\ votedFor = [r2 |-> Nil, r3 |-> "r2", r4 |-> "r2", r1 |-> Nil]
/\ unorderedRequests = [r2 |-> {}, r3 |-> {}, r4 |-> {}, r1 |-> {"v1", "v2"}]

@!@!@ENDMSG 2217 @!@!@
@!@!@STARTMSG 2217:4 @!@!@
4: <MySwitchNext line 531, col 7 to line 532, col 60 of module raft_0241865428>
/\ messages = <<>>
/\ matchIndex = [ r2 |-> [r2 |-> 0, r3 |-> 0, r4 |-> 0, r1 |-> 0],
  r3 |-> [r2 |-> 0, r3 |-> 0, r4 |-> 0, r1 |-> 0],
  r4 |-> [r2 |-> 0, r3 |-> 0, r4 |-> 0, r1 |-> 0],
  r1 |-> [r2 |-> 0, r3 |-> 0, r4 |-> 0, r1 |-> 0] ]
/\ log = [r2 |-> <<>>, r3 |-> <<>>, r4 |-> <<>>, r1 |-> <<>>]
/\ switchSentRecord = [r2 |-> {<<"v1", 2>>}, r3 |-> {}, r4 |-> {}, r1 |-> {}]
/\ state = [r2 |-> Leader, r3 |-> Follower, r4 |-> Follower, r1 |-> Switch]
/\ leaderCount = [r2 |-> 1, r3 |-> 0, r4 |-> 0, r1 |-> 0]
/\ entryCommitStats = <<>>
/\ commitIndex = [r2 |-> 0, r3 |-> 0, r4 |-> 0, r1 |-> 0]
/\ currentTerm = [r2 |-> 2, r3 |-> 2, r4 |-> 2, r1 |-> 2]
/\ votesResponded = [r2 |-> {"r3", "r4"}, r3 |-> {}, r4 |-> {}, r1 |-> {}]
/\ maxc = 2
/\ nextIndex = [ r2 |-> [r2 |-> 1, r3 |-> 1, r4 |-> 1, r1 |-> 1],
  r3 |-> [r2 |-> 1, r3 |-> 1, r4 |-> 1, r1 |-> 1],
  r4 |-> [r2 |-> 1, r3 |-> 1, r4 |-> 1, r1 |-> 1],
  r1 |-> [r2 |-> 1, r3 |-> 1, r4 |-> 1, r1 |-> 1] ]
/\ votesGranted = [r2 |-> {"r3", "r4"}, r3 |-> {}, r4 |-> {}, r1 |-> {}]
/\ switchBuffer = [ v1 |-> [term |-> 2, value |-> "v1", payload |-> "v1"],
  v2 |-> [term |-> 2, value |-> "v2", payload |-> "v2"] ]
/\ voterLog = [r2 |-> [r3 |-> <<>>, r4 |-> <<>>], r3 |-> << >>, r4 |-> << >>, r1 |-> << >>]
/\ votedFor = [r2 |-> Nil, r3 |-> "r2", r4 |-> "r2", r1 |-> Nil]
/\ unorderedRequests = [r2 |-> {"v1"}, r3 |-> {}, r4 |-> {}, r1 |-> {"v1", "v2"}]

@!@!@ENDMSG 2217 @!@!@
@!@!@STARTMSG 2217:4 @!@!@
5: <MySwitchNext line 531, col 7 to line 532, col 60 of module raft_0241865428>
/\ messages = <<>>
/\ matchIndex = [ r2 |-> [r2 |-> 0, r3 |-> 0, r4 |-> 0, r1 |-> 0],
  r3 |-> [r2 |-> 0, r3 |-> 0, r4 |-> 0, r1 |-> 0],
  r4 |-> [r2 |-> 0, r3 |-> 0, r4 |-> 0, r1 |-> 0],
  r1 |-> [r2 |-> 0, r3 |-> 0, r4 |-> 0, r1 |-> 0] ]
/\ log = [r2 |-> <<>>, r3 |-> <<>>, r4 |-> <<>>, r1 |-> <<>>]
/\ switchSentRecord = [r2 |-> {<<"v1", 2>>}, r3 |-> {}, r4 |-> {<<"v1", 2>>}, r1 |-> {}]
/\ state = [r2 |-> Leader, r3 |-> Follower, r4 |-> Follower, r1 |-> Switch]
/\ leaderCount = [r2 |-> 1, r3 |-> 0, r4 |-> 0, r1 |-> 0]
/\ entryCommitStats = <<>>
/\ commitIndex = [r2 |-> 0, r3 |-> 0, r4 |-> 0, r1 |-> 0]
/\ currentTerm = [r2 |-> 2, r3 |-> 2, r4 |-> 2, r1 |-> 2]
/\ votesResponded = [r2 |-> {"r3", "r4"}, r3 |-> {}, r4 |-> {}, r1 |-> {}]
/\ maxc = 2
/\ nextIndex = [ r2 |-> [r2 |-> 1, r3 |-> 1, r4 |-> 1, r1 |-> 1],
  r3 |-> [r2 |-> 1, r3 |-> 1, r4 |-> 1, r1 |-> 1],
  r4 |-> [r2 |-> 1, r3 |-> 1, r4 |-> 1, r1 |-> 1],
  r1 |-> [r2 |-> 1, r3 |-> 1, r4 |-> 1, r1 |-> 1] ]
/\ votesGranted = [r2 |-> {"r3", "r4"}, r3 |-> {}, r4 |-> {}, r1 |-> {}]
/\ switchBuffer = [ v1 |-> [term |-> 2, value |-> "v1", payload |-> "v1"],
  v2 |-> [term |-> 2, value |-> "v2", payload |-> "v2"] ]
/\ voterLog = [r2 |-> [r3 |-> <<>>, r4 |-> <<>>], r3 |-> << >>, r4 |-> << >>, r1 |-> << >>]
/\ votedFor = [r2 |-> Nil, r3 |-> "r2", r4 |-> "r2", r1 |-> Nil]
/\ unorderedRequests = [r2 |-> {"v1"}, r3 |-> {}, r4 |-> {"v1"}, r1 |-> {"v1", "v2"}]

@!@!@ENDMSG 2217 @!@!@
@!@!@STARTMSG 2217:4 @!@!@
6: <MySwitchNext line 531, col 7 to line 532, col 60 of module raft_0241865428>
/\ messages = <<>>
/\ matchIndex = [ r2 |-> [r2 |-> 0, r3 |-> 0, r4 |-> 0, r1 |-> 0],
  r3 |-> [r2 |-> 0, r3 |-> 0, r4 |-> 0, r1 |-> 0],
  r4 |-> [r2 |-> 0, r3 |-> 0, r4 |-> 0, r1 |-> 0],
  r1 |-> [r2 |-> 0, r3 |-> 0, r4 |-> 0, r1 |-> 0] ]
/\ log = [r2 |-> <<>>, r3 |-> <<>>, r4 |-> <<>>, r1 |-> <<>>]
/\ switchSentRecord = [r2 |-> {<<"v1", 2>>, <<"v2", 2>>}, r3 |-> {}, r4 |-> {<<"v1", 2>>}, r1 |-> {}]
/\ state = [r2 |-> Leader, r3 |-> Follower, r4 |-> Follower, r1 |-> Switch]
/\ leaderCount = [r2 |-> 1, r3 |-> 0, r4 |-> 0, r1 |-> 0]
/\ entryCommitStats = <<>>
/\ commitIndex = [r2 |-> 0, r3 |-> 0, r4 |-> 0, r1 |-> 0]
/\ currentTerm = [r2 |-> 2, r3 |-> 2, r4 |-> 2, r1 |-> 2]
/\ votesResponded = [r2 |-> {"r3", "r4"}, r3 |-> {}, r4 |-> {}, r1 |-> {}]
/\ maxc = 2
/\ nextIndex = [ r2 |-> [r2 |-> 1, r3 |-> 1, r4 |-> 1, r1 |-> 1],
  r3 |-> [r2 |-> 1, r3 |-> 1, r4 |-> 1, r1 |-> 1],
  r4 |-> [r2 |-> 1, r3 |-> 1, r4 |-> 1, r1 |-> 1],
  r1 |-> [r2 |-> 1, r3 |-> 1, r4 |-> 1, r1 |-> 1] ]
/\ votesGranted = [r2 |-> {"r3", "r4"}, r3 |-> {}, r4 |-> {}, r1 |-> {}]
/\ switchBuffer = [ v1 |-> [term |-> 2, value |-> "v1", payload |-> "v1"],
  v2 |-> [term |-> 2, value |-> "v2", payload |-> "v2"] ]
/\ voterLog = [r2 |-> [r3 |-> <<>>, r4 |-> <<>>], r3 |-> << >>, r4 |-> << >>, r1 |-> << >>]
/\ votedFor = [r2 |-> Nil, r3 |-> "r2", r4 |-> "r2", r1 |-> Nil]
/\ unorderedRequests = [r2 |-> {"v1", "v2"}, r3 |-> {}, r4 |-> {"v1"}, r1 |-> {"v1", "v2"}]

@!@!@ENDMSG 2217 @!@!@
@!@!@STARTMSG 2217:4 @!@!@
7: <MySwitchNext line 531, col 7 to line 532, col 60 of module raft_0241865428>
/\ messages = <<>>
/\ matchIndex = [ r2 |-> [r2 |-> 0, r3 |-> 0, r4 |-> 0, r1 |-> 0],
  r3 |-> [r2 |-> 0, r3 |-> 0, r4 |-> 0, r1 |-> 0],
  r4 |-> [r2 |-> 0, r3 |-> 0, r4 |-> 0, r1 |-> 0],
  r1 |-> [r2 |-> 0, r3 |-> 0, r4 |-> 0, r1 |-> 0] ]
/\ log = [r2 |-> <<>>, r3 |-> <<>>, r4 |-> <<>>, r1 |-> <<>>]
/\ switchSentRecord = [ r2 |-> {<<"v1", 2>>, <<"v2", 2>>},
  r3 |-> {<<"v1", 2>>},
  r4 |-> {<<"v1", 2>>},
  r1 |-> {} ]
/\ state = [r2 |-> Leader, r3 |-> Follower, r4 |-> Follower, r1 |-> Switch]
/\ leaderCount = [r2 |-> 1, r3 |-> 0, r4 |-> 0, r1 |-> 0]
/\ entryCommitStats = <<>>
/\ commitIndex = [r2 |-> 0, r3 |-> 0, r4 |-> 0, r1 |-> 0]
/\ currentTerm = [r2 |-> 2, r3 |-> 2, r4 |-> 2, r1 |-> 2]
/\ votesResponded = [r2 |-> {"r3", "r4"}, r3 |-> {}, r4 |-> {}, r1 |-> {}]
/\ maxc = 2
/\ nextIndex = [ r2 |-> [r2 |-> 1, r3 |-> 1, r4 |-> 1, r1 |-> 1],
  r3 |-> [r2 |-> 1, r3 |-> 1, r4 |-> 1, r1 |-> 1],
  r4 |-> [r2 |-> 1, r3 |-> 1, r4 |-> 1, r1 |-> 1],
  r1 |-> [r2 |-> 1, r3 |-> 1, r4 |-> 1, r1 |-> 1] ]
/\ votesGranted = [r2 |-> {"r3", "r4"}, r3 |-> {}, r4 |-> {}, r1 |-> {}]
/\ switchBuffer = [ v1 |-> [term |-> 2, value |-> "v1", payload |-> "v1"],
  v2 |-> [term |-> 2, value |-> "v2", payload |-> "v2"] ]
/\ voterLog = [r2 |-> [r3 |-> <<>>, r4 |-> <<>>], r3 |-> << >>, r4 |-> << >>, r1 |-> << >>]
/\ votedFor = [r2 |-> Nil, r3 |-> "r2", r4 |-> "r2", r1 |-> Nil]
/\ unorderedRequests = [r2 |-> {"v1", "v2"}, r3 |-> {"v1"}, r4 |-> {"v1"}, r1 |-> {"v1", "v2"}]

@!@!@ENDMSG 2217 @!@!@
@!@!@STARTMSG 2217:4 @!@!@
8: <MySwitchNext line 531, col 7 to line 532, col 60 of module raft_0241865428>
/\ messages = <<>>
/\ matchIndex = [ r2 |-> [r2 |-> 0, r3 |-> 0, r4 |-> 0, r1 |-> 0],
  r3 |-> [r2 |-> 0, r3 |-> 0, r4 |-> 0, r1 |-> 0],
  r4 |-> [r2 |-> 0, r3 |-> 0, r4 |-> 0, r1 |-> 0],
  r1 |-> [r2 |-> 0, r3 |-> 0, r4 |-> 0, r1 |-> 0] ]
/\ log = [r2 |-> <<>>, r3 |-> <<>>, r4 |-> <<>>, r1 |-> <<>>]
/\ switchSentRecord = [ r2 |-> {<<"v1", 2>>, <<"v2", 2>>},
  r3 |-> {<<"v1", 2>>, <<"v2", 2>>},
  r4 |-> {<<"v1", 2>>},
  r1 |-> {} ]
/\ state = [r2 |-> Leader, r3 |-> Follower, r4 |-> Follower, r1 |-> Switch]
/\ leaderCount = [r2 |-> 1, r3 |-> 0, r4 |-> 0, r1 |-> 0]
/\ entryCommitStats = <<>>
/\ commitIndex = [r2 |-> 0, r3 |-> 0, r4 |-> 0, r1 |-> 0]
/\ currentTerm = [r2 |-> 2, r3 |-> 2, r4 |-> 2, r1 |-> 2]
/\ votesResponded = [r2 |-> {"r3", "r4"}, r3 |-> {}, r4 |-> {}, r1 |-> {}]
/\ maxc = 2
/\ nextIndex = [ r2 |-> [r2 |-> 1, r3 |-> 1, r4 |-> 1, r1 |-> 1],
  r3 |-> [r2 |-> 1, r3 |-> 1, r4 |-> 1, r1 |-> 1],
  r4 |-> [r2 |-> 1, r3 |-> 1, r4 |-> 1, r1 |-> 1],
  r1 |-> [r2 |-> 1, r3 |-> 1, r4 |-> 1, r1 |-> 1] ]
/\ votesGranted = [r2 |-> {"r3", "r4"}, r3 |-> {}, r4 |-> {}, r1 |-> {}]
/\ switchBuffer = [ v1 |-> [term |-> 2, value |-> "v1", payload |-> "v1"],
  v2 |-> [term |-> 2, value |-> "v2", payload |-> "v2"] ]
/\ voterLog = [r2 |-> [r3 |-> <<>>, r4 |-> <<>>], r3 |-> << >>, r4 |-> << >>, r1 |-> << >>]
/\ votedFor = [r2 |-> Nil, r3 |-> "r2", r4 |-> "r2", r1 |-> Nil]
/\ unorderedRequests = [r2 |-> {"v1", "v2"}, r3 |-> {"v1", "v2"}, r4 |-> {"v1"}, r1 |-> {"v1", "v2"}]

@!@!@ENDMSG 2217 @!@!@
@!@!@STARTMSG 2217:4 @!@!@
9: <MySwitchNext line 531, col 7 to line 532, col 60 of module raft_0241865428>
/\ messages = <<>>
/\ matchIndex = [ r2 |-> [r2 |-> 0, r3 |-> 0, r4 |-> 0, r1 |-> 0],
  r3 |-> [r2 |-> 0, r3 |-> 0, r4 |-> 0, r1 |-> 0],
  r4 |-> [r2 |-> 0, r3 |-> 0, r4 |-> 0, r1 |-> 0],
  r1 |-> [r2 |-> 0, r3 |-> 0, r4 |-> 0, r1 |-> 0] ]
/\ log = [r2 |-> <<>>, r3 |-> <<>>, r4 |-> <<>>, r1 |-> <<>>]
/\ switchSentRecord = [ r2 |-> {<<"v1", 2>>, <<"v2", 2>>},
  r3 |-> {<<"v1", 2>>, <<"v2", 2>>},
  r4 |-> {<<"v1", 2>>, <<"v2", 2>>},
  r1 |-> {} ]
/\ state = [r2 |-> Leader, r3 |-> Follower, r4 |-> Follower, r1 |-> Switch]
/\ leaderCount = [r2 |-> 1, r3 |-> 0, r4 |-> 0, r1 |-> 0]
/\ entryCommitStats = <<>>
/\ commitIndex = [r2 |-> 0, r3 |-> 0, r4 |-> 0, r1 |-> 0]
/\ currentTerm = [r2 |-> 2, r3 |-> 2, r4 |-> 2, r1 |-> 2]
/\ votesResponded = [r2 |-> {"r3", "r4"}, r3 |-> {}, r4 |-> {}, r1 |-> {}]
/\ maxc = 2
/\ nextIndex = [ r2 |-> [r2 |-> 1, r3 |-> 1, r4 |-> 1, r1 |-> 1],
  r3 |-> [r2 |-> 1, r3 |-> 1, r4 |-> 1, r1 |-> 1],
  r4 |-> [r2 |-> 1, r3 |-> 1, r4 |-> 1, r1 |-> 1],
  r1 |-> [r2 |-> 1, r3 |-> 1, r4 |-> 1, r1 |-> 1] ]
/\ votesGranted = [r2 |-> {"r3", "r4"}, r3 |-> {}, r4 |-> {}, r1 |-> {}]
/\ switchBuffer = [ v1 |-> [term |-> 2, value |-> "v1", payload |-> "v1"],
  v2 |-> [term |-> 2, value |-> "v2", payload |-> "v2"] ]
/\ voterLog = [r2 |-> [r3 |-> <<>>, r4 |-> <<>>], r3 |-> << >>, r4 |-> << >>, r1 |-> << >>]
/\ votedFor = [r2 |-> Nil, r3 |-> "r2", r4 |-> "r2", r1 |-> Nil]
/\ unorderedRequests = [ r2 |-> {"v1", "v2"},
  r3 |-> {"v1", "v2"},
  r4 |-> {"v1", "v2"},
  r1 |-> {"v1", "v2"} ]

@!@!@ENDMSG 2217 @!@!@
@!@!@STARTMSG 2217:4 @!@!@
10: <MySwitchNext line 533, col 7 to line 534, col 67 of module raft_0241865428>
/\ messages = <<>>
/\ matchIndex = [ r2 |-> [r2 |-> 0, r3 |-> 0, r4 |-> 0, r1 |-> 0],
  r3 |-> [r2 |-> 0, r3 |-> 0, r4 |-> 0, r1 |-> 0],
  r4 |-> [r2 |-> 0, r3 |-> 0, r4 |-> 0, r1 |-> 0],
  r1 |-> [r2 |-> 0, r3 |-> 0, r4 |-> 0, r1 |-> 0] ]
/\ log = [r2 |-> <<[term |-> 2, value |-> "v1"]>>, r3 |-> <<>>, r4 |-> <<>>, r1 |-> <<>>]
/\ switchSentRecord = [ r2 |-> {<<"v1", 2>>, <<"v2", 2>>},
  r3 |-> {<<"v1", 2>>, <<"v2", 2>>},
  r4 |-> {<<"v1", 2>>, <<"v2", 2>>},
  r1 |-> {} ]
/\ state = [r2 |-> Leader, r3 |-> Follower, r4 |-> Follower, r1 |-> Switch]
/\ leaderCount = [r2 |-> 1, r3 |-> 0, r4 |-> 0, r1 |-> 0]
/\ entryCommitStats = (<<1, 2>> :> [sentCount |-> 0, ackCount |-> 0, committed |-> FALSE])
/\ commitIndex = [r2 |-> 0, r3 |-> 0, r4 |-> 0, r1 |-> 0]
/\ currentTerm = [r2 |-> 2, r3 |-> 2, r4 |-> 2, r1 |-> 2]
/\ votesResponded = [r2 |-> {"r3", "r4"}, r3 |-> {}, r4 |-> {}, r1 |-> {}]
/\ maxc = 2
/\ nextIndex = [ r2 |-> [r2 |-> 1, r3 |-> 1, r4 |-> 1, r1 |-> 1],
  r3 |-> [r2 |-> 1, r3 |-> 1, r4 |-> 1, r1 |-> 1],
  r4 |-> [r2 |-> 1, r3 |-> 1, r4 |-> 1, r1 |-> 1],
  r1 |-> [r2 |-> 1, r3 |-> 1, r4 |-> 1, r1 |-> 1] ]
/\ votesGranted = [r2 |-> {"r3", "r4"}, r3 |-> {}, r4 |-> {}, r1 |-> {}]
/\ switchBuffer = [ v1 |-> [term |-> 2, value |-> "v1", payload |-> "v1"],
  v2 |-> [term |-> 2, value |-> "v2", payload |-> "v2"] ]
/\ voterLog = [r2 |-> [r3 |-> <<>>, r4 |-> <<>>], r3 |-> << >>, r4 |-> << >>, r1 |-> << >>]
/\ votedFor = [r2 |-> Nil, r3 |-> "r2", r4 |-> "r2", r1 |-> Nil]
/\ unorderedRequests = [r2 |-> {"v2"}, r3 |-> {"v1", "v2"}, r4 |-> {"v1", "v2"}, r1 |-> {"v1", "v2"}]

@!@!@ENDMSG 2217 @!@!@
@!@!@STARTMSG 2217:4 @!@!@
11: <MySwitchNext line 533, col 7 to line 534, col 67 of module raft_0241865428>
/\ messages = <<>>
/\ matchIndex = [ r2 |-> [r2 |-> 0, r3 |-> 0, r4 |-> 0, r1 |-> 0],
  r3 |-> [r2 |-> 0, r3 |-> 0, r4 |-> 0, r1 |-> 0],
  r4 |-> [r2 |-> 0, r3 |-> 0, r4 |-> 0, r1 |-> 0],
  r1 |-> [r2 |-> 0, r3 |-> 0, r4 |-> 0, r1 |-> 0] ]
/\ log = [ r2 |-> <<[term |-> 2, value |-> "v1"], [term |-> 2, value |-> "v2"]>>,
  r3 |-> <<>>,
  r4 |-> <<>>,
  r1 |-> <<>> ]
/\ switchSentRecord = [ r2 |-> {<<"v1", 2>>, <<"v2", 2>>},
  r3 |-> {<<"v1", 2>>, <<"v2", 2>>},
  r4 |-> {<<"v1", 2>>, <<"v2", 2>>},
  r1 |-> {} ]
/\ state = [r2 |-> Leader, r3 |-> Follower, r4 |-> Follower, r1 |-> Switch]
/\ leaderCount = [r2 |-> 1, r3 |-> 0, r4 |-> 0, r1 |-> 0]
/\ entryCommitStats = ( <<1, 2>> :> [sentCount |-> 0, ackCount |-> 0, committed |-> FALSE] @@
  <<2, 2>> :> [sentCount |-> 0, ackCount |-> 0, committed |-> FALSE] )
/\ commitIndex = [r2 |-> 0, r3 |-> 0, r4 |-> 0, r1 |-> 0]
/\ currentTerm = [r2 |-> 2, r3 |-> 2, r4 |-> 2, r1 |-> 2]
/\ votesResponded = [r2 |-> {"r3", "r4"}, r3 |-> {}, r4 |-> {}, r1 |-> {}]
/\ maxc = 2
/\ nextIndex = [ r2 |-> [r2 |-> 1, r3 |-> 1, r4 |-> 1, r1 |-> 1],
  r3 |-> [r2 |-> 1, r3 |-> 1, r4 |-> 1, r1 |-> 1],
  r4 |-> [r2 |-> 1, r3 |-> 1, r4 |-> 1, r1 |-> 1],
  r1 |-> [r2 |-> 1, r3 |-> 1, r4 |-> 1, r1 |-> 1] ]
/\ votesGranted = [r2 |-> {"r3", "r4"}, r3 |-> {}, r4 |-> {}, r1 |-> {}]
/\ switchBuffer = [ v1 |-> [term |-> 2, value |-> "v1", payload |-> "v1"],
  v2 |-> [term |-> 2, value |-> "v2", payload |-> "v2"] ]
/\ voterLog = [r2 |-> [r3 |-> <<>>, r4 |-> <<>>], r3 |-> << >>, r4 |-> << >>, r1 |-> << >>]
/\ votedFor = [r2 |-> Nil, r3 |-> "r2", r4 |-> "r2", r1 |-> Nil]
/\ unorderedRequests = [r2 |-> {}, r3 |-> {"v1", "v2"}, r4 |-> {"v1", "v2"}, r1 |-> {"v1", "v2"}]

@!@!@ENDMSG 2217 @!@!@
@!@!@STARTMSG 2217:4 @!@!@
12: <MySwitchNext line 536, col 35 to line 536, col 75 of module raft_0241865428>
/\ messages = ( [ mtype |-> AppendEntriesRequest,
    mterm |-> 2,
    msource |-> "r2",
    mdest |-> "r4",
    mprevLogIndex |-> 0,
    mprevLogTerm |-> 0,
    mentries |-> <<[term |-> 2, value |-> "v1"]>>,
    mlog |-> <<[term |-> 2, value |-> "v1"], [term |-> 2, value |-> "v2"]>>,
    mcommitIndex |-> 0 ] :>
      1 )
/\ matchIndex = [ r2 |-> [r2 |-> 0, r3 |-> 0, r4 |-> 0, r1 |-> 0],
  r3 |-> [r2 |-> 0, r3 |-> 0, r4 |-> 0, r1 |-> 0],
  r4 |-> [r2 |-> 0, r3 |-> 0, r4 |-> 0, r1 |-> 0],
  r1 |-> [r2 |-> 0, r3 |-> 0, r4 |-> 0, r1 |-> 0] ]
/\ log = [ r2 |-> <<[term |-> 2, value |-> "v1"], [term |-> 2, value |-> "v2"]>>,
  r3 |-> <<>>,
  r4 |-> <<>>,
  r1 |-> <<>> ]
/\ switchSentRecord = [ r2 |-> {<<"v1", 2>>, <<"v2", 2>>},
  r3 |-> {<<"v1", 2>>, <<"v2", 2>>},
  r4 |-> {<<"v1", 2>>, <<"v2", 2>>},
  r1 |-> {} ]
/\ state = [r2 |-> Leader, r3 |-> Follower, r4 |-> Follower, r1 |-> Switch]
/\ leaderCount = [r2 |-> 1, r3 |-> 0, r4 |-> 0, r1 |-> 0]
/\ entryCommitStats = ( <<1, 2>> :> [sentCount |-> 1, ackCount |-> 0, committed |-> FALSE] @@
  <<2, 2>> :> [sentCount |-> 0, ackCount |-> 0, committed |-> FALSE] )
/\ commitIndex = [r2 |-> 0, r3 |-> 0, r4 |-> 0, r1 |-> 0]
/\ currentTerm = [r2 |-> 2, r3 |-> 2, r4 |-> 2, r1 |-> 2]
/\ votesResponded = [r2 |-> {"r3", "r4"}, r3 |-> {}, r4 |-> {}, r1 |-> {}]
/\ maxc = 2
/\ nextIndex = [ r2 |-> [r2 |-> 1, r3 |-> 1, r4 |-> 1, r1 |-> 1],
  r3 |-> [r2 |-> 1, r3 |-> 1, r4 |-> 1, r1 |-> 1],
  r4 |-> [r2 |-> 1, r3 |-> 1, r4 |-> 1, r1 |-> 1],
  r1 |-> [r2 |-> 1, r3 |-> 1, r4 |-> 1, r1 |-> 1] ]
/\ votesGranted = [r2 |-> {"r3", "r4"}, r3 |-> {}, r4 |-> {}, r1 |-> {}]
/\ switchBuffer = [ v1 |-> [term |-> 2, value |-> "v1", payload |-> "v1"],
  v2 |-> [term |-> 2, value |-> "v2", payload |-> "v2"] ]
/\ voterLog = [r2 |-> [r3 |-> <<>>, r4 |-> <<>>], r3 |-> << >>, r4 |-> << >>, r1 |-> << >>]
/\ votedFor = [r2 |-> Nil, r3 |-> "r2", r4 |-> "r2", r1 |-> Nil]
/\ unorderedRequests = [r2 |-> {}, r3 |-> {"v1", "v2"}, r4 |-> {"v1", "v2"}, r1 |-> {"v1", "v2"}]

@!@!@ENDMSG 2217 @!@!@
@!@!@STARTMSG 2217:4 @!@!@
13: <MySwitchNext line 537, col 7 to line 540, col 17 of module raft_0241865428>
/\ messages = ( [ mtype |-> AppendEntriesResponse,
    mterm |-> 2,
    msource |-> "r4",
    mdest |-> "r2",
    msuccess |-> TRUE,
    mmatchIndex |-> 1 ] :>
      1 @@
  [ mtype |-> AppendEntriesRequest,
    mterm |-> 2,
    msource |-> "r2",
    mdest |-> "r4",
    mprevLogIndex |-> 0,
    mprevLogTerm |-> 0,
    mentries |-> <<[term |-> 2, value |-> "v1"]>>,
    mlog |-> <<[term |-> 2, value |-> "v1"], [term |-> 2, value |-> "v2"]>>,
    mcommitIndex |-> 0 ] :>
      0 )
/\ matchIndex = [ r2 |-> [r2 |-> 0, r3 |-> 0, r4 |-> 0, r1 |-> 0],
  r3 |-> [r2 |-> 0, r3 |-> 0, r4 |-> 0, r1 |-> 0],
  r4 |-> [r2 |-> 0, r3 |-> 0, r4 |-> 0, r1 |-> 0],
  r1 |-> [r2 |-> 0, r3 |-> 0, r4 |-> 0, r1 |-> 0] ]
/\ log = [ r2 |-> <<[term |-> 2, value |-> "v1"], [term |-> 2, value |-> "v2"]>>,
  r3 |-> <<>>,
  r4 |-> <<[term |-> 2, value |-> "v1"]>>,
  r1 |-> <<>> ]
/\ switchSentRecord = [ r2 |-> {<<"v1", 2>>, <<"v2", 2>>},
  r3 |-> {<<"v1", 2>>, <<"v2", 2>>},
  r4 |-> {<<"v1", 2>>, <<"v2", 2>>},
  r1 |-> {} ]
/\ state = [r2 |-> Leader, r3 |-> Follower, r4 |-> Follower, r1 |-> Switch]
/\ leaderCount = [r2 |-> 1, r3 |-> 0, r4 |-> 0, r1 |-> 0]
/\ entryCommitStats = ( <<1, 2>> :> [sentCount |-> 1, ackCount |-> 0, committed |-> FALSE] @@
  <<2, 2>> :> [sentCount |-> 0, ackCount |-> 0, committed |-> FALSE] )
/\ commitIndex = [r2 |-> 0, r3 |-> 0, r4 |-> 0, r1 |-> 0]
/\ currentTerm = [r2 |-> 2, r3 |-> 2, r4 |-> 2, r1 |-> 2]
/\ votesResponded = [r2 |-> {"r3", "r4"}, r3 |-> {}, r4 |-> {}, r1 |-> {}]
/\ maxc = 2
/\ nextIndex = [ r2 |-> [r2 |-> 1, r3 |-> 1, r4 |-> 1, r1 |-> 1],
  r3 |-> [r2 |-> 1, r3 |-> 1, r4 |-> 1, r1 |-> 1],
  r4 |-> [r2 |-> 1, r3 |-> 1, r4 |-> 1, r1 |-> 1],
  r1 |-> [r2 |-> 1, r3 |-> 1, r4 |-> 1, r1 |-> 1] ]
/\ votesGranted = [r2 |-> {"r3", "r4"}, r3 |-> {}, r4 |-> {}, r1 |-> {}]
/\ switchBuffer = [ v1 |-> [term |-> 2, value |-> "v1", payload |-> "v1"],
  v2 |-> [term |-> 2, value |-> "v2", payload |-> "v2"] ]
/\ voterLog = [r2 |-> [r3 |-> <<>>, r4 |-> <<>>], r3 |-> << >>, r4 |-> << >>, r1 |-> << >>]
/\ votedFor = [r2 |-> Nil, r3 |-> "r2", r4 |-> "r2", r1 |-> Nil]
/\ unorderedRequests = [r2 |-> {}, r3 |-> {"v1", "v2"}, r4 |-> {"v2"}, r1 |-> {"v1", "v2"}]

@!@!@ENDMSG 2217 @!@!@
@!@!@STARTMSG 2217:4 @!@!@
14: <MySwitchNext line 536, col 35 to line 536, col 75 of module raft_0241865428>
/\ messages = ( [ mtype |-> AppendEntriesResponse,
    mterm |-> 2,
    msource |-> "r4",
    mdest |-> "r2",
    msuccess |-> TRUE,
    mmatchIndex |-> 1 ] :>
      1 @@
  [ mtype |-> AppendEntriesRequest,
    mterm |-> 2,
    msource |-> "r2",
    mdest |-> "r3",
    mprevLogIndex |-> 0,
    mprevLogTerm |-> 0,
    mentries |-> <<[term |-> 2, value |-> "v1"]>>,
    mlog |-> <<[term |-> 2, value |-> "v1"], [term |-> 2, value |-> "v2"]>>,
    mcommitIndex |-> 0 ] :>
      1 @@
  [ mtype |-> AppendEntriesRequest,
    mterm |-> 2,
    msource |-> "r2",
    mdest |-> "r4",
    mprevLogIndex |-> 0,
    mprevLogTerm |-> 0,
    mentries |-> <<[term |-> 2, value |-> "v1"]>>,
    mlog |-> <<[term |-> 2, value |-> "v1"], [term |-> 2, value |-> "v2"]>>,
    mcommitIndex |-> 0 ] :>
      0 )
/\ matchIndex = [ r2 |-> [r2 |-> 0, r3 |-> 0, r4 |-> 0, r1 |-> 0],
  r3 |-> [r2 |-> 0, r3 |-> 0, r4 |-> 0, r1 |-> 0],
  r4 |-> [r2 |-> 0, r3 |-> 0, r4 |-> 0, r1 |-> 0],
  r1 |-> [r2 |-> 0, r3 |-> 0, r4 |-> 0, r1 |-> 0] ]
/\ log = [ r2 |-> <<[term |-> 2, value |-> "v1"], [term |-> 2, value |-> "v2"]>>,
  r3 |-> <<>>,
  r4 |-> <<[term |-> 2, value |-> "v1"]>>,
  r1 |-> <<>> ]
/\ switchSentRecord = [ r2 |-> {<<"v1", 2>>, <<"v2", 2>>},
  r3 |-> {<<"v1", 2>>, <<"v2", 2>>},
  r4 |-> {<<"v1", 2>>, <<"v2", 2>>},
  r1 |-> {} ]
/\ state = [r2 |-> Leader, r3 |-> Follower, r4 |-> Follower, r1 |-> Switch]
/\ leaderCount = [r2 |-> 1, r3 |-> 0, r4 |-> 0, r1 |-> 0]
/\ entryCommitStats = ( <<1, 2>> :> [sentCount |-> 2, ackCount |-> 0, committed |-> FALSE] @@
  <<2, 2>> :> [sentCount |-> 0, ackCount |-> 0, committed |-> FALSE] )
/\ commitIndex = [r2 |-> 0, r3 |-> 0, r4 |-> 0, r1 |-> 0]
/\ currentTerm = [r2 |-> 2, r3 |-> 2, r4 |-> 2, r1 |-> 2]
/\ votesResponded = [r2 |-> {"r3", "r4"}, r3 |-> {}, r4 |-> {}, r1 |-> {}]
/\ maxc = 2
/\ nextIndex = [ r2 |-> [r2 |-> 1, r3 |-> 1, r4 |-> 1, r1 |-> 1],
  r3 |-> [r2 |-> 1, r3 |-> 1, r4 |-> 1, r1 |-> 1],
  r4 |-> [r2 |-> 1, r3 |-> 1, r4 |-> 1, r1 |-> 1],
  r1 |-> [r2 |-> 1, r3 |-> 1, r4 |-> 1, r1 |-> 1] ]
/\ votesGranted = [r2 |-> {"r3", "r4"}, r3 |-> {}, r4 |-> {}, r1 |-> {}]
/\ switchBuffer = [ v1 |-> [term |-> 2, value |-> "v1", payload |-> "v1"],
  v2 |-> [term |-> 2, value |-> "v2", payload |-> "v2"] ]
/\ voterLog = [r2 |-> [r3 |-> <<>>, r4 |-> <<>>], r3 |-> << >>, r4 |-> << >>, r1 |-> << >>]
/\ votedFor = [r2 |-> Nil, r3 |-> "r2", r4 |-> "r2", r1 |-> Nil]
/\ unorderedRequests = [r2 |-> {}, r3 |-> {"v1", "v2"}, r4 |-> {"v2"}, r1 |-> {"v1", "v2"}]

@!@!@ENDMSG 2217 @!@!@
@!@!@STARTMSG 2217:4 @!@!@
15: <MySwitchNext line 537, col 7 to line 540, col 17 of module raft_0241865428>
/\ messages = ( [ mtype |-> AppendEntriesResponse,
    mterm |-> 2,
    msource |-> "r4",
    mdest |-> "r2",
    msuccess |-> TRUE,
    mmatchIndex |-> 1 ] :>
      0 @@
  [ mtype |-> AppendEntriesRequest,
    mterm |-> 2,
    msource |-> "r2",
    mdest |-> "r3",
    mprevLogIndex |-> 0,
    mprevLogTerm |-> 0,
    mentries |-> <<[term |-> 2, value |-> "v1"]>>,
    mlog |-> <<[term |-> 2, value |-> "v1"], [term |-> 2, value |-> "v2"]>>,
    mcommitIndex |-> 0 ] :>
      1 @@
  [ mtype |-> AppendEntriesRequest,
    mterm |-> 2,
    msource |-> "r2",
    mdest |-> "r4",
    mprevLogIndex |-> 0,
    mprevLogTerm |-> 0,
    mentries |-> <<[term |-> 2, value |-> "v1"]>>,
    mlog |-> <<[term |-> 2, value |-> "v1"], [term |-> 2, value |-> "v2"]>>,
    mcommitIndex |-> 0 ] :>
      0 )
/\ matchIndex = [ r2 |-> [r2 |-> 0, r3 |-> 0, r4 |-> 1, r1 |-> 0],
  r3 |-> [r2 |-> 0, r3 |-> 0, r4 |-> 0, r1 |-> 0],
  r4 |-> [r2 |-> 0, r3 |-> 0, r4 |-> 0, r1 |-> 0],
  r1 |-> [r2 |-> 0, r3 |-> 0, r4 |-> 0, r1 |-> 0] ]
/\ log = [ r2 |-> <<[term |-> 2, value |-> "v1"], [term |-> 2, value |-> "v2"]>>,
  r3 |-> <<>>,
  r4 |-> <<[term |-> 2, value |-> "v1"]>>,
  r1 |-> <<>> ]
/\ switchSentRecord = [ r2 |-> {<<"v1", 2>>, <<"v2", 2>>},
  r3 |-> {<<"v1", 2>>, <<"v2", 2>>},
  r4 |-> {<<"v1", 2>>, <<"v2", 2>>},
  r1 |-> {} ]
/\ state = [r2 |-> Leader, r3 |-> Follower, r4 |-> Follower, r1 |-> Switch]
/\ leaderCount = [r2 |-> 1, r3 |-> 0, r4 |-> 0, r1 |-> 0]
/\ entryCommitStats = ( <<1, 2>> :> [sentCount |-> 2, ackCount |-> 1, committed |-> FALSE] @@
  <<2, 2>> :> [sentCount |-> 0, ackCount |-> 0, committed |-> FALSE] )
/\ commitIndex = [r2 |-> 0, r3 |-> 0, r4 |-> 0, r1 |-> 0]
/\ currentTerm = [r2 |-> 2, r3 |-> 2, r4 |-> 2, r1 |-> 2]
/\ votesResponded = [r2 |-> {"r3", "r4"}, r3 |-> {}, r4 |-> {}, r1 |-> {}]
/\ maxc = 2
/\ nextIndex = [ r2 |-> [r2 |-> 1, r3 |-> 1, r4 |-> 2, r1 |-> 1],
  r3 |-> [r2 |-> 1, r3 |-> 1, r4 |-> 1, r1 |-> 1],
  r4 |-> [r2 |-> 1, r3 |-> 1, r4 |-> 1, r1 |-> 1],
  r1 |-> [r2 |-> 1, r3 |-> 1, r4 |-> 1, r1 |-> 1] ]
/\ votesGranted = [r2 |-> {"r3", "r4"}, r3 |-> {}, r4 |-> {}, r1 |-> {}]
/\ switchBuffer = [ v1 |-> [term |-> 2, value |-> "v1", payload |-> "v1"],
  v2 |-> [term |-> 2, value |-> "v2", payload |-> "v2"] ]
/\ voterLog = [r2 |-> [r3 |-> <<>>, r4 |-> <<>>], r3 |-> << >>, r4 |-> << >>, r1 |-> << >>]
/\ votedFor = [r2 |-> Nil, r3 |-> "r2", r4 |-> "r2", r1 |-> Nil]
/\ unorderedRequests = [r2 |-> {}, r3 |-> {"v1", "v2"}, r4 |-> {"v2"}, r1 |-> {"v1", "v2"}]

@!@!@ENDMSG 2217 @!@!@
@!@!@STARTMSG 2217:4 @!@!@
16: <AdvanceCommitIndex line 291, col 5 to line 306, col 119 of module raft_0241865428>
/\ messages = ( [ mtype |-> AppendEntriesResponse,
    mterm |-> 2,
    msource |-> "r4",
    mdest |-> "r2",
    msuccess |-> TRUE,
    mmatchIndex |-> 1 ] :>
      0 @@
  [ mtype |-> AppendEntriesRequest,
    mterm |-> 2,
    msource |-> "r2",
    mdest |-> "r3",
    mprevLogIndex |-> 0,
    mprevLogTerm |-> 0,
    mentries |-> <<[term |-> 2, value |-> "v1"]>>,
    mlog |-> <<[term |-> 2, value |-> "v1"], [term |-> 2, value |-> "v2"]>>,
    mcommitIndex |-> 0 ] :>
      1 @@
  [ mtype |-> AppendEntriesRequest,
    mterm |-> 2,
    msource |-> "r2",
    mdest |-> "r4",
    mprevLogIndex |-> 0,
    mprevLogTerm |-> 0,
    mentries |-> <<[term |-> 2, value |-> "v1"]>>,
    mlog |-> <<[term |-> 2, value |-> "v1"], [term |-> 2, value |-> "v2"]>>,
    mcommitIndex |-> 0 ] :>
      0 )
/\ matchIndex = [ r2 |-> [r2 |-> 0, r3 |-> 0, r4 |-> 1, r1 |-> 0],
  r3 |-> [r2 |-> 0, r3 |-> 0, r4 |-> 0, r1 |-> 0],
  r4 |-> [r2 |-> 0, r3 |-> 0, r4 |-> 0, r1 |-> 0],
  r1 |-> [r2 |-> 0, r3 |-> 0, r4 |-> 0, r1 |-> 0] ]
/\ log = [ r2 |-> <<[term |-> 2, value |-> "v1"], [term |-> 2, value |-> "v2"]>>,
  r3 |-> <<>>,
  r4 |-> <<[term |-> 2, value |-> "v1"]>>,
  r1 |-> <<>> ]
/\ switchSentRecord = [ r2 |-> {<<"v1", 2>>, <<"v2", 2>>},
  r3 |-> {<<"v1", 2>>, <<"v2", 2>>},
  r4 |-> {<<"v1", 2>>, <<"v2", 2>>},
  r1 |-> {} ]
/\ state = [r2 |-> Leader, r3 |-> Follower, r4 |-> Follower, r1 |-> Switch]
/\ leaderCount = [r2 |-> 1, r3 |-> 0, r4 |-> 0, r1 |-> 0]
/\ entryCommitStats = ( <<1, 2>> :> [sentCount |-> 2, ackCount |-> 1, committed |-> TRUE] @@
  <<2, 2>> :> [sentCount |-> 0, ackCount |-> 0, committed |-> FALSE] )
/\ commitIndex = [r2 |-> 1, r3 |-> 0, r4 |-> 0, r1 |-> 0]
/\ currentTerm = [r2 |-> 2, r3 |-> 2, r4 |-> 2, r1 |-> 2]
/\ votesResponded = [r2 |-> {"r3", "r4"}, r3 |-> {}, r4 |-> {}, r1 |-> {}]
/\ maxc = 2
/\ nextIndex = [ r2 |-> [r2 |-> 1, r3 |-> 1, r4 |-> 2, r1 |-> 1],
  r3 |-> [r2 |-> 1, r3 |-> 1, r4 |-> 1, r1 |-> 1],
  r4 |-> [r2 |-> 1, r3 |-> 1, r4 |-> 1, r1 |-> 1],
  r1 |-> [r2 |-> 1, r3 |-> 1, r4 |-> 1, r1 |-> 1] ]
/\ votesGranted = [r2 |-> {"r3", "r4"}, r3 |-> {}, r4 |-> {}, r1 |-> {}]
/\ switchBuffer = [ v1 |-> [term |-> 2, value |-> "v1", payload |-> "v1"],
  v2 |-> [term |-> 2, value |-> "v2", payload |-> "v2"] ]
/\ voterLog = [r2 |-> [r3 |-> <<>>, r4 |-> <<>>], r3 |-> << >>, r4 |-> << >>, r1 |-> << >>]
/\ votedFor = [r2 |-> Nil, r3 |-> "r2", r4 |-> "r2", r1 |-> Nil]
/\ unorderedRequests = [r2 |-> {}, r3 |-> {"v1", "v2"}, r4 |-> {"v2"}, r1 |-> {"v1", "v2"}]

@!@!@ENDMSG 2217 @!@!@
@!@!@STARTMSG 2217:4 @!@!@
17: <MySwitchNext line 536, col 35 to line 536, col 75 of module raft_0241865428>
/\ messages = ( [ mtype |-> AppendEntriesResponse,
    mterm |-> 2,
    msource |-> "r4",
    mdest |-> "r2",
    msuccess |-> TRUE,
    mmatchIndex |-> 1 ] :>
      0 @@
  [ mtype |-> AppendEntriesRequest,
    mterm |-> 2,
    msource |-> "r2",
    mdest |-> "r3",
    mprevLogIndex |-> 0,
    mprevLogTerm |-> 0,
    mentries |-> <<[term |-> 2, value |-> "v1"]>>,
    mlog |-> <<[term |-> 2, value |-> "v1"], [term |-> 2, value |-> "v2"]>>,
    mcommitIndex |-> 0 ] :>
      1 @@
  [ mtype |-> AppendEntriesRequest,
    mterm |-> 2,
    msource |-> "r2",
    mdest |-> "r4",
    mprevLogIndex |-> 0,
    mprevLogTerm |-> 0,
    mentries |-> <<[term |-> 2, value |-> "v1"]>>,
    mlog |-> <<[term |-> 2, value |-> "v1"], [term |-> 2, value |-> "v2"]>>,
    mcommitIndex |-> 0 ] :>
      0 @@
  [ mtype |-> AppendEntriesRequest,
    mterm |-> 2,
    msource |-> "r2",
    mdest |-> "r4",
    mprevLogIndex |-> 1,
    mprevLogTerm |-> 2,
    mentries |-> <<[term |-> 2, value |-> "v2"]>>,
    mlog |-> <<[term |-> 2, value |-> "v1"], [term |-> 2, value |-> "v2"]>>,
    mcommitIndex |-> 1 ] :>
      1 )
/\ matchIndex = [ r2 |-> [r2 |-> 0, r3 |-> 0, r4 |-> 1, r1 |-> 0],
  r3 |-> [r2 |-> 0, r3 |-> 0, r4 |-> 0, r1 |-> 0],
  r4 |-> [r2 |-> 0, r3 |-> 0, r4 |-> 0, r1 |-> 0],
  r1 |-> [r2 |-> 0, r3 |-> 0, r4 |-> 0, r1 |-> 0] ]
/\ log = [ r2 |-> <<[term |-> 2, value |-> "v1"], [term |-> 2, value |-> "v2"]>>,
  r3 |-> <<>>,
  r4 |-> <<[term |-> 2, value |-> "v1"]>>,
  r1 |-> <<>> ]
/\ switchSentRecord = [ r2 |-> {<<"v1", 2>>, <<"v2", 2>>},
  r3 |-> {<<"v1", 2>>, <<"v2", 2>>},
  r4 |-> {<<"v1", 2>>, <<"v2", 2>>},
  r1 |-> {} ]
/\ state = [r2 |-> Leader, r3 |-> Follower, r4 |-> Follower, r1 |-> Switch]
/\ leaderCount = [r2 |-> 1, r3 |-> 0, r4 |-> 0, r1 |-> 0]
/\ entryCommitStats = ( <<1, 2>> :> [sentCount |-> 2, ackCount |-> 1, committed |-> TRUE] @@
  <<2, 2>> :> [sentCount |-> 1, ackCount |-> 0, committed |-> FALSE] )
/\ commitIndex = [r2 |-> 1, r3 |-> 0, r4 |-> 0, r1 |-> 0]
/\ currentTerm = [r2 |-> 2, r3 |-> 2, r4 |-> 2, r1 |-> 2]
/\ votesResponded = [r2 |-> {"r3", "r4"}, r3 |-> {}, r4 |-> {}, r1 |-> {}]
/\ maxc = 2
/\ nextIndex = [ r2 |-> [r2 |-> 1, r3 |-> 1, r4 |-> 2, r1 |-> 1],
  r3 |-> [r2 |-> 1, r3 |-> 1, r4 |-> 1, r1 |-> 1],
  r4 |-> [r2 |-> 1, r3 |-> 1, r4 |-> 1, r1 |-> 1],
  r1 |-> [r2 |-> 1, r3 |-> 1, r4 |-> 1, r1 |-> 1] ]
/\ votesGranted = [r2 |-> {"r3", "r4"}, r3 |-> {}, r4 |-> {}, r1 |-> {}]
/\ switchBuffer = [ v1 |-> [term |-> 2, value |-> "v1", payload |-> "v1"],
  v2 |-> [term |-> 2, value |-> "v2", payload |-> "v2"] ]
/\ voterLog = [r2 |-> [r3 |-> <<>>, r4 |-> <<>>], r3 |-> << >>, r4 |-> << >>, r1 |-> << >>]
/\ votedFor = [r2 |-> Nil, r3 |-> "r2", r4 |-> "r2", r1 |-> Nil]
/\ unorderedRequests = [r2 |-> {}, r3 |-> {"v1", "v2"}, r4 |-> {"v2"}, r1 |-> {"v1", "v2"}]

@!@!@ENDMSG 2217 @!@!@
@!@!@STARTMSG 2217:4 @!@!@
18: <MySwitchNext line 537, col 7 to line 540, col 17 of module raft_0241865428>
/\ messages = ( [ mtype |-> AppendEntriesResponse,
    mterm |-> 2,
    msource |-> "r3",
    mdest |-> "r2",
    msuccess |-> TRUE,
    mmatchIndex |-> 1 ] :>
      1 @@
  [ mtype |-> AppendEntriesResponse,
    mterm |-> 2,
    msource |-> "r4",
    mdest |-> "r2",
    msuccess |-> TRUE,
    mmatchIndex |-> 1 ] :>
      0 @@
  [ mtype |-> AppendEntriesRequest,
    mterm |-> 2,
    msource |-> "r2",
    mdest |-> "r3",
    mprevLogIndex |-> 0,
    mprevLogTerm |-> 0,
    mentries |-> <<[term |-> 2, value |-> "v1"]>>,
    mlog |-> <<[term |-> 2, value |-> "v1"], [term |-> 2, value |-> "v2"]>>,
    mcommitIndex |-> 0 ] :>
      0 @@
  [ mtype |-> AppendEntriesRequest,
    mterm |-> 2,
    msource |-> "r2",
    mdest |-> "r4",
    mprevLogIndex |-> 0,
    mprevLogTerm |-> 0,
    mentries |-> <<[term |-> 2, value |-> "v1"]>>,
    mlog |-> <<[term |-> 2, value |-> "v1"], [term |-> 2, value |-> "v2"]>>,
    mcommitIndex |-> 0 ] :>
      0 @@
  [ mtype |-> AppendEntriesRequest,
    mterm |-> 2,
    msource |-> "r2",
    mdest |-> "r4",
    mprevLogIndex |-> 1,
    mprevLogTerm |-> 2,
    mentries |-> <<[term |-> 2, value |-> "v2"]>>,
    mlog |-> <<[term |-> 2, value |-> "v1"], [term |-> 2, value |-> "v2"]>>,
    mcommitIndex |-> 1 ] :>
      1 )
/\ matchIndex = [ r2 |-> [r2 |-> 0, r3 |-> 0, r4 |-> 1, r1 |-> 0],
  r3 |-> [r2 |-> 0, r3 |-> 0, r4 |-> 0, r1 |-> 0],
  r4 |-> [r2 |-> 0, r3 |-> 0, r4 |-> 0, r1 |-> 0],
  r1 |-> [r2 |-> 0, r3 |-> 0, r4 |-> 0, r1 |-> 0] ]
/\ log = [ r2 |-> <<[term |-> 2, value |-> "v1"], [term |-> 2, value |-> "v2"]>>,
  r3 |-> <<[term |-> 2, value |-> "v1"]>>,
  r4 |-> <<[term |-> 2, value |-> "v1"]>>,
  r1 |-> <<>> ]
/\ switchSentRecord = [ r2 |-> {<<"v1", 2>>, <<"v2", 2>>},
  r3 |-> {<<"v1", 2>>, <<"v2", 2>>},
  r4 |-> {<<"v1", 2>>, <<"v2", 2>>},
  r1 |-> {} ]
/\ state = [r2 |-> Leader, r3 |-> Follower, r4 |-> Follower, r1 |-> Switch]
/\ leaderCount = [r2 |-> 1, r3 |-> 0, r4 |-> 0, r1 |-> 0]
/\ entryCommitStats = ( <<1, 2>> :> [sentCount |-> 2, ackCount |-> 1, committed |-> TRUE] @@
  <<2, 2>> :> [sentCount |-> 1, ackCount |-> 0, committed |-> FALSE] )
/\ commitIndex = [r2 |-> 1, r3 |-> 0, r4 |-> 0, r1 |-> 0]
/\ currentTerm = [r2 |-> 2, r3 |-> 2, r4 |-> 2, r1 |-> 2]
/\ votesResponded = [r2 |-> {"r3", "r4"}, r3 |-> {}, r4 |-> {}, r1 |-> {}]
/\ maxc = 2
/\ nextIndex = [ r2 |-> [r2 |-> 1, r3 |-> 1, r4 |-> 2, r1 |-> 1],
  r3 |-> [r2 |-> 1, r3 |-> 1, r4 |-> 1, r1 |-> 1],
  r4 |-> [r2 |-> 1, r3 |-> 1, r4 |-> 1, r1 |-> 1],
  r1 |-> [r2 |-> 1, r3 |-> 1, r4 |-> 1, r1 |-> 1] ]
/\ votesGranted = [r2 |-> {"r3", "r4"}, r3 |-> {}, r4 |-> {}, r1 |-> {}]
/\ switchBuffer = [ v1 |-> [term |-> 2, value |-> "v1", payload |-> "v1"],
  v2 |-> [term |-> 2, value |-> "v2", payload |-> "v2"] ]
/\ voterLog = [r2 |-> [r3 |-> <<>>, r4 |-> <<>>], r3 |-> << >>, r4 |-> << >>, r1 |-> << >>]
/\ votedFor = [r2 |-> Nil, r3 |-> "r2", r4 |-> "r2", r1 |-> Nil]
/\ unorderedRequests = [r2 |-> {}, r3 |-> {"v2"}, r4 |-> {"v2"}, r1 |-> {"v1", "v2"}]

@!@!@ENDMSG 2217 @!@!@
@!@!@STARTMSG 2217:4 @!@!@
19: <MySwitchNext line 537, col 7 to line 540, col 17 of module raft_0241865428>
/\ messages = ( [ mtype |-> AppendEntriesResponse,
    mterm |-> 2,
    msource |-> "r3",
    mdest |-> "r2",
    msuccess |-> TRUE,
    mmatchIndex |-> 1 ] :>
      0 @@
  [ mtype |-> AppendEntriesResponse,
    mterm |-> 2,
    msource |-> "r4",
    mdest |-> "r2",
    msuccess |-> TRUE,
    mmatchIndex |-> 1 ] :>
      0 @@
  [ mtype |-> AppendEntriesRequest,
    mterm |-> 2,
    msource |-> "r2",
    mdest |-> "r3",
    mprevLogIndex |-> 0,
    mprevLogTerm |-> 0,
    mentries |-> <<[term |-> 2, value |-> "v1"]>>,
    mlog |-> <<[term |-> 2, value |-> "v1"], [term |-> 2, value |-> "v2"]>>,
    mcommitIndex |-> 0 ] :>
      0 @@
  [ mtype |-> AppendEntriesRequest,
    mterm |-> 2,
    msource |-> "r2",
    mdest |-> "r4",
    mprevLogIndex |-> 0,
    mprevLogTerm |-> 0,
    mentries |-> <<[term |-> 2, value |-> "v1"]>>,
    mlog |-> <<[term |-> 2, value |-> "v1"], [term |-> 2, value |-> "v2"]>>,
    mcommitIndex |-> 0 ] :>
      0 @@
  [ mtype |-> AppendEntriesRequest,
    mterm |-> 2,
    msource |-> "r2",
    mdest |-> "r4",
    mprevLogIndex |-> 1,
    mprevLogTerm |-> 2,
    mentries |-> <<[term |-> 2, value |-> "v2"]>>,
    mlog |-> <<[term |-> 2, value |-> "v1"], [term |-> 2, value |-> "v2"]>>,
    mcommitIndex |-> 1 ] :>
      1 )
/\ matchIndex = [ r2 |-> [r2 |-> 0, r3 |-> 1, r4 |-> 1, r1 |-> 0],
  r3 |-> [r2 |-> 0, r3 |-> 0, r4 |-> 0, r1 |-> 0],
  r4 |-> [r2 |-> 0, r3 |-> 0, r4 |-> 0, r1 |-> 0],
  r1 |-> [r2 |-> 0, r3 |-> 0, r4 |-> 0, r1 |-> 0] ]
/\ log = [ r2 |-> <<[term |-> 2, value |-> "v1"], [term |-> 2, value |-> "v2"]>>,
  r3 |-> <<[term |-> 2, value |-> "v1"]>>,
  r4 |-> <<[term |-> 2, value |-> "v1"]>>,
  r1 |-> <<>> ]
/\ switchSentRecord = [ r2 |-> {<<"v1", 2>>, <<"v2", 2>>},
  r3 |-> {<<"v1", 2>>, <<"v2", 2>>},
  r4 |-> {<<"v1", 2>>, <<"v2", 2>>},
  r1 |-> {} ]
/\ state = [r2 |-> Leader, r3 |-> Follower, r4 |-> Follower, r1 |-> Switch]
/\ leaderCount = [r2 |-> 1, r3 |-> 0, r4 |-> 0, r1 |-> 0]
/\ entryCommitStats = ( <<1, 2>> :> [sentCount |-> 2, ackCount |-> 1, committed |-> TRUE] @@
  <<2, 2>> :> [sentCount |-> 1, ackCount |-> 0, committed |-> FALSE] )
/\ commitIndex = [r2 |-> 1, r3 |-> 0, r4 |-> 0, r1 |-> 0]
/\ currentTerm = [r2 |-> 2, r3 |-> 2, r4 |-> 2, r1 |-> 2]
/\ votesResponded = [r2 |-> {"r3", "r4"}, r3 |-> {}, r4 |-> {}, r1 |-> {}]
/\ maxc = 2
/\ nextIndex = [ r2 |-> [r2 |-> 1, r3 |-> 2, r4 |-> 2, r1 |-> 1],
  r3 |-> [r2 |-> 1, r3 |-> 1, r4 |-> 1, r1 |-> 1],
  r4 |-> [r2 |-> 1, r3 |-> 1, r4 |-> 1, r1 |-> 1],
  r1 |-> [r2 |-> 1, r3 |-> 1, r4 |-> 1, r1 |-> 1] ]
/\ votesGranted = [r2 |-> {"r3", "r4"}, r3 |-> {}, r4 |-> {}, r1 |-> {}]
/\ switchBuffer = [ v1 |-> [term |-> 2, value |-> "v1", payload |-> "v1"],
  v2 |-> [term |-> 2, value |-> "v2", payload |-> "v2"] ]
/\ voterLog = [r2 |-> [r3 |-> <<>>, r4 |-> <<>>], r3 |-> << >>, r4 |-> << >>, r1 |-> << >>]
/\ votedFor = [r2 |-> Nil, r3 |-> "r2", r4 |-> "r2", r1 |-> Nil]
/\ unorderedRequests = [r2 |-> {}, r3 |-> {"v2"}, r4 |-> {"v2"}, r1 |-> {"v1", "v2"}]

@!@!@ENDMSG 2217 @!@!@
@!@!@STARTMSG 2217:4 @!@!@
20: <MySwitchNext line 536, col 35 to line 536, col 75 of module raft_0241865428>
/\ messages = ( [ mtype |-> AppendEntriesResponse,
    mterm |-> 2,
    msource |-> "r3",
    mdest |-> "r2",
    msuccess |-> TRUE,
    mmatchIndex |-> 1 ] :>
      0 @@
  [ mtype |-> AppendEntriesResponse,
    mterm |-> 2,
    msource |-> "r4",
    mdest |-> "r2",
    msuccess |-> TRUE,
    mmatchIndex |-> 1 ] :>
      0 @@
  [ mtype |-> AppendEntriesRequest,
    mterm |-> 2,
    msource |-> "r2",
    mdest |-> "r3",
    mprevLogIndex |-> 0,
    mprevLogTerm |-> 0,
    mentries |-> <<[term |-> 2, value |-> "v1"]>>,
    mlog |-> <<[term |-> 2, value |-> "v1"], [term |-> 2, value |-> "v2"]>>,
    mcommitIndex |-> 0 ] :>
      0 @@
  [ mtype |-> AppendEntriesRequest,
    mterm |-> 2,
    msource |-> "r2",
    mdest |-> "r3",
    mprevLogIndex |-> 1,
    mprevLogTerm |-> 2,
    mentries |-> <<[term |-> 2, value |-> "v2"]>>,
    mlog |-> <<[term |-> 2, value |-> "v1"], [term |-> 2, value |-> "v2"]>>,
    mcommitIndex |-> 1 ] :>
      1 @@
  [ mtype |-> AppendEntriesRequest,
    mterm |-> 2,
    msource |-> "r2",
    mdest |-> "r4",
    mprevLogIndex |-> 0,
    mprevLogTerm |-> 0,
    mentries |-> <<[term |-> 2, value |-> "v1"]>>,
    mlog |-> <<[term |-> 2, value |-> "v1"], [term |-> 2, value |-> "v2"]>>,
    mcommitIndex |-> 0 ] :>
      0 @@
  [ mtype |-> AppendEntriesRequest,
    mterm |-> 2,
    msource |-> "r2",
    mdest |-> "r4",
    mprevLogIndex |-> 1,
    mprevLogTerm |-> 2,
    mentries |-> <<[term |-> 2, value |-> "v2"]>>,
    mlog |-> <<[term |-> 2, value |-> "v1"], [term |-> 2, value |-> "v2"]>>,
    mcommitIndex |-> 1 ] :>
      1 )
/\ matchIndex = [ r2 |-> [r2 |-> 0, r3 |-> 1, r4 |-> 1, r1 |-> 0],
  r3 |-> [r2 |-> 0, r3 |-> 0, r4 |-> 0, r1 |-> 0],
  r4 |-> [r2 |-> 0, r3 |-> 0, r4 |-> 0, r1 |-> 0],
  r1 |-> [r2 |-> 0, r3 |-> 0, r4 |-> 0, r1 |-> 0] ]
/\ log = [ r2 |-> <<[term |-> 2, value |-> "v1"], [term |-> 2, value |-> "v2"]>>,
  r3 |-> <<[term |-> 2, value |-> "v1"]>>,
  r4 |-> <<[term |-> 2, value |-> "v1"]>>,
  r1 |-> <<>> ]
/\ switchSentRecord = [ r2 |-> {<<"v1", 2>>, <<"v2", 2>>},
  r3 |-> {<<"v1", 2>>, <<"v2", 2>>},
  r4 |-> {<<"v1", 2>>, <<"v2", 2>>},
  r1 |-> {} ]
/\ state = [r2 |-> Leader, r3 |-> Follower, r4 |-> Follower, r1 |-> Switch]
/\ leaderCount = [r2 |-> 1, r3 |-> 0, r4 |-> 0, r1 |-> 0]
/\ entryCommitStats = ( <<1, 2>> :> [sentCount |-> 2, ackCount |-> 1, committed |-> TRUE] @@
  <<2, 2>> :> [sentCount |-> 2, ackCount |-> 0, committed |-> FALSE] )
/\ commitIndex = [r2 |-> 1, r3 |-> 0, r4 |-> 0, r1 |-> 0]
/\ currentTerm = [r2 |-> 2, r3 |-> 2, r4 |-> 2, r1 |-> 2]
/\ votesResponded = [r2 |-> {"r3", "r4"}, r3 |-> {}, r4 |-> {}, r1 |-> {}]
/\ maxc = 2
/\ nextIndex = [ r2 |-> [r2 |-> 1, r3 |-> 2, r4 |-> 2, r1 |-> 1],
  r3 |-> [r2 |-> 1, r3 |-> 1, r4 |-> 1, r1 |-> 1],
  r4 |-> [r2 |-> 1, r3 |-> 1, r4 |-> 1, r1 |-> 1],
  r1 |-> [r2 |-> 1, r3 |-> 1, r4 |-> 1, r1 |-> 1] ]
/\ votesGranted = [r2 |-> {"r3", "r4"}, r3 |-> {}, r4 |-> {}, r1 |-> {}]
/\ switchBuffer = [ v1 |-> [term |-> 2, value |-> "v1", payload |-> "v1"],
  v2 |-> [term |-> 2, value |-> "v2", payload |-> "v2"] ]
/\ voterLog = [r2 |-> [r3 |-> <<>>, r4 |-> <<>>], r3 |-> << >>, r4 |-> << >>, r1 |-> << >>]
/\ votedFor = [r2 |-> Nil, r3 |-> "r2", r4 |-> "r2", r1 |-> Nil]
/\ unorderedRequests = [r2 |-> {}, r3 |-> {"v2"}, r4 |-> {"v2"}, r1 |-> {"v1", "v2"}]

@!@!@ENDMSG 2217 @!@!@
@!@!@STARTMSG 2217:4 @!@!@
21: <MySwitchNext line 537, col 7 to line 540, col 17 of module raft_0241865428>
/\ messages = ( [ mtype |-> AppendEntriesResponse,
    mterm |-> 2,
    msource |-> "r3",
    mdest |-> "r2",
    msuccess |-> TRUE,
    mmatchIndex |-> 1 ] :>
      0 @@
  [ mtype |-> AppendEntriesResponse,
    mterm |-> 2,
    msource |-> "r3",
    mdest |-> "r2",
    msuccess |-> TRUE,
    mmatchIndex |-> 2 ] :>
      1 @@
  [ mtype |-> AppendEntriesResponse,
    mterm |-> 2,
    msource |-> "r4",
    mdest |-> "r2",
    msuccess |-> TRUE,
    mmatchIndex |-> 1 ] :>
      0 @@
  [ mtype |-> AppendEntriesRequest,
    mterm |-> 2,
    msource |-> "r2",
    mdest |-> "r3",
    mprevLogIndex |-> 0,
    mprevLogTerm |-> 0,
    mentries |-> <<[term |-> 2, value |-> "v1"]>>,
    mlog |-> <<[term |-> 2, value |-> "v1"], [term |-> 2, value |-> "v2"]>>,
    mcommitIndex |-> 0 ] :>
      0 @@
  [ mtype |-> AppendEntriesRequest,
    mterm |-> 2,
    msource |-> "r2",
    mdest |-> "r3",
    mprevLogIndex |-> 1,
    mprevLogTerm |-> 2,
    mentries |-> <<[term |-> 2, value |-> "v2"]>>,
    mlog |-> <<[term |-> 2, value |-> "v1"], [term |-> 2, value |-> "v2"]>>,
    mcommitIndex |-> 1 ] :>
      0 @@
  [ mtype |-> AppendEntriesRequest,
    mterm |-> 2,
    msource |-> "r2",
    mdest |-> "r4",
    mprevLogIndex |-> 0,
    mprevLogTerm |-> 0,
    mentries |-> <<[term |-> 2, value |-> "v1"]>>,
    mlog |-> <<[term |-> 2, value |-> "v1"], [term |-> 2, value |-> "v2"]>>,
    mcommitIndex |-> 0 ] :>
      0 @@
  [ mtype |-> AppendEntriesRequest,
    mterm |-> 2,
    msource |-> "r2",
    mdest |-> "r4",
    mprevLogIndex |-> 1,
    mprevLogTerm |-> 2,
    mentries |-> <<[term |-> 2, value |-> "v2"]>>,
    mlog |-> <<[term |-> 2, value |-> "v1"], [term |-> 2, value |-> "v2"]>>,
    mcommitIndex |-> 1 ] :>
      1 )
/\ matchIndex = [ r2 |-> [r2 |-> 0, r3 |-> 1, r4 |-> 1, r1 |-> 0],
  r3 |-> [r2 |-> 0, r3 |-> 0, r4 |-> 0, r1 |-> 0],
  r4 |-> [r2 |-> 0, r3 |-> 0, r4 |-> 0, r1 |-> 0],
  r1 |-> [r2 |-> 0, r3 |-> 0, r4 |-> 0, r1 |-> 0] ]
/\ log = [ r2 |-> <<[term |-> 2, value |-> "v1"], [term |-> 2, value |-> "v2"]>>,
  r3 |-> <<[term |-> 2, value |-> "v1"], [term |-> 2, value |-> "v2"]>>,
  r4 |-> <<[term |-> 2, value |-> "v1"]>>,
  r1 |-> <<>> ]
/\ switchSentRecord = [ r2 |-> {<<"v1", 2>>, <<"v2", 2>>},
  r3 |-> {<<"v1", 2>>, <<"v2", 2>>},
  r4 |-> {<<"v1", 2>>, <<"v2", 2>>},
  r1 |-> {} ]
/\ state = [r2 |-> Leader, r3 |-> Follower, r4 |-> Follower, r1 |-> Switch]
/\ leaderCount = [r2 |-> 1, r3 |-> 0, r4 |-> 0, r1 |-> 0]
/\ entryCommitStats = ( <<1, 2>> :> [sentCount |-> 2, ackCount |-> 1, committed |-> TRUE] @@
  <<2, 2>> :> [sentCount |-> 2, ackCount |-> 0, committed |-> FALSE] )
/\ commitIndex = [r2 |-> 1, r3 |-> 1, r4 |-> 0, r1 |-> 0]
/\ currentTerm = [r2 |-> 2, r3 |-> 2, r4 |-> 2, r1 |-> 2]
/\ votesResponded = [r2 |-> {"r3", "r4"}, r3 |-> {}, r4 |-> {}, r1 |-> {}]
/\ maxc = 2
/\ nextIndex = [ r2 |-> [r2 |-> 1, r3 |-> 2, r4 |-> 2, r1 |-> 1],
  r3 |-> [r2 |-> 1, r3 |-> 1, r4 |-> 1, r1 |-> 1],
  r4 |-> [r2 |-> 1, r3 |-> 1, r4 |-> 1, r1 |-> 1],
  r1 |-> [r2 |-> 1, r3 |-> 1, r4 |-> 1, r1 |-> 1] ]
/\ votesGranted = [r2 |-> {"r3", "r4"}, r3 |-> {}, r4 |-> {}, r1 |-> {}]
/\ switchBuffer = [ v1 |-> [term |-> 2, value |-> "v1", payload |-> "v1"],
  v2 |-> [term |-> 2, value |-> "v2", payload |-> "v2"] ]
/\ voterLog = [r2 |-> [r3 |-> <<>>, r4 |-> <<>>], r3 |-> << >>, r4 |-> << >>, r1 |-> << >>]
/\ votedFor = [r2 |-> Nil, r3 |-> "r2", r4 |-> "r2", r1 |-> Nil]
/\ unorderedRequests = [r2 |-> {}, r3 |-> {}, r4 |-> {"v2"}, r1 |-> {"v1", "v2"}]

@!@!@ENDMSG 2217 @!@!@
@!@!@STARTMSG 2217:4 @!@!@
22: <MySwitchNext line 537, col 7 to line 540, col 17 of module raft_0241865428>
/\ messages = ( [ mtype |-> AppendEntriesResponse,
    mterm |-> 2,
    msource |-> "r3",
    mdest |-> "r2",
    msuccess |-> TRUE,
    mmatchIndex |-> 1 ] :>
      0 @@
  [ mtype |-> AppendEntriesResponse,
    mterm |-> 2,
    msource |-> "r3",
    mdest |-> "r2",
    msuccess |-> TRUE,
    mmatchIndex |-> 2 ] :>
      1 @@
  [ mtype |-> AppendEntriesResponse,
    mterm |-> 2,
    msource |-> "r4",
    mdest |-> "r2",
    msuccess |-> TRUE,
    mmatchIndex |-> 1 ] :>
      0 @@
  [ mtype |-> AppendEntriesResponse,
    mterm |-> 2,
    msource |-> "r4",
    mdest |-> "r2",
    msuccess |-> TRUE,
    mmatchIndex |-> 2 ] :>
      1 @@
  [ mtype |-> AppendEntriesRequest,
    mterm |-> 2,
    msource |-> "r2",
    mdest |-> "r3",
    mprevLogIndex |-> 0,
    mprevLogTerm |-> 0,
    mentries |-> <<[term |-> 2, value |-> "v1"]>>,
    mlog |-> <<[term |-> 2, value |-> "v1"], [term |-> 2, value |-> "v2"]>>,
    mcommitIndex |-> 0 ] :>
      0 @@
  [ mtype |-> AppendEntriesRequest,
    mterm |-> 2,
    msource |-> "r2",
    mdest |-> "r3",
    mprevLogIndex |-> 1,
    mprevLogTerm |-> 2,
    mentries |-> <<[term |-> 2, value |-> "v2"]>>,
    mlog |-> <<[term |-> 2, value |-> "v1"], [term |-> 2, value |-> "v2"]>>,
    mcommitIndex |-> 1 ] :>
      0 @@
  [ mtype |-> AppendEntriesRequest,
    mterm |-> 2,
    msource |-> "r2",
    mdest |-> "r4",
    mprevLogIndex |-> 0,
    mprevLogTerm |-> 0,
    mentries |-> <<[term |-> 2, value |-> "v1"]>>,
    mlog |-> <<[term |-> 2, value |-> "v1"], [term |-> 2, value |-> "v2"]>>,
    mcommitIndex |-> 0 ] :>
      0 @@
  [ mtype |-> AppendEntriesRequest,
    mterm |-> 2,
    msource |-> "r2",
    mdest |-> "r4",
    mprevLogIndex |-> 1,
    mprevLogTerm |-> 2,
    mentries |-> <<[term |-> 2, value |-> "v2"]>>,
    mlog |-> <<[term |-> 2, value |-> "v1"], [term |-> 2, value |-> "v2"]>>,
    mcommitIndex |-> 1 ] :>
      0 )
/\ matchIndex = [ r2 |-> [r2 |-> 0, r3 |-> 1, r4 |-> 1, r1 |-> 0],
  r3 |-> [r2 |-> 0, r3 |-> 0, r4 |-> 0, r1 |-> 0],
  r4 |-> [r2 |-> 0, r3 |-> 0, r4 |-> 0, r1 |-> 0],
  r1 |-> [r2 |-> 0, r3 |-> 0, r4 |-> 0, r1 |-> 0] ]
/\ log = [ r2 |-> <<[term |-> 2, value |-> "v1"], [term |-> 2, value |-> "v2"]>>,
  r3 |-> <<[term |-> 2, value |-> "v1"], [term |-> 2, value |-> "v2"]>>,
  r4 |-> <<[term |-> 2, value |-> "v1"], [term |-> 2, value |-> "v2"]>>,
  r1 |-> <<>> ]
/\ switchSentRecord = [ r2 |-> {<<"v1", 2>>, <<"v2", 2>>},
  r3 |-> {<<"v1", 2>>, <<"v2", 2>>},
  r4 |-> {<<"v1", 2>>, <<"v2", 2>>},
  r1 |-> {} ]
/\ state = [r2 |-> Leader, r3 |-> Follower, r4 |-> Follower, r1 |-> Switch]
/\ leaderCount = [r2 |-> 1, r3 |-> 0, r4 |-> 0, r1 |-> 0]
/\ entryCommitStats = ( <<1, 2>> :> [sentCount |-> 2, ackCount |-> 1, committed |-> TRUE] @@
  <<2, 2>> :> [sentCount |-> 2, ackCount |-> 0, committed |-> FALSE] )
/\ commitIndex = [r2 |-> 1, r3 |-> 1, r4 |-> 1, r1 |-> 0]
/\ currentTerm = [r2 |-> 2, r3 |-> 2, r4 |-> 2, r1 |-> 2]
/\ votesResponded = [r2 |-> {"r3", "r4"}, r3 |-> {}, r4 |-> {}, r1 |-> {}]
/\ maxc = 2
/\ nextIndex = [ r2 |-> [r2 |-> 1, r3 |-> 2, r4 |-> 2, r1 |-> 1],
  r3 |-> [r2 |-> 1, r3 |-> 1, r4 |-> 1, r1 |-> 1],
  r4 |-> [r2 |-> 1, r3 |-> 1, r4 |-> 1, r1 |-> 1],
  r1 |-> [r2 |-> 1, r3 |-> 1, r4 |-> 1, r1 |-> 1] ]
/\ votesGranted = [r2 |-> {"r3", "r4"}, r3 |-> {}, r4 |-> {}, r1 |-> {}]
/\ switchBuffer = [ v1 |-> [term |-> 2, value |-> "v1", payload |-> "v1"],
  v2 |-> [term |-> 2, value |-> "v2", payload |-> "v2"] ]
/\ voterLog = [r2 |-> [r3 |-> <<>>, r4 |-> <<>>], r3 |-> << >>, r4 |-> << >>, r1 |-> << >>]
/\ votedFor = [r2 |-> Nil, r3 |-> "r2", r4 |-> "r2", r1 |-> Nil]
/\ unorderedRequests = [r2 |-> {}, r3 |-> {}, r4 |-> {}, r1 |-> {"v1", "v2"}]

@!@!@ENDMSG 2217 @!@!@
@!@!@STARTMSG 2201:0 @!@!@
The coverage statistics at 2025-05-19 18:09:15
@!@!@ENDMSG 2201 @!@!@
@!@!@STARTMSG 2773:0 @!@!@
<MyInit line 134, col 1 to line 134, col 6 of module raft_0241865428>: 2:2
@!@!@ENDMSG 2773 @!@!@
@!@!@STARTMSG 2221:0 @!@!@
  line 135, col 7 to line 156, col 138 of module raft_0241865428: 2
@!@!@ENDMSG 2221 @!@!@
@!@!@STARTMSG 2772:0 @!@!@
<AdvanceCommitIndex line 290, col 1 to line 290, col 21 of module raft_0241865428>: 54228:441714
@!@!@ENDMSG 2772 @!@!@
@!@!@STARTMSG 2221:0 @!@!@
  line 291, col 8 to line 291, col 20 of module raft_0241865428: 1766854
@!@!@ENDMSG 2221 @!@!@
@!@!@STARTMSG 2221:0 @!@!@
  |line 291, col 8 to line 291, col 8 of module raft_0241865428: 1325140
@!@!@ENDMSG 2221 @!@!@
@!@!@STARTMSG 2221:0 @!@!@
  |line 291, col 14 to line 291, col 20 of module raft_0241865428: 1325140
@!@!@ENDMSG 2221 @!@!@
@!@!@STARTMSG 2221:0 @!@!@
  line 292, col 8 to line 292, col 24 of module raft_0241865428: 1766854
@!@!@ENDMSG 2221 @!@!@
@!@!@STARTMSG 2221:0 @!@!@
  |line 292, col 8 to line 292, col 15 of module raft_0241865428: 1325140
@!@!@ENDMSG 2221 @!@!@
@!@!@STARTMSG 2221:0 @!@!@
  |line 292, col 19 to line 292, col 24 of module raft_0241865428: 1325140
@!@!@ENDMSG 2221 @!@!@
@!@!@STARTMSG 2221:0 @!@!@
  line 300, col 14 to line 300, col 70 of module raft_0241865428: 441714
@!@!@ENDMSG 2221 @!@!@
@!@!@STARTMSG 2221:0 @!@!@
  |line 300, col 29 to line 300, col 70 of module raft_0241865428: 441714
@!@!@ENDMSG 2221 @!@!@
@!@!@STARTMSG 2221:0 @!@!@
  ||line 300, col 30 to line 300, col 40 of module raft_0241865428: 441714
@!@!@ENDMSG 2221 @!@!@
@!@!@STARTMSG 2221:0 @!@!@
  ||line 300, col 49 to line 300, col 69 of module raft_0241865428: 441714
@!@!@ENDMSG 2221 @!@!@
@!@!@STARTMSG 2221:0 @!@!@
  ||line 300, col 56 to line 300, col 69 of module raft_0241865428: 441714
@!@!@ENDMSG 2221 @!@!@
@!@!@STARTMSG 2221:0 @!@!@
  |||line 297, col 30 to line 297, col 93 of module raft_0241865428: 441714
@!@!@ENDMSG 2221 @!@!@
@!@!@STARTMSG 2221:0 @!@!@
  ||||line 297, col 33 to line 297, col 50 of module raft_0241865428: 441714
@!@!@ENDMSG 2221 @!@!@
@!@!@STARTMSG 2221:0 @!@!@
  |||||line 297, col 33 to line 297, col 44 of module raft_0241865428: 441714
@!@!@ENDMSG 2221 @!@!@
@!@!@STARTMSG 2221:0 @!@!@
  ||||||line 294, col 28 to line 296, col 71 of module raft_0241865428: 441714
@!@!@ENDMSG 2221 @!@!@
@!@!@STARTMSG 2221:0 @!@!@
  |||||||line 295, col 33 to line 296, col 70 of module raft_0241865428: 840173
@!@!@ENDMSG 2221 @!@!@
@!@!@STARTMSG 2221:0 @!@!@
  ||||||||line 295, col 36 to line 295, col 58 of module raft_0241865428: 840173
@!@!@ENDMSG 2221 @!@!@
@!@!@STARTMSG 2221:0 @!@!@
  |||||||||line 295, col 36 to line 295, col 47 of module raft_0241865428: 840173
@!@!@ENDMSG 2221 @!@!@
@!@!@STARTMSG 2221:0 @!@!@
  ||||||||||line 293, col 28 to line 293, col 79 of module raft_0241865428: 840173
@!@!@ENDMSG 2221 @!@!@
@!@!@STARTMSG 2221:0 @!@!@
  |||||||||||line 293, col 28 to line 293, col 30 of module raft_0241865428: 840173
@!@!@ENDMSG 2221 @!@!@
@!@!@STARTMSG 2775:0 @!@!@
  |||||||||||line 293, col 37 to line 293, col 79 of module raft_0241865428: 840173:1270194
@!@!@ENDMSG 2775 @!@!@
@!@!@STARTMSG 2221:0 @!@!@
  ||||||||||||line 293, col 54 to line 293, col 78 of module raft_0241865428: 2520519
@!@!@ENDMSG 2221 @!@!@
@!@!@STARTMSG 2221:0 @!@!@
  ||||||||||||line 293, col 44 to line 293, col 50 of module raft_0241865428: 840173
@!@!@ENDMSG 2221 @!@!@
@!@!@STARTMSG 2221:0 @!@!@
  ||||||||||line 295, col 42 to line 295, col 46 of module raft_0241865428: 840173
@!@!@ENDMSG 2221 @!@!@
@!@!@STARTMSG 2221:0 @!@!@
  |||||||||line 295, col 53 to line 295, col 58 of module raft_0241865428: 840173
@!@!@ENDMSG 2221 @!@!@
@!@!@STARTMSG 2221:0 @!@!@
  ||||||||line 296, col 36 to line 296, col 70 of module raft_0241865428: 396175
@!@!@ENDMSG 2221 @!@!@
@!@!@STARTMSG 2221:0 @!@!@
  |||||||line 294, col 39 to line 294, col 52 of module raft_0241865428: 441714
@!@!@ENDMSG 2221 @!@!@
@!@!@STARTMSG 2221:0 @!@!@
  |||||line 297, col 49 to line 297, col 50 of module raft_0241865428: 441714
@!@!@ENDMSG 2221 @!@!@
@!@!@STARTMSG 2221:0 @!@!@
  ||||line 297, col 57 to line 297, col 73 of module raft_0241865428: 374525
@!@!@ENDMSG 2221 @!@!@
@!@!@STARTMSG 2221:0 @!@!@
  |||||line 80, col 11 to line 80, col 46 of module raft_0241865428: 374525
@!@!@ENDMSG 2221 @!@!@
@!@!@STARTMSG 2221:0 @!@!@
  ||||||line 80, col 28 to line 80, col 46 of module raft_0241865428: 396175
@!@!@ENDMSG 2221 @!@!@
@!@!@STARTMSG 2221:0 @!@!@
  |||||||line 80, col 41 to line 80, col 46 of module raft_0241865428: 439475
@!@!@ENDMSG 2221 @!@!@
@!@!@STARTMSG 2221:0 @!@!@
  |||||||line 80, col 37 to line 80, col 37 of module raft_0241865428: 396175
@!@!@ENDMSG 2221 @!@!@
@!@!@STARTMSG 2221:0 @!@!@
  ||||||line 80, col 24 to line 80, col 24 of module raft_0241865428: 374525
@!@!@ENDMSG 2221 @!@!@
@!@!@STARTMSG 2221:0 @!@!@
  |||||line 297, col 61 to line 297, col 72 of module raft_0241865428: 374525
@!@!@ENDMSG 2221 @!@!@
@!@!@STARTMSG 2775:0 @!@!@
  ||||||line 294, col 28 to line 296, col 71 of module raft_0241865428: 374525:1231825
@!@!@ENDMSG 2775 @!@!@
@!@!@STARTMSG 2221:0 @!@!@
  |||||||line 295, col 33 to line 296, col 70 of module raft_0241865428: 720173
@!@!@ENDMSG 2221 @!@!@
@!@!@STARTMSG 2221:0 @!@!@
  ||||||||line 295, col 36 to line 295, col 58 of module raft_0241865428: 720173
@!@!@ENDMSG 2221 @!@!@
@!@!@STARTMSG 2221:0 @!@!@
  |||||||||line 295, col 36 to line 295, col 47 of module raft_0241865428: 720173
@!@!@ENDMSG 2221 @!@!@
@!@!@STARTMSG 2221:0 @!@!@
  ||||||||||line 293, col 28 to line 293, col 79 of module raft_0241865428: 720173
@!@!@ENDMSG 2221 @!@!@
@!@!@STARTMSG 2221:0 @!@!@
  |||||||||||line 293, col 28 to line 293, col 30 of module raft_0241865428: 720173
@!@!@ENDMSG 2221 @!@!@
@!@!@STARTMSG 2775:0 @!@!@
  |||||||||||line 293, col 37 to line 293, col 79 of module raft_0241865428: 720173:1150194
@!@!@ENDMSG 2775 @!@!@
@!@!@STARTMSG 2221:0 @!@!@
  ||||||||||||line 293, col 54 to line 293, col 78 of module raft_0241865428: 2160519
@!@!@ENDMSG 2221 @!@!@
@!@!@STARTMSG 2221:0 @!@!@
  ||||||||||||line 293, col 44 to line 293, col 50 of module raft_0241865428: 720173
@!@!@ENDMSG 2221 @!@!@
@!@!@STARTMSG 2221:0 @!@!@
  ||||||||||line 295, col 42 to line 295, col 46 of module raft_0241865428: 720173
@!@!@ENDMSG 2221 @!@!@
@!@!@STARTMSG 2221:0 @!@!@
  |||||||||line 295, col 53 to line 295, col 58 of module raft_0241865428: 720173
@!@!@ENDMSG 2221 @!@!@
@!@!@STARTMSG 2221:0 @!@!@
  ||||||||line 296, col 36 to line 296, col 70 of module raft_0241865428: 396175
@!@!@ENDMSG 2221 @!@!@
@!@!@STARTMSG 2221:0 @!@!@
  |||||||line 294, col 39 to line 294, col 52 of module raft_0241865428: 374525
@!@!@ENDMSG 2221 @!@!@
@!@!@STARTMSG 2221:0 @!@!@
  ||||line 297, col 80 to line 297, col 93 of module raft_0241865428: 67189
@!@!@ENDMSG 2221 @!@!@
@!@!@STARTMSG 2221:0 @!@!@
  line 301, col 14 to line 305, col 47 of module raft_0241865428: 441714
@!@!@ENDMSG 2221 @!@!@
@!@!@STARTMSG 2221:0 @!@!@
  line 306, col 8 to line 306, col 119 of module raft_0241865428: 441714
@!@!@ENDMSG 2221 @!@!@
@!@!@STARTMSG 2772:0 @!@!@
<MySwitchNext line 528, col 1 to line 528, col 12 of module raft_0241865428 (530 8 530 70)>: 9:6188
@!@!@ENDMSG 2772 @!@!@
@!@!@STARTMSG 2221:0 @!@!@
  line 530, col 8 to line 530, col 26 of module raft_0241865428: 2656525
@!@!@ENDMSG 2221 @!@!@
@!@!@STARTMSG 2221:0 @!@!@
  |line 530, col 8 to line 530, col 17 of module raft_0241865428: 2650337
@!@!@ENDMSG 2221 @!@!@
@!@!@STARTMSG 2221:0 @!@!@
  |line 530, col 21 to line 530, col 26 of module raft_0241865428: 2650337
@!@!@ENDMSG 2221 @!@!@
@!@!@STARTMSG 2221:0 @!@!@
  line 239, col 8 to line 239, col 23 of module raft_0241865428: 889635
@!@!@ENDMSG 2221 @!@!@
@!@!@STARTMSG 2221:0 @!@!@
  |line 239, col 8 to line 239, col 9 of module raft_0241865428: 883447
@!@!@ENDMSG 2221 @!@!@
@!@!@STARTMSG 2221:0 @!@!@
  |line 239, col 13 to line 239, col 23 of module raft_0241865428: 883447
@!@!@ENDMSG 2221 @!@!@
@!@!@STARTMSG 2221:0 @!@!@
  line 240, col 8 to line 240, col 22 of module raft_0241865428: 889635
@!@!@ENDMSG 2221 @!@!@
@!@!@STARTMSG 2221:0 @!@!@
  |line 240, col 8 to line 240, col 10 of module raft_0241865428: 883447
@!@!@ENDMSG 2221 @!@!@
@!@!@STARTMSG 2221:0 @!@!@
  |line 240, col 16 to line 240, col 22 of module raft_0241865428: 883447
@!@!@ENDMSG 2221 @!@!@
@!@!@STARTMSG 2221:0 @!@!@
  line 241, col 8 to line 241, col 26 of module raft_0241865428: 889635
@!@!@ENDMSG 2221 @!@!@
@!@!@STARTMSG 2221:0 @!@!@
  |line 241, col 8 to line 241, col 17 of module raft_0241865428: 883447
@!@!@ENDMSG 2221 @!@!@
@!@!@STARTMSG 2221:0 @!@!@
  |line 241, col 21 to line 241, col 26 of module raft_0241865428: 883447
@!@!@ENDMSG 2221 @!@!@
@!@!@STARTMSG 2221:0 @!@!@
  line 242, col 8 to line 242, col 18 of module raft_0241865428: 889635
@!@!@ENDMSG 2221 @!@!@
@!@!@STARTMSG 2221:0 @!@!@
  |line 242, col 8 to line 242, col 8 of module raft_0241865428: 883447
@!@!@ENDMSG 2221 @!@!@
@!@!@STARTMSG 2221:0 @!@!@
  |line 242, col 14 to line 242, col 18 of module raft_0241865428: 883447
@!@!@ENDMSG 2221 @!@!@
@!@!@STARTMSG 2221:0 @!@!@
  line 243, col 8 to line 243, col 31 of module raft_0241865428: 6188
@!@!@ENDMSG 2221 @!@!@
@!@!@STARTMSG 2221:0 @!@!@
  |line 243, col 8 to line 243, col 11 of module raft_0241865428: 883447
@!@!@ENDMSG 2221 @!@!@
@!@!@STARTMSG 2221:0 @!@!@
  |line 243, col 15 to line 243, col 31 of module raft_0241865428: 883447
@!@!@ENDMSG 2221 @!@!@
@!@!@STARTMSG 2221:0 @!@!@
  line 244, col 8 to line 244, col 35 of module raft_0241865428: 18561
@!@!@ENDMSG 2221 @!@!@
@!@!@STARTMSG 2221:0 @!@!@
  |line 244, col 8 to line 244, col 8 of module raft_0241865428: 12373
@!@!@ENDMSG 2221 @!@!@
@!@!@STARTMSG 2221:0 @!@!@
  |line 244, col 17 to line 244, col 35 of module raft_0241865428: 12373
@!@!@ENDMSG 2221 @!@!@
@!@!@STARTMSG 2221:0 @!@!@
  line 249, col 11 to line 251, col 101 of module raft_0241865428: 6188
@!@!@ENDMSG 2221 @!@!@
@!@!@STARTMSG 2221:0 @!@!@
  line 252, col 8 to line 253, col 83 of module raft_0241865428: 6188
@!@!@ENDMSG 2221 @!@!@
@!@!@STARTMSG 2221:0 @!@!@
  line 530, col 51 to line 530, col 61 of module raft_0241865428: 883447
@!@!@ENDMSG 2221 @!@!@
@!@!@STARTMSG 2221:0 @!@!@
  line 530, col 64 to line 530, col 66 of module raft_0241865428: 883447
@!@!@ENDMSG 2221 @!@!@
@!@!@STARTMSG 2221:0 @!@!@
  line 530, col 69 to line 530, col 69 of module raft_0241865428: 883447
@!@!@ENDMSG 2221 @!@!@
@!@!@STARTMSG 2772:0 @!@!@
<MySwitchNext line 528, col 1 to line 528, col 12 of module raft_0241865428 (531 7 532 60)>: 40989:758214
@!@!@ENDMSG 2772 @!@!@
@!@!@STARTMSG 2221:0 @!@!@
  line 256, col 8 to line 256, col 23 of module raft_0241865428: 3389988
@!@!@ENDMSG 2221 @!@!@
@!@!@STARTMSG 2221:0 @!@!@
  |line 256, col 8 to line 256, col 9 of module raft_0241865428: 2631774
@!@!@ENDMSG 2221 @!@!@
@!@!@STARTMSG 2221:0 @!@!@
  |line 256, col 13 to line 256, col 23 of module raft_0241865428: 2631774
@!@!@ENDMSG 2221 @!@!@
@!@!@STARTMSG 2221:0 @!@!@
  line 257, col 8 to line 257, col 26 of module raft_0241865428: 3389988
@!@!@ENDMSG 2221 @!@!@
@!@!@STARTMSG 2221:0 @!@!@
  |line 257, col 8 to line 257, col 14 of module raft_0241865428: 2631774
@!@!@ENDMSG 2221 @!@!@
@!@!@STARTMSG 2221:0 @!@!@
  |line 257, col 20 to line 257, col 26 of module raft_0241865428: 2631774
@!@!@ENDMSG 2221 @!@!@
@!@!@STARTMSG 2221:0 @!@!@
  line 258, col 8 to line 258, col 34 of module raft_0241865428: 3389988
@!@!@ENDMSG 2221 @!@!@
@!@!@STARTMSG 2221:0 @!@!@
  |line 258, col 8 to line 258, col 10 of module raft_0241865428: 2631774
@!@!@ENDMSG 2221 @!@!@
@!@!@STARTMSG 2221:0 @!@!@
  |line 258, col 16 to line 258, col 34 of module raft_0241865428: 2631774
@!@!@ENDMSG 2221 @!@!@
@!@!@STARTMSG 2221:0 @!@!@
  line 262, col 14 to line 262, col 58 of module raft_0241865428: 3389988
@!@!@ENDMSG 2221 @!@!@
@!@!@STARTMSG 2221:0 @!@!@
  |line 262, col 14 to line 262, col 25 of module raft_0241865428: 2631774
@!@!@ENDMSG 2221 @!@!@
@!@!@STARTMSG 2221:0 @!@!@
  |line 262, col 34 to line 262, col 58 of module raft_0241865428: 2631774
@!@!@ENDMSG 2221 @!@!@
@!@!@STARTMSG 2221:0 @!@!@
  line 263, col 14 to line 263, col 113 of module raft_0241865428: 758214
@!@!@ENDMSG 2221 @!@!@
@!@!@STARTMSG 2221:0 @!@!@
  line 264, col 14 to line 264, col 119 of module raft_0241865428: 758214
@!@!@ENDMSG 2221 @!@!@
@!@!@STARTMSG 2221:0 @!@!@
  line 265, col 8 to line 266, col 85 of module raft_0241865428: 758214
@!@!@ENDMSG 2221 @!@!@
@!@!@STARTMSG 2221:0 @!@!@
  line 532, col 37 to line 532, col 47 of module raft_0241865428: 2631774
@!@!@ENDMSG 2221 @!@!@
@!@!@STARTMSG 2221:0 @!@!@
  line 532, col 50 to line 532, col 56 of module raft_0241865428: 2631774
@!@!@ENDMSG 2221 @!@!@
@!@!@STARTMSG 2221:0 @!@!@
  line 532, col 59 to line 532, col 59 of module raft_0241865428: 2631774
@!@!@ENDMSG 2221 @!@!@
@!@!@STARTMSG 2221:0 @!@!@
  line 531, col 22 to line 531, col 28 of module raft_0241865428: 441722
@!@!@ENDMSG 2221 @!@!@
@!@!@STARTMSG 2221:0 @!@!@
  line 531, col 37 to line 531, col 55 of module raft_0241865428: 441722
@!@!@ENDMSG 2221 @!@!@
@!@!@STARTMSG 2772:0 @!@!@
<MySwitchNext line 528, col 1 to line 528, col 12 of module raft_0241865428 (533 7 534 67)>: 4215:17598
@!@!@ENDMSG 2772 @!@!@
@!@!@STARTMSG 2221:0 @!@!@
  line 534, col 8 to line 534, col 26 of module raft_0241865428: 2649336
@!@!@ENDMSG 2221 @!@!@
@!@!@STARTMSG 2221:0 @!@!@
  |line 534, col 8 to line 534, col 17 of module raft_0241865428: 2631738
@!@!@ENDMSG 2221 @!@!@
@!@!@STARTMSG 2221:0 @!@!@
  |line 534, col 21 to line 534, col 26 of module raft_0241865428: 2631738
@!@!@ENDMSG 2221 @!@!@
@!@!@STARTMSG 2221:0 @!@!@
  line 269, col 8 to line 269, col 22 of module raft_0241865428: 894844
@!@!@ENDMSG 2221 @!@!@
@!@!@STARTMSG 2221:0 @!@!@
  |line 269, col 8 to line 269, col 10 of module raft_0241865428: 877246
@!@!@ENDMSG 2221 @!@!@
@!@!@STARTMSG 2221:0 @!@!@
  |line 269, col 16 to line 269, col 22 of module raft_0241865428: 877246
@!@!@ENDMSG 2221 @!@!@
@!@!@STARTMSG 2221:0 @!@!@
  line 270, col 8 to line 270, col 26 of module raft_0241865428: 894844
@!@!@ENDMSG 2221 @!@!@
@!@!@STARTMSG 2221:0 @!@!@
  |line 270, col 8 to line 270, col 17 of module raft_0241865428: 877246
@!@!@ENDMSG 2221 @!@!@
@!@!@STARTMSG 2221:0 @!@!@
  |line 270, col 21 to line 270, col 26 of module raft_0241865428: 877246
@!@!@ENDMSG 2221 @!@!@
@!@!@STARTMSG 2221:0 @!@!@
  line 271, col 8 to line 271, col 34 of module raft_0241865428: 894844
@!@!@ENDMSG 2221 @!@!@
@!@!@STARTMSG 2221:0 @!@!@
  |line 271, col 8 to line 271, col 10 of module raft_0241865428: 877246
@!@!@ENDMSG 2221 @!@!@
@!@!@STARTMSG 2221:0 @!@!@
  |line 271, col 16 to line 271, col 34 of module raft_0241865428: 877246
@!@!@ENDMSG 2221 @!@!@
@!@!@STARTMSG 2221:0 @!@!@
  line 272, col 8 to line 272, col 37 of module raft_0241865428: 894844
@!@!@ENDMSG 2221 @!@!@
@!@!@STARTMSG 2221:0 @!@!@
  |line 272, col 8 to line 272, col 10 of module raft_0241865428: 877246
@!@!@ENDMSG 2221 @!@!@
@!@!@STARTMSG 2221:0 @!@!@
  |line 272, col 16 to line 272, col 37 of module raft_0241865428: 877246
@!@!@ENDMSG 2221 @!@!@
@!@!@STARTMSG 2221:0 @!@!@
  line 276, col 32 to line 276, col 50 of module raft_0241865428: 35196
@!@!@ENDMSG 2221 @!@!@
@!@!@STARTMSG 2221:0 @!@!@
  |line 276, col 33 to line 276, col 50 of module raft_0241865428: 17598
@!@!@ENDMSG 2221 @!@!@
@!@!@STARTMSG 2221:0 @!@!@
  ||line 275, col 34 to line 275, col 88 of module raft_0241865428: 17598
@!@!@ENDMSG 2221 @!@!@
@!@!@STARTMSG 2221:0 @!@!@
  |||line 275, col 64 to line 275, col 88 of module raft_0241865428: 17524
@!@!@ENDMSG 2221 @!@!@
@!@!@STARTMSG 2221:0 @!@!@
  |||line 275, col 45 to line 275, col 60 of module raft_0241865428: 17598
@!@!@ENDMSG 2221 @!@!@
@!@!@STARTMSG 2221:0 @!@!@
  line 281, col 17 to line 286, col 43 of module raft_0241865428: 17598
@!@!@ENDMSG 2221 @!@!@
@!@!@STARTMSG 2221:0 @!@!@
  line 287, col 14 to line 288, col 91 of module raft_0241865428: 17598
@!@!@ENDMSG 2221 @!@!@
@!@!@STARTMSG 2221:0 @!@!@
  line 534, col 61 to line 534, col 63 of module raft_0241865428: 877246
@!@!@ENDMSG 2221 @!@!@
@!@!@STARTMSG 2221:0 @!@!@
  line 534, col 66 to line 534, col 66 of module raft_0241865428: 877246
@!@!@ENDMSG 2221 @!@!@
@!@!@STARTMSG 2221:0 @!@!@
  line 533, col 18 to line 533, col 24 of module raft_0241865428: 441716
@!@!@ENDMSG 2221 @!@!@
@!@!@STARTMSG 2221:0 @!@!@
  line 533, col 33 to line 533, col 51 of module raft_0241865428: 441716
@!@!@ENDMSG 2221 @!@!@
@!@!@STARTMSG 2772:0 @!@!@
<MySwitchNext line 528, col 1 to line 528, col 12 of module raft_0241865428 (536 35 536 75)>: 180932:840269
@!@!@ENDMSG 2772 @!@!@
@!@!@STARTMSG 2221:0 @!@!@
  line 536, col 35 to line 536, col 46 of module raft_0241865428: 4815672
@!@!@ENDMSG 2221 @!@!@
@!@!@STARTMSG 2221:0 @!@!@
  |line 536, col 35 to line 536, col 38 of module raft_0241865428: 3975403
@!@!@ENDMSG 2221 @!@!@
@!@!@STARTMSG 2221:0 @!@!@
  |line 536, col 43 to line 536, col 46 of module raft_0241865428: 3975403
@!@!@ENDMSG 2221 @!@!@
@!@!@STARTMSG 2221:0 @!@!@
  line 202, col 8 to line 202, col 20 of module raft_0241865428: 3490539
@!@!@ENDMSG 2221 @!@!@
@!@!@STARTMSG 2221:0 @!@!@
  |line 202, col 8 to line 202, col 8 of module raft_0241865428: 2650270
@!@!@ENDMSG 2221 @!@!@
@!@!@STARTMSG 2221:0 @!@!@
  |line 202, col 14 to line 202, col 20 of module raft_0241865428: 2650270
@!@!@ENDMSG 2221 @!@!@
@!@!@STARTMSG 2221:0 @!@!@
  line 203, col 8 to line 203, col 20 of module raft_0241865428: 3490539
@!@!@ENDMSG 2221 @!@!@
@!@!@STARTMSG 2221:0 @!@!@
  |line 203, col 8 to line 203, col 8 of module raft_0241865428: 2650270
@!@!@ENDMSG 2221 @!@!@
@!@!@STARTMSG 2221:0 @!@!@
  |line 203, col 14 to line 203, col 20 of module raft_0241865428: 2650270
@!@!@ENDMSG 2221 @!@!@
@!@!@STARTMSG 2221:0 @!@!@
  line 204, col 8 to line 204, col 13 of module raft_0241865428: 3490539
@!@!@ENDMSG 2221 @!@!@
@!@!@STARTMSG 2221:0 @!@!@
  |line 204, col 8 to line 204, col 8 of module raft_0241865428: 2650270
@!@!@ENDMSG 2221 @!@!@
@!@!@STARTMSG 2221:0 @!@!@
  |line 204, col 13 to line 204, col 13 of module raft_0241865428: 2650270
@!@!@ENDMSG 2221 @!@!@
@!@!@STARTMSG 2221:0 @!@!@
  line 205, col 8 to line 205, col 24 of module raft_0241865428: 3490539
@!@!@ENDMSG 2221 @!@!@
@!@!@STARTMSG 2221:0 @!@!@
  |line 205, col 8 to line 205, col 15 of module raft_0241865428: 2650270
@!@!@ENDMSG 2221 @!@!@
@!@!@STARTMSG 2221:0 @!@!@
  |line 205, col 19 to line 205, col 24 of module raft_0241865428: 2650270
@!@!@ENDMSG 2221 @!@!@
@!@!@STARTMSG 2221:0 @!@!@
  line 206, col 8 to line 206, col 37 of module raft_0241865428: 840269
@!@!@ENDMSG 2221 @!@!@
@!@!@STARTMSG 2221:0 @!@!@
  |line 206, col 8 to line 206, col 22 of module raft_0241865428: 883424
@!@!@ENDMSG 2221 @!@!@
@!@!@STARTMSG 2221:0 @!@!@
  |line 206, col 27 to line 206, col 37 of module raft_0241865428: 883424
@!@!@ENDMSG 2221 @!@!@
@!@!@STARTMSG 2221:0 @!@!@
  line 75, col 12 to line 75, col 47 of module raft_0241865428: 840269
@!@!@ENDMSG 2221 @!@!@
@!@!@STARTMSG 2221:0 @!@!@
  |line 75, col 24 to line 75, col 47 of module raft_0241865428: 840269
@!@!@ENDMSG 2221 @!@!@
@!@!@STARTMSG 2221:0 @!@!@
  ||line 64, col 5 to line 67, col 24 of module raft_0241865428: 840269
@!@!@ENDMSG 2221 @!@!@
@!@!@STARTMSG 2221:0 @!@!@
  |||line 64, col 8 to line 64, col 24 of module raft_0241865428: 840269
@!@!@ENDMSG 2221 @!@!@
@!@!@STARTMSG 2221:0 @!@!@
  |||line 65, col 9 to line 65, col 68 of module raft_0241865428: 530871
@!@!@ENDMSG 2221 @!@!@
@!@!@STARTMSG 2221:0 @!@!@
  |||line 67, col 9 to line 67, col 24 of module raft_0241865428: 309398
@!@!@ENDMSG 2221 @!@!@
@!@!@STARTMSG 2221:0 @!@!@
  ||line 75, col 39 to line 75, col 46 of module raft_0241865428: 840269
@!@!@ENDMSG 2221 @!@!@
@!@!@STARTMSG 2221:0 @!@!@
  line 213, col 16 to line 221, col 37 of module raft_0241865428: 840269
@!@!@ENDMSG 2221 @!@!@
@!@!@STARTMSG 2221:0 @!@!@
  |line 213, col 17 to line 213, col 55 of module raft_0241865428: 840269
@!@!@ENDMSG 2221 @!@!@
@!@!@STARTMSG 2221:0 @!@!@
  |line 214, col 17 to line 214, col 49 of module raft_0241865428: 840269
@!@!@ENDMSG 2221 @!@!@
@!@!@STARTMSG 2221:0 @!@!@
  |line 215, col 17 to line 215, col 47 of module raft_0241865428: 840269
@!@!@ENDMSG 2221 @!@!@
@!@!@STARTMSG 2221:0 @!@!@
  |line 216, col 36 to line 216, col 46 of module raft_0241865428: 840269
@!@!@ENDMSG 2221 @!@!@
@!@!@STARTMSG 2221:0 @!@!@
  ||line 212, col 27 to line 212, col 83 of module raft_0241865428: 840269
@!@!@ENDMSG 2221 @!@!@
@!@!@STARTMSG 2221:0 @!@!@
  |||line 212, col 30 to line 212, col 45 of module raft_0241865428: 840269
@!@!@ENDMSG 2221 @!@!@
@!@!@STARTMSG 2221:0 @!@!@
  |||line 212, col 52 to line 212, col 76 of module raft_0241865428: 265465
@!@!@ENDMSG 2221 @!@!@
@!@!@STARTMSG 2221:0 @!@!@
  |line 217, col 17 to line 217, col 42 of module raft_0241865428: 840269
@!@!@ENDMSG 2221 @!@!@
@!@!@STARTMSG 2221:0 @!@!@
  |line 218, col 17 to line 218, col 41 of module raft_0241865428: 840269
@!@!@ENDMSG 2221 @!@!@
@!@!@STARTMSG 2221:0 @!@!@
  |line 219, col 36 to line 219, col 72 of module raft_0241865428: 840269
@!@!@ENDMSG 2221 @!@!@
@!@!@STARTMSG 2221:0 @!@!@
  ||line 79, col 11 to line 79, col 46 of module raft_0241865428: 840269
@!@!@ENDMSG 2221 @!@!@
@!@!@STARTMSG 2221:0 @!@!@
  |||line 79, col 28 to line 79, col 46 of module raft_0241865428: 840269
@!@!@ENDMSG 2221 @!@!@
@!@!@STARTMSG 2221:0 @!@!@
  ||||line 79, col 41 to line 79, col 46 of module raft_0241865428: 1224689
@!@!@ENDMSG 2221 @!@!@
@!@!@STARTMSG 2221:0 @!@!@
  ||||line 79, col 37 to line 79, col 37 of module raft_0241865428: 840269
@!@!@ENDMSG 2221 @!@!@
@!@!@STARTMSG 2221:0 @!@!@
  |||line 79, col 24 to line 79, col 24 of module raft_0241865428: 840269
@!@!@ENDMSG 2221 @!@!@
@!@!@STARTMSG 2775:0 @!@!@
  ||line 219, col 40 to line 219, col 71 of module raft_0241865428: 840269:2905227
@!@!@ENDMSG 2775 @!@!@
@!@!@STARTMSG 2221:0 @!@!@
  |line 220, col 17 to line 220, col 36 of module raft_0241865428: 840269
@!@!@ENDMSG 2221 @!@!@
@!@!@STARTMSG 2221:0 @!@!@
  |line 221, col 17 to line 221, col 36 of module raft_0241865428: 840269
@!@!@ENDMSG 2221 @!@!@
@!@!@STARTMSG 2221:0 @!@!@
  line 222, col 11 to line 225, col 33 of module raft_0241865428: 840269
@!@!@ENDMSG 2221 @!@!@
@!@!@STARTMSG 2221:0 @!@!@
  |line 223, col 13 to line 225, col 33 of module raft_0241865428: 840269
@!@!@ENDMSG 2221 @!@!@
@!@!@STARTMSG 2221:0 @!@!@
  ||line 223, col 16 to line 223, col 92 of module raft_0241865428: 840269
@!@!@ENDMSG 2221 @!@!@
@!@!@STARTMSG 2221:0 @!@!@
  ||line 224, col 18 to line 224, col 72 of module raft_0241865428: 531181
@!@!@ENDMSG 2221 @!@!@
@!@!@STARTMSG 2221:0 @!@!@
  ||line 225, col 18 to line 225, col 33 of module raft_0241865428: 309088
@!@!@ENDMSG 2221 @!@!@
@!@!@STARTMSG 2221:0 @!@!@
  line 226, col 8 to line 226, col 122 of module raft_0241865428: 840269
@!@!@ENDMSG 2221 @!@!@
@!@!@STARTMSG 2221:0 @!@!@
  line 536, col 65 to line 536, col 68 of module raft_0241865428: 2650270
@!@!@ENDMSG 2221 @!@!@
@!@!@STARTMSG 2221:0 @!@!@
  line 536, col 71 to line 536, col 74 of module raft_0241865428: 2650270
@!@!@ENDMSG 2221 @!@!@
@!@!@STARTMSG 2772:0 @!@!@
<MySwitchNext line 528, col 1 to line 528, col 12 of module raft_0241865428 (537 7 540 17)>: 470468:1217773
@!@!@ENDMSG 2772 @!@!@
@!@!@STARTMSG 2221:0 @!@!@
  line 496, col 11 to line 496, col 23 of module raft_0241865428: 2435540
@!@!@ENDMSG 2221 @!@!@
@!@!@STARTMSG 2221:0 @!@!@
  |line 496, col 11 to line 496, col 11 of module raft_0241865428: 1217773
@!@!@ENDMSG 2221 @!@!@
@!@!@STARTMSG 2221:0 @!@!@
  |line 496, col 17 to line 496, col 23 of module raft_0241865428: 1217773
@!@!@ENDMSG 2221 @!@!@
@!@!@STARTMSG 2221:0 @!@!@
  line 466, col 8 to line 466, col 20 of module raft_0241865428: 1217773
@!@!@ENDMSG 2221 @!@!@
@!@!@STARTMSG 2221:0 @!@!@
  line 467, col 8 to line 467, col 19 of module raft_0241865428: 1217773
@!@!@ENDMSG 2221 @!@!@
@!@!@STARTMSG 2221:0 @!@!@
  line 468, col 8 to line 468, col 31 of module raft_0241865428: 1217773
@!@!@ENDMSG 2221 @!@!@
@!@!@STARTMSG 2221:0 @!@!@
  line 470, col 8 to line 470, col 60 of module raft_0241865428: 0
@!@!@ENDMSG 2221 @!@!@
@!@!@STARTMSG 2221:0 @!@!@
  line 471, col 8 to line 471, col 61 of module raft_0241865428: 0
@!@!@ENDMSG 2221 @!@!@
@!@!@STARTMSG 2221:0 @!@!@
  line 472, col 8 to line 472, col 56 of module raft_0241865428: 0
@!@!@ENDMSG 2221 @!@!@
@!@!@STARTMSG 2221:0 @!@!@
  line 473, col 8 to line 473, col 102 of module raft_0241865428: 0
@!@!@ENDMSG 2221 @!@!@
@!@!@STARTMSG 2221:0 @!@!@
  line 497, col 27 to line 497, col 27 of module raft_0241865428: 1217773
@!@!@ENDMSG 2221 @!@!@
@!@!@STARTMSG 2221:0 @!@!@
  line 497, col 30 to line 497, col 30 of module raft_0241865428: 1217773
@!@!@ENDMSG 2221 @!@!@
@!@!@STARTMSG 2221:0 @!@!@
  line 498, col 19 to line 498, col 46 of module raft_0241865428: 1217773
@!@!@ENDMSG 2221 @!@!@
@!@!@STARTMSG 2221:0 @!@!@
  line 318, col 24 to line 318, col 61 of module raft_0241865428: 0
@!@!@ENDMSG 2221 @!@!@
@!@!@STARTMSG 2221:0 @!@!@
  line 319, col 24 to line 319, col 41 of module raft_0241865428: 0
@!@!@ENDMSG 2221 @!@!@
@!@!@STARTMSG 2221:0 @!@!@
  line 77, col 29 to line 77, col 96 of module raft_0241865428: 0
@!@!@ENDMSG 2221 @!@!@
@!@!@STARTMSG 2221:0 @!@!@
  line 327, col 11 to line 327, col 115 of module raft_0241865428: 0
@!@!@ENDMSG 2221 @!@!@
@!@!@STARTMSG 2221:0 @!@!@
  line 500, col 19 to line 500, col 47 of module raft_0241865428: 1217773
@!@!@ENDMSG 2221 @!@!@
@!@!@STARTMSG 2221:0 @!@!@
  line 76, col 15 to line 76, col 53 of module raft_0241865428: 0
@!@!@ENDMSG 2221 @!@!@
@!@!@STARTMSG 2221:0 @!@!@
  line 480, col 8 to line 480, col 104 of module raft_0241865428: 0
@!@!@ENDMSG 2221 @!@!@
@!@!@STARTMSG 2221:0 @!@!@
  line 333, col 8 to line 334, col 57 of module raft_0241865428: 0
@!@!@ENDMSG 2221 @!@!@
@!@!@STARTMSG 2221:0 @!@!@
  line 336, col 14 to line 337, col 59 of module raft_0241865428: 0
@!@!@ENDMSG 2221 @!@!@
@!@!@STARTMSG 2221:0 @!@!@
  line 338, col 14 to line 339, col 59 of module raft_0241865428: 0
@!@!@ENDMSG 2221 @!@!@
@!@!@STARTMSG 2221:0 @!@!@
  line 341, col 14 to line 341, col 49 of module raft_0241865428: 0
@!@!@ENDMSG 2221 @!@!@
@!@!@STARTMSG 2221:0 @!@!@
  line 76, col 15 to line 76, col 53 of module raft_0241865428: 0
@!@!@ENDMSG 2221 @!@!@
@!@!@STARTMSG 2221:0 @!@!@
  line 343, col 8 to line 343, col 99 of module raft_0241865428: 0
@!@!@ENDMSG 2221 @!@!@
@!@!@STARTMSG 2221:0 @!@!@
  line 503, col 19 to line 503, col 48 of module raft_0241865428: 1978948
@!@!@ENDMSG 2221 @!@!@
@!@!@STARTMSG 2221:0 @!@!@
  |line 503, col 19 to line 503, col 25 of module raft_0241865428: 1217773
@!@!@ENDMSG 2221 @!@!@
@!@!@STARTMSG 2221:0 @!@!@
  |line 503, col 29 to line 503, col 48 of module raft_0241865428: 1217773
@!@!@ENDMSG 2221 @!@!@
@!@!@STARTMSG 2221:0 @!@!@
  line 360, col 11 to line 360, col 35 of module raft_0241865428: 761175
@!@!@ENDMSG 2221 @!@!@
@!@!@STARTMSG 2221:0 @!@!@
  |line 360, col 11 to line 360, col 17 of module raft_0241865428: 761181
@!@!@ENDMSG 2221 @!@!@
@!@!@STARTMSG 2221:0 @!@!@
  |line 360, col 22 to line 360, col 35 of module raft_0241865428: 761181
@!@!@ENDMSG 2221 @!@!@
@!@!@STARTMSG 2221:0 @!@!@
  line 361, col 11 to line 361, col 23 of module raft_0241865428: 1522356
@!@!@ENDMSG 2221 @!@!@
@!@!@STARTMSG 2221:0 @!@!@
  |line 361, col 11 to line 361, col 11 of module raft_0241865428: 761181
@!@!@ENDMSG 2221 @!@!@
@!@!@STARTMSG 2221:0 @!@!@
  |line 361, col 17 to line 361, col 23 of module raft_0241865428: 761181
@!@!@ENDMSG 2221 @!@!@
@!@!@STARTMSG 2221:0 @!@!@
  line 362, col 11 to line 362, col 23 of module raft_0241865428: 1522356
@!@!@ENDMSG 2221 @!@!@
@!@!@STARTMSG 2221:0 @!@!@
  |line 362, col 11 to line 362, col 11 of module raft_0241865428: 761181
@!@!@ENDMSG 2221 @!@!@
@!@!@STARTMSG 2221:0 @!@!@
  |line 362, col 17 to line 362, col 23 of module raft_0241865428: 761181
@!@!@ENDMSG 2221 @!@!@
@!@!@STARTMSG 2221:0 @!@!@
  line 365, col 20 to line 365, col 43 of module raft_0241865428: 761181
@!@!@ENDMSG 2221 @!@!@
@!@!@STARTMSG 2221:0 @!@!@
  line 366, col 23 to line 366, col 46 of module raft_0241865428: 761181
@!@!@ENDMSG 2221 @!@!@
@!@!@STARTMSG 2221:0 @!@!@
  line 367, col 23 to line 367, col 41 of module raft_0241865428: 761181
@!@!@ENDMSG 2221 @!@!@
@!@!@STARTMSG 2221:0 @!@!@
  line 368, col 23 to line 368, col 33 of module raft_0241865428: 761181
@!@!@ENDMSG 2221 @!@!@
@!@!@STARTMSG 2221:0 @!@!@
  |line 368, col 29 to line 368, col 33 of module raft_0241865428: 761181
@!@!@ENDMSG 2221 @!@!@
@!@!@STARTMSG 2221:0 @!@!@
  ||line 346, col 18 to line 349, col 68 of module raft_0241865428: 761181
@!@!@ENDMSG 2221 @!@!@
@!@!@STARTMSG 2221:0 @!@!@
  |||line 346, col 21 to line 346, col 39 of module raft_0241865428: 761181
@!@!@ENDMSG 2221 @!@!@
@!@!@STARTMSG 2221:0 @!@!@
  |||line 347, col 21 to line 349, col 68 of module raft_0241865428: 195606
@!@!@ENDMSG 2221 @!@!@
@!@!@STARTMSG 2221:0 @!@!@
  line 369, col 23 to line 369, col 46 of module raft_0241865428: 1356683
@!@!@ENDMSG 2221 @!@!@
@!@!@STARTMSG 2221:0 @!@!@
  |line 369, col 23 to line 369, col 29 of module raft_0241865428: 761181
@!@!@ENDMSG 2221 @!@!@
@!@!@STARTMSG 2221:0 @!@!@
  |line 369, col 33 to line 369, col 46 of module raft_0241865428: 761181
@!@!@ENDMSG 2221 @!@!@
@!@!@STARTMSG 2221:0 @!@!@
  line 370, col 23 to line 370, col 41 of module raft_0241865428: 1356683
@!@!@ENDMSG 2221 @!@!@
@!@!@STARTMSG 2221:0 @!@!@
  |line 370, col 23 to line 370, col 30 of module raft_0241865428: 761181
@!@!@ENDMSG 2221 @!@!@
@!@!@STARTMSG 2221:0 @!@!@
  |line 370, col 34 to line 370, col 41 of module raft_0241865428: 761181
@!@!@ENDMSG 2221 @!@!@
@!@!@STARTMSG 2221:0 @!@!@
  line 352, col 14 to line 352, col 31 of module raft_0241865428: 1356683
@!@!@ENDMSG 2221 @!@!@
@!@!@STARTMSG 2221:0 @!@!@
  |line 352, col 14 to line 352, col 23 of module raft_0241865428: 761181
@!@!@ENDMSG 2221 @!@!@
@!@!@STARTMSG 2221:0 @!@!@
  |line 352, col 28 to line 352, col 31 of module raft_0241865428: 761181
@!@!@ENDMSG 2221 @!@!@
@!@!@STARTMSG 2221:0 @!@!@
  line 357, col 14 to line 359, col 56 of module raft_0241865428: 1356683
@!@!@ENDMSG 2221 @!@!@
@!@!@STARTMSG 2221:0 @!@!@
  |line 357, col 22 to line 359, col 54 of module raft_0241865428: 761181
@!@!@ENDMSG 2221 @!@!@
@!@!@STARTMSG 2221:0 @!@!@
  ||line 357, col 25 to line 357, col 50 of module raft_0241865428: 761181
@!@!@ENDMSG 2221 @!@!@
@!@!@STARTMSG 2221:0 @!@!@
  ||line 358, col 25 to line 358, col 49 of module raft_0241865428: 165679
@!@!@ENDMSG 2221 @!@!@
@!@!@STARTMSG 2221:0 @!@!@
  ||line 359, col 25 to line 359, col 54 of module raft_0241865428: 165679
@!@!@ENDMSG 2221 @!@!@
@!@!@STARTMSG 2221:0 @!@!@
  line 77, col 29 to line 77, col 96 of module raft_0241865428: 595502
@!@!@ENDMSG 2221 @!@!@
@!@!@STARTMSG 2221:0 @!@!@
  |line 77, col 41 to line 77, col 96 of module raft_0241865428: 595502
@!@!@ENDMSG 2221 @!@!@
@!@!@STARTMSG 2221:0 @!@!@
  ||line 70, col 5 to line 73, col 12 of module raft_0241865428: 595502
@!@!@ENDMSG 2221 @!@!@
@!@!@STARTMSG 2221:0 @!@!@
  ||line 77, col 65 to line 77, col 95 of module raft_0241865428: 595502
@!@!@ENDMSG 2221 @!@!@
@!@!@STARTMSG 2221:0 @!@!@
  |||line 64, col 5 to line 67, col 24 of module raft_0241865428: 595502
@!@!@ENDMSG 2221 @!@!@
@!@!@STARTMSG 2221:0 @!@!@
  ||||line 64, col 8 to line 64, col 24 of module raft_0241865428: 595502
@!@!@ENDMSG 2221 @!@!@
@!@!@STARTMSG 2221:0 @!@!@
  ||||line 65, col 9 to line 65, col 68 of module raft_0241865428: 338226
@!@!@ENDMSG 2221 @!@!@
@!@!@STARTMSG 2221:0 @!@!@
  ||||line 67, col 9 to line 67, col 24 of module raft_0241865428: 257276
@!@!@ENDMSG 2221 @!@!@
@!@!@STARTMSG 2221:0 @!@!@
  |||line 77, col 87 to line 77, col 94 of module raft_0241865428: 595502
@!@!@ENDMSG 2221 @!@!@
@!@!@STARTMSG 2221:0 @!@!@
  line 372, col 23 to line 377, col 45 of module raft_0241865428: 595502
@!@!@ENDMSG 2221 @!@!@
@!@!@STARTMSG 2221:0 @!@!@
  line 379, col 17 to line 379, col 68 of module raft_0241865428: 595502
@!@!@ENDMSG 2221 @!@!@
@!@!@STARTMSG 2221:0 @!@!@
  line 382, col 17 to line 382, col 40 of module raft_0241865428: 761181
@!@!@ENDMSG 2221 @!@!@
@!@!@STARTMSG 2221:0 @!@!@
  line 383, col 17 to line 383, col 36 of module raft_0241865428: 761181
@!@!@ENDMSG 2221 @!@!@
@!@!@STARTMSG 2221:0 @!@!@
  line 384, col 17 to line 384, col 55 of module raft_0241865428: 0
@!@!@ENDMSG 2221 @!@!@
@!@!@STARTMSG 2221:0 @!@!@
  line 385, col 17 to line 385, col 89 of module raft_0241865428: 0
@!@!@ENDMSG 2221 @!@!@
@!@!@STARTMSG 2221:0 @!@!@
  line 388, col 17 to line 388, col 40 of module raft_0241865428: 926854
@!@!@ENDMSG 2221 @!@!@
@!@!@STARTMSG 2221:0 @!@!@
  |line 388, col 17 to line 388, col 23 of module raft_0241865428: 761181
@!@!@ENDMSG 2221 @!@!@
@!@!@STARTMSG 2221:0 @!@!@
  |line 388, col 27 to line 388, col 40 of module raft_0241865428: 761181
@!@!@ENDMSG 2221 @!@!@
@!@!@STARTMSG 2221:0 @!@!@
  line 389, col 17 to line 389, col 35 of module raft_0241865428: 926854
@!@!@ENDMSG 2221 @!@!@
@!@!@STARTMSG 2221:0 @!@!@
  |line 389, col 17 to line 389, col 24 of module raft_0241865428: 761181
@!@!@ENDMSG 2221 @!@!@
@!@!@STARTMSG 2221:0 @!@!@
  |line 389, col 28 to line 389, col 35 of module raft_0241865428: 761181
@!@!@ENDMSG 2221 @!@!@
@!@!@STARTMSG 2221:0 @!@!@
  line 346, col 21 to line 346, col 39 of module raft_0241865428: 869438
@!@!@ENDMSG 2221 @!@!@
@!@!@STARTMSG 2221:0 @!@!@
  |line 346, col 21 to line 346, col 35 of module raft_0241865428: 761181
@!@!@ENDMSG 2221 @!@!@
@!@!@STARTMSG 2221:0 @!@!@
  line 347, col 24 to line 347, col 42 of module raft_0241865428: 57416
@!@!@ENDMSG 2221 @!@!@
@!@!@STARTMSG 2221:0 @!@!@
  |line 347, col 24 to line 347, col 38 of module raft_0241865428: 761181
@!@!@ENDMSG 2221 @!@!@
@!@!@STARTMSG 2221:0 @!@!@
  line 348, col 24 to line 348, col 53 of module raft_0241865428: 57416
@!@!@ENDMSG 2221 @!@!@
@!@!@STARTMSG 2221:0 @!@!@
  |line 348, col 24 to line 348, col 38 of module raft_0241865428: 195606
@!@!@ENDMSG 2221 @!@!@
@!@!@STARTMSG 2221:0 @!@!@
  |line 348, col 43 to line 348, col 53 of module raft_0241865428: 195606
@!@!@ENDMSG 2221 @!@!@
@!@!@STARTMSG 2221:0 @!@!@
  line 349, col 24 to line 349, col 68 of module raft_0241865428: 253022
@!@!@ENDMSG 2221 @!@!@
@!@!@STARTMSG 2221:0 @!@!@
  |line 349, col 24 to line 349, col 37 of module raft_0241865428: 195606
@!@!@ENDMSG 2221 @!@!@
@!@!@STARTMSG 2221:0 @!@!@
  |line 349, col 41 to line 349, col 68 of module raft_0241865428: 195606
@!@!@ENDMSG 2221 @!@!@
@!@!@STARTMSG 2221:0 @!@!@
  line 391, col 17 to line 391, col 41 of module raft_0241865428: 926854
@!@!@ENDMSG 2221 @!@!@
@!@!@STARTMSG 2221:0 @!@!@
  |line 391, col 23 to line 391, col 41 of module raft_0241865428: 761181
@!@!@ENDMSG 2221 @!@!@
@!@!@STARTMSG 2221:0 @!@!@
  ||line 352, col 11 to line 359, col 56 of module raft_0241865428: 761181
@!@!@ENDMSG 2221 @!@!@
@!@!@STARTMSG 2221:0 @!@!@
  |||line 352, col 14 to line 352, col 31 of module raft_0241865428: 761181
@!@!@ENDMSG 2221 @!@!@
@!@!@STARTMSG 2221:0 @!@!@
  |||line 355, col 29 to line 355, col 56 of module raft_0241865428: 165679
@!@!@ENDMSG 2221 @!@!@
@!@!@STARTMSG 2221:0 @!@!@
  |||line 353, col 45 to line 353, col 57 of module raft_0241865428: 761181
@!@!@ENDMSG 2221 @!@!@
@!@!@STARTMSG 2221:0 @!@!@
  |||line 354, col 23 to line 354, col 51 of module raft_0241865428: 761181
@!@!@ENDMSG 2221 @!@!@
@!@!@STARTMSG 2221:0 @!@!@
  |||line 357, col 14 to line 359, col 56 of module raft_0241865428: 761181
@!@!@ENDMSG 2221 @!@!@
@!@!@STARTMSG 2221:0 @!@!@
  ||||line 357, col 22 to line 359, col 54 of module raft_0241865428: 761181
@!@!@ENDMSG 2221 @!@!@
@!@!@STARTMSG 2221:0 @!@!@
  |||||line 357, col 25 to line 357, col 50 of module raft_0241865428: 761181
@!@!@ENDMSG 2221 @!@!@
@!@!@STARTMSG 2221:0 @!@!@
  |||||line 358, col 25 to line 358, col 49 of module raft_0241865428: 165679
@!@!@ENDMSG 2221 @!@!@
@!@!@STARTMSG 2221:0 @!@!@
  |||||line 359, col 25 to line 359, col 54 of module raft_0241865428: 165679
@!@!@ENDMSG 2221 @!@!@
@!@!@STARTMSG 2221:0 @!@!@
  line 395, col 27 to line 399, col 73 of module raft_0241865428: 165679
@!@!@ENDMSG 2221 @!@!@
@!@!@STARTMSG 2221:0 @!@!@
  line 400, col 27 to line 400, col 106 of module raft_0241865428: 0
@!@!@ENDMSG 2221 @!@!@
@!@!@STARTMSG 2221:0 @!@!@
  line 77, col 29 to line 77, col 96 of module raft_0241865428: 0
@!@!@ENDMSG 2221 @!@!@
@!@!@STARTMSG 2221:0 @!@!@
  line 408, col 27 to line 408, col 74 of module raft_0241865428: 0
@!@!@ENDMSG 2221 @!@!@
@!@!@STARTMSG 2221:0 @!@!@
  line 411, col 27 to line 411, col 45 of module raft_0241865428: 165679
@!@!@ENDMSG 2221 @!@!@
@!@!@STARTMSG 2221:0 @!@!@
  line 412, col 27 to line 412, col 46 of module raft_0241865428: 165679
@!@!@ENDMSG 2221 @!@!@
@!@!@STARTMSG 2221:0 @!@!@
  line 415, col 30 to line 415, col 62 of module raft_0241865428: 0
@!@!@ENDMSG 2221 @!@!@
@!@!@STARTMSG 2221:0 @!@!@
  line 77, col 29 to line 77, col 96 of module raft_0241865428: 0
@!@!@ENDMSG 2221 @!@!@
@!@!@STARTMSG 2221:0 @!@!@
  line 421, col 27 to line 421, col 82 of module raft_0241865428: 0
@!@!@ENDMSG 2221 @!@!@
@!@!@STARTMSG 2221:0 @!@!@
  line 424, col 27 to line 424, col 45 of module raft_0241865428: 331352
@!@!@ENDMSG 2221 @!@!@
@!@!@STARTMSG 2221:0 @!@!@
  |line 424, col 27 to line 424, col 36 of module raft_0241865428: 165679
@!@!@ENDMSG 2221 @!@!@
@!@!@STARTMSG 2221:0 @!@!@
  |line 424, col 41 to line 424, col 45 of module raft_0241865428: 165679
@!@!@ENDMSG 2221 @!@!@
@!@!@STARTMSG 2221:0 @!@!@
  line 425, col 27 to line 425, col 55 of module raft_0241865428: 331352
@!@!@ENDMSG 2221 @!@!@
@!@!@STARTMSG 2221:0 @!@!@
  |line 425, col 27 to line 425, col 37 of module raft_0241865428: 165679
@!@!@ENDMSG 2221 @!@!@
@!@!@STARTMSG 2221:0 @!@!@
  |line 425, col 41 to line 425, col 55 of module raft_0241865428: 165679
@!@!@ENDMSG 2221 @!@!@
@!@!@STARTMSG 2221:0 @!@!@
  line 428, col 30 to line 428, col 93 of module raft_0241865428: 165673
@!@!@ENDMSG 2221 @!@!@
@!@!@STARTMSG 2221:0 @!@!@
  |line 428, col 37 to line 428, col 93 of module raft_0241865428: 165679
@!@!@ENDMSG 2221 @!@!@
@!@!@STARTMSG 2221:0 @!@!@
  line 429, col 33 to line 429, col 127 of module raft_0241865428: 165673
@!@!@ENDMSG 2221 @!@!@
@!@!@STARTMSG 2221:0 @!@!@
  |line 429, col 54 to line 429, col 127 of module raft_0241865428: 165679
@!@!@ENDMSG 2221 @!@!@
@!@!@STARTMSG 2221:0 @!@!@
  line 430, col 27 to line 430, col 106 of module raft_0241865428: 165673
@!@!@ENDMSG 2221 @!@!@
@!@!@STARTMSG 2221:0 @!@!@
  |line 430, col 42 to line 430, col 106 of module raft_0241865428: 165679
@!@!@ENDMSG 2221 @!@!@
@!@!@STARTMSG 2221:0 @!@!@
  ||line 430, col 43 to line 430, col 53 of module raft_0241865428: 165679
@!@!@ENDMSG 2221 @!@!@
@!@!@STARTMSG 2221:0 @!@!@
  ||line 430, col 62 to line 430, col 105 of module raft_0241865428: 165679
@!@!@ENDMSG 2221 @!@!@
@!@!@STARTMSG 2221:0 @!@!@
  ||line 430, col 69 to line 430, col 105 of module raft_0241865428: 165679
@!@!@ENDMSG 2221 @!@!@
@!@!@STARTMSG 2221:0 @!@!@
  |||line 80, col 11 to line 80, col 46 of module raft_0241865428: 165679
@!@!@ENDMSG 2221 @!@!@
@!@!@STARTMSG 2221:0 @!@!@
  ||||line 80, col 28 to line 80, col 46 of module raft_0241865428: 188887
@!@!@ENDMSG 2221 @!@!@
@!@!@STARTMSG 2221:0 @!@!@
  |||||line 80, col 41 to line 80, col 46 of module raft_0241865428: 235303
@!@!@ENDMSG 2221 @!@!@
@!@!@STARTMSG 2221:0 @!@!@
  |||||line 80, col 37 to line 80, col 37 of module raft_0241865428: 188887
@!@!@ENDMSG 2221 @!@!@
@!@!@STARTMSG 2221:0 @!@!@
  ||||line 80, col 24 to line 80, col 24 of module raft_0241865428: 165679
@!@!@ENDMSG 2221 @!@!@
@!@!@STARTMSG 2775:0 @!@!@
  |||line 430, col 73 to line 430, col 104 of module raft_0241865428: 165679:613077
@!@!@ENDMSG 2775 @!@!@
@!@!@STARTMSG 2221:0 @!@!@
  line 77, col 29 to line 77, col 96 of module raft_0241865428: 165673
@!@!@ENDMSG 2221 @!@!@
@!@!@STARTMSG 2221:0 @!@!@
  |line 77, col 41 to line 77, col 96 of module raft_0241865428: 165679
@!@!@ENDMSG 2221 @!@!@
@!@!@STARTMSG 2221:0 @!@!@
  line 431, col 33 to line 436, col 55 of module raft_0241865428: 165679
@!@!@ENDMSG 2221 @!@!@
@!@!@STARTMSG 2221:0 @!@!@
  line 438, col 27 to line 438, col 50 of module raft_0241865428: 165673
@!@!@ENDMSG 2221 @!@!@
@!@!@STARTMSG 2221:0 @!@!@
  line 440, col 11 to line 440, col 102 of module raft_0241865428: 761175
@!@!@ENDMSG 2221 @!@!@
@!@!@STARTMSG 2221:0 @!@!@
  line 504, col 46 to line 504, col 46 of module raft_0241865428: 761181
@!@!@ENDMSG 2221 @!@!@
@!@!@STARTMSG 2221:0 @!@!@
  line 504, col 49 to line 504, col 49 of module raft_0241865428: 761181
@!@!@ENDMSG 2221 @!@!@
@!@!@STARTMSG 2221:0 @!@!@
  line 505, col 19 to line 505, col 49 of module raft_0241865428: 1674359
@!@!@ENDMSG 2221 @!@!@
@!@!@STARTMSG 2221:0 @!@!@
  |line 505, col 19 to line 505, col 25 of module raft_0241865428: 1217767
@!@!@ENDMSG 2221 @!@!@
@!@!@STARTMSG 2221:0 @!@!@
  |line 505, col 29 to line 505, col 49 of module raft_0241865428: 1217767
@!@!@ENDMSG 2221 @!@!@
@!@!@STARTMSG 2221:0 @!@!@
  line 476, col 8 to line 476, col 20 of module raft_0241865428: 456592
@!@!@ENDMSG 2221 @!@!@
@!@!@STARTMSG 2221:0 @!@!@
  line 477, col 8 to line 477, col 19 of module raft_0241865428: 456592
@!@!@ENDMSG 2221 @!@!@
@!@!@STARTMSG 2221:0 @!@!@
  line 478, col 8 to line 478, col 31 of module raft_0241865428: 456592
@!@!@ENDMSG 2221 @!@!@
@!@!@STARTMSG 2221:0 @!@!@
  line 76, col 15 to line 76, col 53 of module raft_0241865428: 0
@!@!@ENDMSG 2221 @!@!@
@!@!@STARTMSG 2221:0 @!@!@
  line 480, col 8 to line 480, col 104 of module raft_0241865428: 0
@!@!@ENDMSG 2221 @!@!@
@!@!@STARTMSG 2221:0 @!@!@
  line 506, col 40 to line 506, col 40 of module raft_0241865428: 456592
@!@!@ENDMSG 2221 @!@!@
@!@!@STARTMSG 2221:0 @!@!@
  line 506, col 43 to line 506, col 43 of module raft_0241865428: 456592
@!@!@ENDMSG 2221 @!@!@
@!@!@STARTMSG 2221:0 @!@!@
  line 443, col 8 to line 443, col 20 of module raft_0241865428: 913184
@!@!@ENDMSG 2221 @!@!@
@!@!@STARTMSG 2221:0 @!@!@
  |line 443, col 8 to line 443, col 8 of module raft_0241865428: 456592
@!@!@ENDMSG 2221 @!@!@
@!@!@STARTMSG 2221:0 @!@!@
  |line 443, col 14 to line 443, col 20 of module raft_0241865428: 456592
@!@!@ENDMSG 2221 @!@!@
@!@!@STARTMSG 2221:0 @!@!@
  line 444, col 8 to line 444, col 20 of module raft_0241865428: 913184
@!@!@ENDMSG 2221 @!@!@
@!@!@STARTMSG 2221:0 @!@!@
  |line 444, col 8 to line 444, col 8 of module raft_0241865428: 456592
@!@!@ENDMSG 2221 @!@!@
@!@!@STARTMSG 2221:0 @!@!@
  |line 444, col 14 to line 444, col 20 of module raft_0241865428: 456592
@!@!@ENDMSG 2221 @!@!@
@!@!@STARTMSG 2221:0 @!@!@
  line 445, col 8 to line 445, col 31 of module raft_0241865428: 913184
@!@!@ENDMSG 2221 @!@!@
@!@!@STARTMSG 2221:0 @!@!@
  |line 445, col 8 to line 445, col 14 of module raft_0241865428: 456592
@!@!@ENDMSG 2221 @!@!@
@!@!@STARTMSG 2221:0 @!@!@
  |line 445, col 18 to line 445, col 31 of module raft_0241865428: 456592
@!@!@ENDMSG 2221 @!@!@
@!@!@STARTMSG 2221:0 @!@!@
  line 446, col 14 to line 446, col 23 of module raft_0241865428: 586539
@!@!@ENDMSG 2221 @!@!@
@!@!@STARTMSG 2221:0 @!@!@
  |line 446, col 14 to line 446, col 14 of module raft_0241865428: 456592
@!@!@ENDMSG 2221 @!@!@
@!@!@STARTMSG 2221:0 @!@!@
  line 451, col 20 to line 451, col 80 of module raft_0241865428: 129947
@!@!@ENDMSG 2221 @!@!@
@!@!@STARTMSG 2221:0 @!@!@
  |line 451, col 34 to line 451, col 80 of module raft_0241865428: 129947
@!@!@ENDMSG 2221 @!@!@
@!@!@STARTMSG 2221:0 @!@!@
  ||line 451, col 35 to line 451, col 43 of module raft_0241865428: 129947
@!@!@ENDMSG 2221 @!@!@
@!@!@STARTMSG 2221:0 @!@!@
  ||line 451, col 53 to line 451, col 79 of module raft_0241865428: 129947
@!@!@ENDMSG 2221 @!@!@
@!@!@STARTMSG 2221:0 @!@!@
  ||line 451, col 63 to line 451, col 79 of module raft_0241865428: 129947
@!@!@ENDMSG 2221 @!@!@
@!@!@STARTMSG 2221:0 @!@!@
  |||line 451, col 63 to line 451, col 75 of module raft_0241865428: 129947
@!@!@ENDMSG 2221 @!@!@
@!@!@STARTMSG 2221:0 @!@!@
  ||||line 447, col 35 to line 447, col 72 of module raft_0241865428: 129947
@!@!@ENDMSG 2221 @!@!@
@!@!@STARTMSG 2221:0 @!@!@
  |||||line 80, col 11 to line 80, col 46 of module raft_0241865428: 129947
@!@!@ENDMSG 2221 @!@!@
@!@!@STARTMSG 2221:0 @!@!@
  ||||||line 80, col 28 to line 80, col 46 of module raft_0241865428: 259894
@!@!@ENDMSG 2221 @!@!@
@!@!@STARTMSG 2221:0 @!@!@
  |||||||line 80, col 41 to line 80, col 46 of module raft_0241865428: 519788
@!@!@ENDMSG 2221 @!@!@
@!@!@STARTMSG 2221:0 @!@!@
  |||||||line 80, col 37 to line 80, col 37 of module raft_0241865428: 259894
@!@!@ENDMSG 2221 @!@!@
@!@!@STARTMSG 2221:0 @!@!@
  ||||||line 80, col 24 to line 80, col 24 of module raft_0241865428: 129947
@!@!@ENDMSG 2221 @!@!@
@!@!@STARTMSG 2775:0 @!@!@
  |||||line 447, col 39 to line 447, col 71 of module raft_0241865428: 129947:1039576
@!@!@ENDMSG 2775 @!@!@
@!@!@STARTMSG 2221:0 @!@!@
  line 452, col 20 to line 452, col 76 of module raft_0241865428: 129947
@!@!@ENDMSG 2221 @!@!@
@!@!@STARTMSG 2221:0 @!@!@
  |line 452, col 34 to line 452, col 76 of module raft_0241865428: 129947
@!@!@ENDMSG 2221 @!@!@
@!@!@STARTMSG 2221:0 @!@!@
  ||line 452, col 35 to line 452, col 44 of module raft_0241865428: 129947
@!@!@ENDMSG 2221 @!@!@
@!@!@STARTMSG 2221:0 @!@!@
  ||line 452, col 53 to line 452, col 75 of module raft_0241865428: 129947
@!@!@ENDMSG 2221 @!@!@
@!@!@STARTMSG 2221:0 @!@!@
  ||line 452, col 63 to line 452, col 75 of module raft_0241865428: 129947
@!@!@ENDMSG 2221 @!@!@
@!@!@STARTMSG 2221:0 @!@!@
  |||line 447, col 35 to line 447, col 72 of module raft_0241865428: 129947
@!@!@ENDMSG 2221 @!@!@
@!@!@STARTMSG 2221:0 @!@!@
  ||||line 80, col 11 to line 80, col 46 of module raft_0241865428: 129947
@!@!@ENDMSG 2221 @!@!@
@!@!@STARTMSG 2221:0 @!@!@
  |||||line 80, col 28 to line 80, col 46 of module raft_0241865428: 259894
@!@!@ENDMSG 2221 @!@!@
@!@!@STARTMSG 2221:0 @!@!@
  ||||||line 80, col 41 to line 80, col 46 of module raft_0241865428: 519788
@!@!@ENDMSG 2221 @!@!@
@!@!@STARTMSG 2221:0 @!@!@
  ||||||line 80, col 37 to line 80, col 37 of module raft_0241865428: 259894
@!@!@ENDMSG 2221 @!@!@
@!@!@STARTMSG 2221:0 @!@!@
  |||||line 80, col 24 to line 80, col 24 of module raft_0241865428: 129947
@!@!@ENDMSG 2221 @!@!@
@!@!@STARTMSG 2775:0 @!@!@
  ||||line 447, col 39 to line 447, col 71 of module raft_0241865428: 129947:1039576
@!@!@ENDMSG 2775 @!@!@
@!@!@STARTMSG 2221:0 @!@!@
  line 453, col 20 to line 458, col 42 of module raft_0241865428: 129947
@!@!@ENDMSG 2221 @!@!@
@!@!@STARTMSG 2221:0 @!@!@
  |line 454, col 22 to line 458, col 42 of module raft_0241865428: 129947
@!@!@ENDMSG 2221 @!@!@
@!@!@STARTMSG 2221:0 @!@!@
  ||line 454, col 25 to line 456, col 64 of module raft_0241865428: 129947
@!@!@ENDMSG 2221 @!@!@
@!@!@STARTMSG 2221:0 @!@!@
  |||line 454, col 28 to line 454, col 47 of module raft_0241865428: 129947
@!@!@ENDMSG 2221 @!@!@
@!@!@STARTMSG 2221:0 @!@!@
  ||||line 454, col 28 to line 454, col 35 of module raft_0241865428: 129947
@!@!@ENDMSG 2221 @!@!@
@!@!@STARTMSG 2221:0 @!@!@
  |||||line 448, col 30 to line 450, col 43 of module raft_0241865428: 129947
@!@!@ENDMSG 2221 @!@!@
@!@!@STARTMSG 2221:0 @!@!@
  ||||||line 448, col 33 to line 448, col 81 of module raft_0241865428: 129947
@!@!@ENDMSG 2221 @!@!@
@!@!@STARTMSG 2221:0 @!@!@
  |||||||line 448, col 33 to line 448, col 49 of module raft_0241865428: 129947
@!@!@ENDMSG 2221 @!@!@
@!@!@STARTMSG 2221:0 @!@!@
  ||||||||line 448, col 33 to line 448, col 45 of module raft_0241865428: 129947
@!@!@ENDMSG 2221 @!@!@
@!@!@STARTMSG 2221:0 @!@!@
  |||||||||line 447, col 35 to line 447, col 72 of module raft_0241865428: 129947
@!@!@ENDMSG 2221 @!@!@
@!@!@STARTMSG 2221:0 @!@!@
  ||||||||||line 80, col 11 to line 80, col 46 of module raft_0241865428: 129947
@!@!@ENDMSG 2221 @!@!@
@!@!@STARTMSG 2221:0 @!@!@
  |||||||||||line 80, col 28 to line 80, col 46 of module raft_0241865428: 259894
@!@!@ENDMSG 2221 @!@!@
@!@!@STARTMSG 2221:0 @!@!@
  ||||||||||||line 80, col 41 to line 80, col 46 of module raft_0241865428: 519788
@!@!@ENDMSG 2221 @!@!@
@!@!@STARTMSG 2221:0 @!@!@
  ||||||||||||line 80, col 37 to line 80, col 37 of module raft_0241865428: 259894
@!@!@ENDMSG 2221 @!@!@
@!@!@STARTMSG 2221:0 @!@!@
  |||||||||||line 80, col 24 to line 80, col 24 of module raft_0241865428: 129947
@!@!@ENDMSG 2221 @!@!@
@!@!@STARTMSG 2775:0 @!@!@
  ||||||||||line 447, col 39 to line 447, col 71 of module raft_0241865428: 129947:1039576
@!@!@ENDMSG 2775 @!@!@
@!@!@STARTMSG 2221:0 @!@!@
  |||||||line 448, col 54 to line 448, col 81 of module raft_0241865428: 129947
@!@!@ENDMSG 2221 @!@!@
@!@!@STARTMSG 2221:0 @!@!@
  ||||||||line 448, col 54 to line 448, col 66 of module raft_0241865428: 129947
@!@!@ENDMSG 2221 @!@!@
@!@!@STARTMSG 2221:0 @!@!@
  |||||||||line 447, col 35 to line 447, col 72 of module raft_0241865428: 129947
@!@!@ENDMSG 2221 @!@!@
@!@!@STARTMSG 2221:0 @!@!@
  ||||||||||line 80, col 11 to line 80, col 46 of module raft_0241865428: 129947
@!@!@ENDMSG 2221 @!@!@
@!@!@STARTMSG 2221:0 @!@!@
  |||||||||||line 80, col 28 to line 80, col 46 of module raft_0241865428: 259894
@!@!@ENDMSG 2221 @!@!@
@!@!@STARTMSG 2221:0 @!@!@
  ||||||||||||line 80, col 41 to line 80, col 46 of module raft_0241865428: 519788
@!@!@ENDMSG 2221 @!@!@
@!@!@STARTMSG 2221:0 @!@!@
  ||||||||||||line 80, col 37 to line 80, col 37 of module raft_0241865428: 259894
@!@!@ENDMSG 2221 @!@!@
@!@!@STARTMSG 2221:0 @!@!@
  |||||||||||line 80, col 24 to line 80, col 24 of module raft_0241865428: 129947
@!@!@ENDMSG 2221 @!@!@
@!@!@STARTMSG 2775:0 @!@!@
  ||||||||||line 447, col 39 to line 447, col 71 of module raft_0241865428: 129947:1039576
@!@!@ENDMSG 2775 @!@!@
@!@!@STARTMSG 2221:0 @!@!@
  ||||||||line 448, col 71 to line 448, col 81 of module raft_0241865428: 129947
@!@!@ENDMSG 2221 @!@!@
@!@!@STARTMSG 2221:0 @!@!@
  ||||||line 449, col 36 to line 449, col 80 of module raft_0241865428: 129947
@!@!@ENDMSG 2221 @!@!@
@!@!@STARTMSG 2221:0 @!@!@
  |||||||line 449, col 38 to line 449, col 50 of module raft_0241865428: 129947
@!@!@ENDMSG 2221 @!@!@
@!@!@STARTMSG 2221:0 @!@!@
  ||||||||line 447, col 35 to line 447, col 72 of module raft_0241865428: 129947
@!@!@ENDMSG 2221 @!@!@
@!@!@STARTMSG 2221:0 @!@!@
  |||||||||line 80, col 11 to line 80, col 46 of module raft_0241865428: 129947
@!@!@ENDMSG 2221 @!@!@
@!@!@STARTMSG 2221:0 @!@!@
  ||||||||||line 80, col 28 to line 80, col 46 of module raft_0241865428: 259894
@!@!@ENDMSG 2221 @!@!@
@!@!@STARTMSG 2221:0 @!@!@
  |||||||||||line 80, col 41 to line 80, col 46 of module raft_0241865428: 519788
@!@!@ENDMSG 2221 @!@!@
@!@!@STARTMSG 2221:0 @!@!@
  |||||||||||line 80, col 37 to line 80, col 37 of module raft_0241865428: 259894
@!@!@ENDMSG 2221 @!@!@
@!@!@STARTMSG 2221:0 @!@!@
  ||||||||||line 80, col 24 to line 80, col 24 of module raft_0241865428: 129947
@!@!@ENDMSG 2221 @!@!@
@!@!@STARTMSG 2775:0 @!@!@
  |||||||||line 447, col 39 to line 447, col 71 of module raft_0241865428: 129947:1039576
@!@!@ENDMSG 2775 @!@!@
@!@!@STARTMSG 2221:0 @!@!@
  |||||||line 449, col 53 to line 449, col 78 of module raft_0241865428: 129947
@!@!@ENDMSG 2221 @!@!@
@!@!@STARTMSG 2221:0 @!@!@
  ||||||||line 449, col 53 to line 449, col 73 of module raft_0241865428: 129947
@!@!@ENDMSG 2221 @!@!@
@!@!@STARTMSG 2221:0 @!@!@
  |||||||||line 449, col 53 to line 449, col 58 of module raft_0241865428: 129947
@!@!@ENDMSG 2221 @!@!@
@!@!@STARTMSG 2221:0 @!@!@
  |||||||||line 449, col 60 to line 449, col 72 of module raft_0241865428: 129947
@!@!@ENDMSG 2221 @!@!@
@!@!@STARTMSG 2221:0 @!@!@
  ||||||||||line 447, col 35 to line 447, col 72 of module raft_0241865428: 129947
@!@!@ENDMSG 2221 @!@!@
@!@!@STARTMSG 2221:0 @!@!@
  |||||||||||line 80, col 11 to line 80, col 46 of module raft_0241865428: 129947
@!@!@ENDMSG 2221 @!@!@
@!@!@STARTMSG 2221:0 @!@!@
  ||||||||||||line 80, col 28 to line 80, col 46 of module raft_0241865428: 259894
@!@!@ENDMSG 2221 @!@!@
@!@!@STARTMSG 2221:0 @!@!@
  |||||||||||||line 80, col 41 to line 80, col 46 of module raft_0241865428: 519788
@!@!@ENDMSG 2221 @!@!@
@!@!@STARTMSG 2221:0 @!@!@
  |||||||||||||line 80, col 37 to line 80, col 37 of module raft_0241865428: 259894
@!@!@ENDMSG 2221 @!@!@
@!@!@STARTMSG 2221:0 @!@!@
  ||||||||||||line 80, col 24 to line 80, col 24 of module raft_0241865428: 129947
@!@!@ENDMSG 2221 @!@!@
@!@!@STARTMSG 2775:0 @!@!@
  |||||||||||line 447, col 39 to line 447, col 71 of module raft_0241865428: 129947:1039576
@!@!@ENDMSG 2775 @!@!@
@!@!@STARTMSG 2221:0 @!@!@
  ||||line 454, col 40 to line 454, col 47 of module raft_0241865428: 129947
@!@!@ENDMSG 2221 @!@!@
@!@!@STARTMSG 2221:0 @!@!@
  |||line 455, col 28 to line 455, col 63 of module raft_0241865428: 129947
@!@!@ENDMSG 2221 @!@!@
@!@!@STARTMSG 2221:0 @!@!@
  ||||line 455, col 28 to line 455, col 35 of module raft_0241865428: 129947
@!@!@ENDMSG 2221 @!@!@
@!@!@STARTMSG 2221:0 @!@!@
  |||||line 448, col 30 to line 450, col 43 of module raft_0241865428: 129947
@!@!@ENDMSG 2221 @!@!@
@!@!@STARTMSG 2221:0 @!@!@
  ||||||line 448, col 33 to line 448, col 81 of module raft_0241865428: 129947
@!@!@ENDMSG 2221 @!@!@
@!@!@STARTMSG 2221:0 @!@!@
  |||||||line 448, col 33 to line 448, col 49 of module raft_0241865428: 129947
@!@!@ENDMSG 2221 @!@!@
@!@!@STARTMSG 2221:0 @!@!@
  ||||||||line 448, col 33 to line 448, col 45 of module raft_0241865428: 129947
@!@!@ENDMSG 2221 @!@!@
@!@!@STARTMSG 2221:0 @!@!@
  |||||||||line 447, col 35 to line 447, col 72 of module raft_0241865428: 129947
@!@!@ENDMSG 2221 @!@!@
@!@!@STARTMSG 2221:0 @!@!@
  ||||||||||line 80, col 11 to line 80, col 46 of module raft_0241865428: 129947
@!@!@ENDMSG 2221 @!@!@
@!@!@STARTMSG 2221:0 @!@!@
  |||||||||||line 80, col 28 to line 80, col 46 of module raft_0241865428: 259894
@!@!@ENDMSG 2221 @!@!@
@!@!@STARTMSG 2221:0 @!@!@
  ||||||||||||line 80, col 41 to line 80, col 46 of module raft_0241865428: 519788
@!@!@ENDMSG 2221 @!@!@
@!@!@STARTMSG 2221:0 @!@!@
  ||||||||||||line 80, col 37 to line 80, col 37 of module raft_0241865428: 259894
@!@!@ENDMSG 2221 @!@!@
@!@!@STARTMSG 2221:0 @!@!@
  |||||||||||line 80, col 24 to line 80, col 24 of module raft_0241865428: 129947
@!@!@ENDMSG 2221 @!@!@
@!@!@STARTMSG 2775:0 @!@!@
  ||||||||||line 447, col 39 to line 447, col 71 of module raft_0241865428: 129947:1039576
@!@!@ENDMSG 2775 @!@!@
@!@!@STARTMSG 2221:0 @!@!@
  |||||||line 448, col 54 to line 448, col 81 of module raft_0241865428: 129947
@!@!@ENDMSG 2221 @!@!@
@!@!@STARTMSG 2221:0 @!@!@
  ||||||||line 448, col 54 to line 448, col 66 of module raft_0241865428: 129947
@!@!@ENDMSG 2221 @!@!@
@!@!@STARTMSG 2221:0 @!@!@
  |||||||||line 447, col 35 to line 447, col 72 of module raft_0241865428: 129947
@!@!@ENDMSG 2221 @!@!@
@!@!@STARTMSG 2221:0 @!@!@
  ||||||||||line 80, col 11 to line 80, col 46 of module raft_0241865428: 129947
@!@!@ENDMSG 2221 @!@!@
@!@!@STARTMSG 2221:0 @!@!@
  |||||||||||line 80, col 28 to line 80, col 46 of module raft_0241865428: 259894
@!@!@ENDMSG 2221 @!@!@
@!@!@STARTMSG 2221:0 @!@!@
  ||||||||||||line 80, col 41 to line 80, col 46 of module raft_0241865428: 519788
@!@!@ENDMSG 2221 @!@!@
@!@!@STARTMSG 2221:0 @!@!@
  ||||||||||||line 80, col 37 to line 80, col 37 of module raft_0241865428: 259894
@!@!@ENDMSG 2221 @!@!@
@!@!@STARTMSG 2221:0 @!@!@
  |||||||||||line 80, col 24 to line 80, col 24 of module raft_0241865428: 129947
@!@!@ENDMSG 2221 @!@!@
@!@!@STARTMSG 2775:0 @!@!@
  ||||||||||line 447, col 39 to line 447, col 71 of module raft_0241865428: 129947:1039576
@!@!@ENDMSG 2775 @!@!@
@!@!@STARTMSG 2221:0 @!@!@
  ||||||||line 448, col 71 to line 448, col 81 of module raft_0241865428: 129947
@!@!@ENDMSG 2221 @!@!@
@!@!@STARTMSG 2221:0 @!@!@
  ||||||line 449, col 36 to line 449, col 80 of module raft_0241865428: 129947
@!@!@ENDMSG 2221 @!@!@
@!@!@STARTMSG 2221:0 @!@!@
  |||||||line 449, col 38 to line 449, col 50 of module raft_0241865428: 129947
@!@!@ENDMSG 2221 @!@!@
@!@!@STARTMSG 2221:0 @!@!@
  ||||||||line 447, col 35 to line 447, col 72 of module raft_0241865428: 129947
@!@!@ENDMSG 2221 @!@!@
@!@!@STARTMSG 2221:0 @!@!@
  |||||||||line 80, col 11 to line 80, col 46 of module raft_0241865428: 129947
@!@!@ENDMSG 2221 @!@!@
@!@!@STARTMSG 2221:0 @!@!@
  ||||||||||line 80, col 28 to line 80, col 46 of module raft_0241865428: 259894
@!@!@ENDMSG 2221 @!@!@
@!@!@STARTMSG 2221:0 @!@!@
  |||||||||||line 80, col 41 to line 80, col 46 of module raft_0241865428: 519788
@!@!@ENDMSG 2221 @!@!@
@!@!@STARTMSG 2221:0 @!@!@
  |||||||||||line 80, col 37 to line 80, col 37 of module raft_0241865428: 259894
@!@!@ENDMSG 2221 @!@!@
@!@!@STARTMSG 2221:0 @!@!@
  ||||||||||line 80, col 24 to line 80, col 24 of module raft_0241865428: 129947
@!@!@ENDMSG 2221 @!@!@
@!@!@STARTMSG 2775:0 @!@!@
  |||||||||line 447, col 39 to line 447, col 71 of module raft_0241865428: 129947:1039576
@!@!@ENDMSG 2775 @!@!@
@!@!@STARTMSG 2221:0 @!@!@
  |||||||line 449, col 53 to line 449, col 78 of module raft_0241865428: 129947
@!@!@ENDMSG 2221 @!@!@
@!@!@STARTMSG 2221:0 @!@!@
  ||||||||line 449, col 53 to line 449, col 73 of module raft_0241865428: 129947
@!@!@ENDMSG 2221 @!@!@
@!@!@STARTMSG 2221:0 @!@!@
  |||||||||line 449, col 53 to line 449, col 58 of module raft_0241865428: 129947
@!@!@ENDMSG 2221 @!@!@
@!@!@STARTMSG 2221:0 @!@!@
  |||||||||line 449, col 60 to line 449, col 72 of module raft_0241865428: 129947
@!@!@ENDMSG 2221 @!@!@
@!@!@STARTMSG 2221:0 @!@!@
  ||||||||||line 447, col 35 to line 447, col 72 of module raft_0241865428: 129947
@!@!@ENDMSG 2221 @!@!@
@!@!@STARTMSG 2221:0 @!@!@
  |||||||||||line 80, col 11 to line 80, col 46 of module raft_0241865428: 129947
@!@!@ENDMSG 2221 @!@!@
@!@!@STARTMSG 2221:0 @!@!@
  ||||||||||||line 80, col 28 to line 80, col 46 of module raft_0241865428: 259894
@!@!@ENDMSG 2221 @!@!@
@!@!@STARTMSG 2221:0 @!@!@
  |||||||||||||line 80, col 41 to line 80, col 46 of module raft_0241865428: 519788
@!@!@ENDMSG 2221 @!@!@
@!@!@STARTMSG 2221:0 @!@!@
  |||||||||||||line 80, col 37 to line 80, col 37 of module raft_0241865428: 259894
@!@!@ENDMSG 2221 @!@!@
@!@!@STARTMSG 2221:0 @!@!@
  ||||||||||||line 80, col 24 to line 80, col 24 of module raft_0241865428: 129947
@!@!@ENDMSG 2221 @!@!@
@!@!@STARTMSG 2775:0 @!@!@
  |||||||||||line 447, col 39 to line 447, col 71 of module raft_0241865428: 129947:1039576
@!@!@ENDMSG 2775 @!@!@
@!@!@STARTMSG 2221:0 @!@!@
  ||||line 455, col 41 to line 455, col 63 of module raft_0241865428: 129947
@!@!@ENDMSG 2221 @!@!@
@!@!@STARTMSG 2221:0 @!@!@
  |||line 456, col 28 to line 456, col 64 of module raft_0241865428: 129947
@!@!@ENDMSG 2221 @!@!@
@!@!@STARTMSG 2221:0 @!@!@
  ||||line 456, col 29 to line 456, col 64 of module raft_0241865428: 129947
@!@!@ENDMSG 2221 @!@!@
@!@!@STARTMSG 2221:0 @!@!@
  |||||line 456, col 29 to line 456, col 54 of module raft_0241865428: 129947
@!@!@ENDMSG 2221 @!@!@
@!@!@STARTMSG 2221:0 @!@!@
  ||||||line 456, col 29 to line 456, col 44 of module raft_0241865428: 129947
@!@!@ENDMSG 2221 @!@!@
@!@!@STARTMSG 2221:0 @!@!@
  ||||||line 456, col 46 to line 456, col 53 of module raft_0241865428: 129947
@!@!@ENDMSG 2221 @!@!@
@!@!@STARTMSG 2221:0 @!@!@
  |||||||line 448, col 30 to line 450, col 43 of module raft_0241865428: 129947
@!@!@ENDMSG 2221 @!@!@
@!@!@STARTMSG 2221:0 @!@!@
  ||||||||line 448, col 33 to line 448, col 81 of module raft_0241865428: 129947
@!@!@ENDMSG 2221 @!@!@
@!@!@STARTMSG 2221:0 @!@!@
  |||||||||line 448, col 33 to line 448, col 49 of module raft_0241865428: 129947
@!@!@ENDMSG 2221 @!@!@
@!@!@STARTMSG 2221:0 @!@!@
  ||||||||||line 448, col 33 to line 448, col 45 of module raft_0241865428: 129947
@!@!@ENDMSG 2221 @!@!@
@!@!@STARTMSG 2221:0 @!@!@
  |||||||||||line 447, col 35 to line 447, col 72 of module raft_0241865428: 129947
@!@!@ENDMSG 2221 @!@!@
@!@!@STARTMSG 2221:0 @!@!@
  ||||||||||||line 80, col 11 to line 80, col 46 of module raft_0241865428: 129947
@!@!@ENDMSG 2221 @!@!@
@!@!@STARTMSG 2221:0 @!@!@
  |||||||||||||line 80, col 28 to line 80, col 46 of module raft_0241865428: 259894
@!@!@ENDMSG 2221 @!@!@
@!@!@STARTMSG 2221:0 @!@!@
  ||||||||||||||line 80, col 41 to line 80, col 46 of module raft_0241865428: 519788
@!@!@ENDMSG 2221 @!@!@
@!@!@STARTMSG 2221:0 @!@!@
  ||||||||||||||line 80, col 37 to line 80, col 37 of module raft_0241865428: 259894
@!@!@ENDMSG 2221 @!@!@
@!@!@STARTMSG 2221:0 @!@!@
  |||||||||||||line 80, col 24 to line 80, col 24 of module raft_0241865428: 129947
@!@!@ENDMSG 2221 @!@!@
@!@!@STARTMSG 2775:0 @!@!@
  ||||||||||||line 447, col 39 to line 447, col 71 of module raft_0241865428: 129947:1039576
@!@!@ENDMSG 2775 @!@!@
@!@!@STARTMSG 2221:0 @!@!@
  |||||||||line 448, col 54 to line 448, col 81 of module raft_0241865428: 129947
@!@!@ENDMSG 2221 @!@!@
@!@!@STARTMSG 2221:0 @!@!@
  ||||||||||line 448, col 54 to line 448, col 66 of module raft_0241865428: 129947
@!@!@ENDMSG 2221 @!@!@
@!@!@STARTMSG 2221:0 @!@!@
  |||||||||||line 447, col 35 to line 447, col 72 of module raft_0241865428: 129947
@!@!@ENDMSG 2221 @!@!@
@!@!@STARTMSG 2221:0 @!@!@
  ||||||||||||line 80, col 11 to line 80, col 46 of module raft_0241865428: 129947
@!@!@ENDMSG 2221 @!@!@
@!@!@STARTMSG 2221:0 @!@!@
  |||||||||||||line 80, col 28 to line 80, col 46 of module raft_0241865428: 259894
@!@!@ENDMSG 2221 @!@!@
@!@!@STARTMSG 2221:0 @!@!@
  ||||||||||||||line 80, col 41 to line 80, col 46 of module raft_0241865428: 519788
@!@!@ENDMSG 2221 @!@!@
@!@!@STARTMSG 2221:0 @!@!@
  ||||||||||||||line 80, col 37 to line 80, col 37 of module raft_0241865428: 259894
@!@!@ENDMSG 2221 @!@!@
@!@!@STARTMSG 2221:0 @!@!@
  |||||||||||||line 80, col 24 to line 80, col 24 of module raft_0241865428: 129947
@!@!@ENDMSG 2221 @!@!@
@!@!@STARTMSG 2775:0 @!@!@
  ||||||||||||line 447, col 39 to line 447, col 71 of module raft_0241865428: 129947:1039576
@!@!@ENDMSG 2775 @!@!@
@!@!@STARTMSG 2221:0 @!@!@
  ||||||||||line 448, col 71 to line 448, col 81 of module raft_0241865428: 129947
@!@!@ENDMSG 2221 @!@!@
@!@!@STARTMSG 2221:0 @!@!@
  ||||||||line 449, col 36 to line 449, col 80 of module raft_0241865428: 129947
@!@!@ENDMSG 2221 @!@!@
@!@!@STARTMSG 2221:0 @!@!@
  |||||||||line 449, col 38 to line 449, col 50 of module raft_0241865428: 129947
@!@!@ENDMSG 2221 @!@!@
@!@!@STARTMSG 2221:0 @!@!@
  ||||||||||line 447, col 35 to line 447, col 72 of module raft_0241865428: 129947
@!@!@ENDMSG 2221 @!@!@
@!@!@STARTMSG 2221:0 @!@!@
  |||||||||||line 80, col 11 to line 80, col 46 of module raft_0241865428: 129947
@!@!@ENDMSG 2221 @!@!@
@!@!@STARTMSG 2221:0 @!@!@
  ||||||||||||line 80, col 28 to line 80, col 46 of module raft_0241865428: 259894
@!@!@ENDMSG 2221 @!@!@
@!@!@STARTMSG 2221:0 @!@!@
  |||||||||||||line 80, col 41 to line 80, col 46 of module raft_0241865428: 519788
@!@!@ENDMSG 2221 @!@!@
@!@!@STARTMSG 2221:0 @!@!@
  |||||||||||||line 80, col 37 to line 80, col 37 of module raft_0241865428: 259894
@!@!@ENDMSG 2221 @!@!@
@!@!@STARTMSG 2221:0 @!@!@
  ||||||||||||line 80, col 24 to line 80, col 24 of module raft_0241865428: 129947
@!@!@ENDMSG 2221 @!@!@
@!@!@STARTMSG 2775:0 @!@!@
  |||||||||||line 447, col 39 to line 447, col 71 of module raft_0241865428: 129947:1039576
@!@!@ENDMSG 2775 @!@!@
@!@!@STARTMSG 2221:0 @!@!@
  |||||||||line 449, col 53 to line 449, col 78 of module raft_0241865428: 129947
@!@!@ENDMSG 2221 @!@!@
@!@!@STARTMSG 2221:0 @!@!@
  ||||||||||line 449, col 53 to line 449, col 73 of module raft_0241865428: 129947
@!@!@ENDMSG 2221 @!@!@
@!@!@STARTMSG 2221:0 @!@!@
  |||||||||||line 449, col 53 to line 449, col 58 of module raft_0241865428: 129947
@!@!@ENDMSG 2221 @!@!@
@!@!@STARTMSG 2221:0 @!@!@
  |||||||||||line 449, col 60 to line 449, col 72 of module raft_0241865428: 129947
@!@!@ENDMSG 2221 @!@!@
@!@!@STARTMSG 2221:0 @!@!@
  ||||||||||||line 447, col 35 to line 447, col 72 of module raft_0241865428: 129947
@!@!@ENDMSG 2221 @!@!@
@!@!@STARTMSG 2221:0 @!@!@
  |||||||||||||line 80, col 11 to line 80, col 46 of module raft_0241865428: 129947
@!@!@ENDMSG 2221 @!@!@
@!@!@STARTMSG 2221:0 @!@!@
  ||||||||||||||line 80, col 28 to line 80, col 46 of module raft_0241865428: 259894
@!@!@ENDMSG 2221 @!@!@
@!@!@STARTMSG 2221:0 @!@!@
  |||||||||||||||line 80, col 41 to line 80, col 46 of module raft_0241865428: 519788
@!@!@ENDMSG 2221 @!@!@
@!@!@STARTMSG 2221:0 @!@!@
  |||||||||||||||line 80, col 37 to line 80, col 37 of module raft_0241865428: 259894
@!@!@ENDMSG 2221 @!@!@
@!@!@STARTMSG 2221:0 @!@!@
  ||||||||||||||line 80, col 24 to line 80, col 24 of module raft_0241865428: 129947
@!@!@ENDMSG 2221 @!@!@
@!@!@STARTMSG 2775:0 @!@!@
  |||||||||||||line 447, col 39 to line 447, col 71 of module raft_0241865428: 129947:1039576
@!@!@ENDMSG 2775 @!@!@
@!@!@STARTMSG 2221:0 @!@!@
  ||line 457, col 27 to line 457, col 80 of module raft_0241865428: 93698
@!@!@ENDMSG 2221 @!@!@
@!@!@STARTMSG 2221:0 @!@!@
  |||line 457, col 28 to line 457, col 43 of module raft_0241865428: 93698
@!@!@ENDMSG 2221 @!@!@
@!@!@STARTMSG 2221:0 @!@!@
  |||line 457, col 54 to line 457, col 61 of module raft_0241865428: 93698
@!@!@ENDMSG 2221 @!@!@
@!@!@STARTMSG 2221:0 @!@!@
  ||||line 448, col 30 to line 450, col 43 of module raft_0241865428: 93698
@!@!@ENDMSG 2221 @!@!@
@!@!@STARTMSG 2221:0 @!@!@
  |||||line 448, col 33 to line 448, col 81 of module raft_0241865428: 93698
@!@!@ENDMSG 2221 @!@!@
@!@!@STARTMSG 2221:0 @!@!@
  ||||||line 448, col 33 to line 448, col 49 of module raft_0241865428: 93698
@!@!@ENDMSG 2221 @!@!@
@!@!@STARTMSG 2221:0 @!@!@
  |||||||line 448, col 33 to line 448, col 45 of module raft_0241865428: 93698
@!@!@ENDMSG 2221 @!@!@
@!@!@STARTMSG 2221:0 @!@!@
  ||||||||line 447, col 35 to line 447, col 72 of module raft_0241865428: 93698
@!@!@ENDMSG 2221 @!@!@
@!@!@STARTMSG 2221:0 @!@!@
  |||||||||line 80, col 11 to line 80, col 46 of module raft_0241865428: 93698
@!@!@ENDMSG 2221 @!@!@
@!@!@STARTMSG 2221:0 @!@!@
  ||||||||||line 80, col 28 to line 80, col 46 of module raft_0241865428: 187396
@!@!@ENDMSG 2221 @!@!@
@!@!@STARTMSG 2221:0 @!@!@
  |||||||||||line 80, col 41 to line 80, col 46 of module raft_0241865428: 374792
@!@!@ENDMSG 2221 @!@!@
@!@!@STARTMSG 2221:0 @!@!@
  |||||||||||line 80, col 37 to line 80, col 37 of module raft_0241865428: 187396
@!@!@ENDMSG 2221 @!@!@
@!@!@STARTMSG 2221:0 @!@!@
  ||||||||||line 80, col 24 to line 80, col 24 of module raft_0241865428: 93698
@!@!@ENDMSG 2221 @!@!@
@!@!@STARTMSG 2775:0 @!@!@
  |||||||||line 447, col 39 to line 447, col 71 of module raft_0241865428: 93698:749584
@!@!@ENDMSG 2775 @!@!@
@!@!@STARTMSG 2221:0 @!@!@
  ||||||line 448, col 54 to line 448, col 81 of module raft_0241865428: 93698
@!@!@ENDMSG 2221 @!@!@
@!@!@STARTMSG 2221:0 @!@!@
  |||||||line 448, col 54 to line 448, col 66 of module raft_0241865428: 93698
@!@!@ENDMSG 2221 @!@!@
@!@!@STARTMSG 2221:0 @!@!@
  ||||||||line 447, col 35 to line 447, col 72 of module raft_0241865428: 93698
@!@!@ENDMSG 2221 @!@!@
@!@!@STARTMSG 2221:0 @!@!@
  |||||||||line 80, col 11 to line 80, col 46 of module raft_0241865428: 93698
@!@!@ENDMSG 2221 @!@!@
@!@!@STARTMSG 2221:0 @!@!@
  ||||||||||line 80, col 28 to line 80, col 46 of module raft_0241865428: 187396
@!@!@ENDMSG 2221 @!@!@
@!@!@STARTMSG 2221:0 @!@!@
  |||||||||||line 80, col 41 to line 80, col 46 of module raft_0241865428: 374792
@!@!@ENDMSG 2221 @!@!@
@!@!@STARTMSG 2221:0 @!@!@
  |||||||||||line 80, col 37 to line 80, col 37 of module raft_0241865428: 187396
@!@!@ENDMSG 2221 @!@!@
@!@!@STARTMSG 2221:0 @!@!@
  ||||||||||line 80, col 24 to line 80, col 24 of module raft_0241865428: 93698
@!@!@ENDMSG 2221 @!@!@
@!@!@STARTMSG 2775:0 @!@!@
  |||||||||line 447, col 39 to line 447, col 71 of module raft_0241865428: 93698:749584
@!@!@ENDMSG 2775 @!@!@
@!@!@STARTMSG 2221:0 @!@!@
  |||||||line 448, col 71 to line 448, col 81 of module raft_0241865428: 93698
@!@!@ENDMSG 2221 @!@!@
@!@!@STARTMSG 2221:0 @!@!@
  |||||line 449, col 36 to line 449, col 80 of module raft_0241865428: 93698
@!@!@ENDMSG 2221 @!@!@
@!@!@STARTMSG 2221:0 @!@!@
  ||||||line 449, col 38 to line 449, col 50 of module raft_0241865428: 93698
@!@!@ENDMSG 2221 @!@!@
@!@!@STARTMSG 2221:0 @!@!@
  |||||||line 447, col 35 to line 447, col 72 of module raft_0241865428: 93698
@!@!@ENDMSG 2221 @!@!@
@!@!@STARTMSG 2221:0 @!@!@
  ||||||||line 80, col 11 to line 80, col 46 of module raft_0241865428: 93698
@!@!@ENDMSG 2221 @!@!@
@!@!@STARTMSG 2221:0 @!@!@
  |||||||||line 80, col 28 to line 80, col 46 of module raft_0241865428: 187396
@!@!@ENDMSG 2221 @!@!@
@!@!@STARTMSG 2221:0 @!@!@
  ||||||||||line 80, col 41 to line 80, col 46 of module raft_0241865428: 374792
@!@!@ENDMSG 2221 @!@!@
@!@!@STARTMSG 2221:0 @!@!@
  ||||||||||line 80, col 37 to line 80, col 37 of module raft_0241865428: 187396
@!@!@ENDMSG 2221 @!@!@
@!@!@STARTMSG 2221:0 @!@!@
  |||||||||line 80, col 24 to line 80, col 24 of module raft_0241865428: 93698
@!@!@ENDMSG 2221 @!@!@
@!@!@STARTMSG 2775:0 @!@!@
  ||||||||line 447, col 39 to line 447, col 71 of module raft_0241865428: 93698:749584
@!@!@ENDMSG 2775 @!@!@
@!@!@STARTMSG 2221:0 @!@!@
  ||||||line 449, col 53 to line 449, col 78 of module raft_0241865428: 93698
@!@!@ENDMSG 2221 @!@!@
@!@!@STARTMSG 2221:0 @!@!@
  |||||||line 449, col 53 to line 449, col 73 of module raft_0241865428: 93698
@!@!@ENDMSG 2221 @!@!@
@!@!@STARTMSG 2221:0 @!@!@
  ||||||||line 449, col 53 to line 449, col 58 of module raft_0241865428: 93698
@!@!@ENDMSG 2221 @!@!@
@!@!@STARTMSG 2221:0 @!@!@
  ||||||||line 449, col 60 to line 449, col 72 of module raft_0241865428: 93698
@!@!@ENDMSG 2221 @!@!@
@!@!@STARTMSG 2221:0 @!@!@
  |||||||||line 447, col 35 to line 447, col 72 of module raft_0241865428: 93698
@!@!@ENDMSG 2221 @!@!@
@!@!@STARTMSG 2221:0 @!@!@
  ||||||||||line 80, col 11 to line 80, col 46 of module raft_0241865428: 93698
@!@!@ENDMSG 2221 @!@!@
@!@!@STARTMSG 2221:0 @!@!@
  |||||||||||line 80, col 28 to line 80, col 46 of module raft_0241865428: 187396
@!@!@ENDMSG 2221 @!@!@
@!@!@STARTMSG 2221:0 @!@!@
  ||||||||||||line 80, col 41 to line 80, col 46 of module raft_0241865428: 374792
@!@!@ENDMSG 2221 @!@!@
@!@!@STARTMSG 2221:0 @!@!@
  ||||||||||||line 80, col 37 to line 80, col 37 of module raft_0241865428: 187396
@!@!@ENDMSG 2221 @!@!@
@!@!@STARTMSG 2221:0 @!@!@
  |||||||||||line 80, col 24 to line 80, col 24 of module raft_0241865428: 93698
@!@!@ENDMSG 2221 @!@!@
@!@!@STARTMSG 2775:0 @!@!@
  ||||||||||line 447, col 39 to line 447, col 71 of module raft_0241865428: 93698:749584
@!@!@ENDMSG 2775 @!@!@
@!@!@STARTMSG 2221:0 @!@!@
  |||line 457, col 75 to line 457, col 79 of module raft_0241865428: 93698
@!@!@ENDMSG 2221 @!@!@
@!@!@STARTMSG 2221:0 @!@!@
  ||line 458, col 27 to line 458, col 42 of module raft_0241865428: 36249
@!@!@ENDMSG 2221 @!@!@
@!@!@STARTMSG 2221:0 @!@!@
  line 459, col 14 to line 459, col 29 of module raft_0241865428: 783237
@!@!@ENDMSG 2221 @!@!@
@!@!@STARTMSG 2221:0 @!@!@
  |line 459, col 20 to line 459, col 29 of module raft_0241865428: 456592
@!@!@ENDMSG 2221 @!@!@
@!@!@STARTMSG 2221:0 @!@!@
  line 460, col 14 to line 460, col 84 of module raft_0241865428: 326645
@!@!@ENDMSG 2221 @!@!@
@!@!@STARTMSG 2221:0 @!@!@
  |line 460, col 27 to line 460, col 84 of module raft_0241865428: 326645
@!@!@ENDMSG 2221 @!@!@
@!@!@STARTMSG 2221:0 @!@!@
  ||line 460, col 28 to line 460, col 36 of module raft_0241865428: 326645
@!@!@ENDMSG 2221 @!@!@
@!@!@STARTMSG 2221:0 @!@!@
  ||line 460, col 45 to line 460, col 83 of module raft_0241865428: 326645
@!@!@ENDMSG 2221 @!@!@
@!@!@STARTMSG 2221:0 @!@!@
  ||line 460, col 55 to line 460, col 83 of module raft_0241865428: 326645
@!@!@ENDMSG 2221 @!@!@
@!@!@STARTMSG 2221:0 @!@!@
  |||line 80, col 11 to line 80, col 46 of module raft_0241865428: 326645
@!@!@ENDMSG 2221 @!@!@
@!@!@STARTMSG 2221:0 @!@!@
  ||||line 80, col 28 to line 80, col 46 of module raft_0241865428: 530075
@!@!@ENDMSG 2221 @!@!@
@!@!@STARTMSG 2221:0 @!@!@
  |||||line 80, col 41 to line 80, col 46 of module raft_0241865428: 936935
@!@!@ENDMSG 2221 @!@!@
@!@!@STARTMSG 2221:0 @!@!@
  |||||line 80, col 37 to line 80, col 37 of module raft_0241865428: 530075
@!@!@ENDMSG 2221 @!@!@
@!@!@STARTMSG 2221:0 @!@!@
  ||||line 80, col 24 to line 80, col 24 of module raft_0241865428: 326645
@!@!@ENDMSG 2221 @!@!@
@!@!@STARTMSG 2775:0 @!@!@
  |||line 460, col 59 to line 460, col 82 of module raft_0241865428: 326645:1997085
@!@!@ENDMSG 2775 @!@!@
@!@!@STARTMSG 2221:0 @!@!@
  line 461, col 14 to line 461, col 55 of module raft_0241865428: 326645
@!@!@ENDMSG 2221 @!@!@
@!@!@STARTMSG 2221:0 @!@!@
  line 462, col 8 to line 462, col 17 of module raft_0241865428: 456592
@!@!@ENDMSG 2221 @!@!@
@!@!@STARTMSG 2221:0 @!@!@
  line 463, col 8 to line 463, col 99 of module raft_0241865428: 456592
@!@!@ENDMSG 2221 @!@!@
@!@!@STARTMSG 2221:0 @!@!@
  line 507, col 50 to line 507, col 50 of module raft_0241865428: 456592
@!@!@ENDMSG 2221 @!@!@
@!@!@STARTMSG 2221:0 @!@!@
  line 507, col 53 to line 507, col 53 of module raft_0241865428: 456592
@!@!@ENDMSG 2221 @!@!@
@!@!@STARTMSG 2221:0 @!@!@
  line 540, col 16 to line 540, col 16 of module raft_0241865428: 1217773
@!@!@ENDMSG 2221 @!@!@
@!@!@STARTMSG 2775:0 @!@!@
  line 537, col 16 to line 539, col 72 of module raft_0241865428: 441709:1659482
@!@!@ENDMSG 2775 @!@!@
@!@!@STARTMSG 2221:0 @!@!@
  |line 538, col 13 to line 539, col 71 of module raft_0241865428: 1217773
@!@!@ENDMSG 2221 @!@!@
@!@!@STARTMSG 2221:0 @!@!@
  |line 537, col 25 to line 537, col 46 of module raft_0241865428: 441709
@!@!@ENDMSG 2221 @!@!@
@!@!@STARTMSG 2775:0 @!@!@
  ||line 83, col 23 to line 83, col 61 of module raft_0241865428: 441709:1659482
@!@!@ENDMSG 2775 @!@!@
@!@!@STARTMSG 2221:0 @!@!@
  |||line 83, col 49 to line 83, col 59 of module raft_0241865428: 2527862
@!@!@ENDMSG 2221 @!@!@
@!@!@STARTMSG 2221:0 @!@!@
  |||line 83, col 31 to line 83, col 45 of module raft_0241865428: 441709
@!@!@ENDMSG 2221 @!@!@
@!@!@STARTMSG 2221:0 @!@!@
  ||line 537, col 38 to line 537, col 45 of module raft_0241865428: 441524
@!@!@ENDMSG 2221 @!@!@
@!@!@STARTMSG 2774:0 @!@!@
<MoreThanOneLeaderInv line 552, col 1 to line 552, col 20 of module raft_0241865428>
@!@!@ENDMSG 2774 @!@!@
@!@!@STARTMSG 2221:0 @!@!@
  line 553, col 5 to line 557, col 16 of module raft_0241865428: 1272619
@!@!@ENDMSG 2221 @!@!@
@!@!@STARTMSG 2221:0 @!@!@
  |line 554, col 9 to line 557, col 16 of module raft_0241865428: 11453571
@!@!@ENDMSG 2221 @!@!@
@!@!@STARTMSG 2221:0 @!@!@
  ||line 554, col 10 to line 556, col 29 of module raft_0241865428: 11453571
@!@!@ENDMSG 2221 @!@!@
@!@!@STARTMSG 2221:0 @!@!@
  |||line 554, col 13 to line 554, col 43 of module raft_0241865428: 11453571
@!@!@ENDMSG 2221 @!@!@
@!@!@STARTMSG 2221:0 @!@!@
  |||line 555, col 13 to line 555, col 29 of module raft_0241865428: 11453571
@!@!@ENDMSG 2221 @!@!@
@!@!@STARTMSG 2221:0 @!@!@
  |||line 556, col 13 to line 556, col 29 of module raft_0241865428: 3817857
@!@!@ENDMSG 2221 @!@!@
@!@!@STARTMSG 2221:0 @!@!@
  ||line 557, col 12 to line 557, col 16 of module raft_0241865428: 1272619
@!@!@ENDMSG 2221 @!@!@
@!@!@STARTMSG 2221:0 @!@!@
  |line 553, col 16 to line 553, col 22 of module raft_0241865428: 1272619
@!@!@ENDMSG 2221 @!@!@
@!@!@STARTMSG 2774:0 @!@!@
<LogMatchingInv line 559, col 1 to line 559, col 14 of module raft_0241865428>
@!@!@ENDMSG 2774 @!@!@
@!@!@STARTMSG 2221:0 @!@!@
  line 560, col 5 to line 563, col 51 of module raft_0241865428: 1272619
@!@!@ENDMSG 2221 @!@!@
@!@!@STARTMSG 2221:0 @!@!@
  |line 560, col 27 to line 563, col 51 of module raft_0241865428: 11453571
@!@!@ENDMSG 2221 @!@!@
@!@!@STARTMSG 2221:0 @!@!@
  ||line 560, col 27 to line 560, col 32 of module raft_0241865428: 11453571
@!@!@ENDMSG 2221 @!@!@
@!@!@STARTMSG 2221:0 @!@!@
  ||line 561, col 9 to line 563, col 51 of module raft_0241865428: 7635714
@!@!@ENDMSG 2221 @!@!@
@!@!@STARTMSG 2221:0 @!@!@
  |||line 562, col 13 to line 563, col 51 of module raft_0241865428: 3916600
@!@!@ENDMSG 2221 @!@!@
@!@!@STARTMSG 2221:0 @!@!@
  |||line 561, col 18 to line 561, col 49 of module raft_0241865428: 7635714
@!@!@ENDMSG 2221 @!@!@
@!@!@STARTMSG 2221:0 @!@!@
  ||||line 561, col 21 to line 561, col 49 of module raft_0241865428: 7635714
@!@!@ENDMSG 2221 @!@!@
@!@!@STARTMSG 2221:0 @!@!@
  |||||line 81, col 14 to line 81, col 35 of module raft_0241865428: 7635714
@!@!@ENDMSG 2221 @!@!@
@!@!@STARTMSG 2221:0 @!@!@
  ||||||line 81, col 17 to line 81, col 21 of module raft_0241865428: 7635714
@!@!@ENDMSG 2221 @!@!@
@!@!@STARTMSG 2221:0 @!@!@
  ||||||line 81, col 28 to line 81, col 28 of module raft_0241865428: 3188012
@!@!@ENDMSG 2221 @!@!@
@!@!@STARTMSG 2221:0 @!@!@
  ||||||line 81, col 35 to line 81, col 35 of module raft_0241865428: 4447702
@!@!@ENDMSG 2221 @!@!@
@!@!@STARTMSG 2221:0 @!@!@
  |||||line 561, col 25 to line 561, col 35 of module raft_0241865428: 7635714
@!@!@ENDMSG 2221 @!@!@
@!@!@STARTMSG 2221:0 @!@!@
  |||||line 561, col 38 to line 561, col 48 of module raft_0241865428: 7635714
@!@!@ENDMSG 2221 @!@!@
@!@!@STARTMSG 2221:0 @!@!@
  |line 560, col 17 to line 560, col 23 of module raft_0241865428: 1272619
@!@!@ENDMSG 2221 @!@!@
@!@!@STARTMSG 2774:0 @!@!@
<LeaderCompletenessInv line 565, col 1 to line 565, col 21 of module raft_0241865428>
@!@!@ENDMSG 2774 @!@!@
@!@!@STARTMSG 2221:0 @!@!@
  line 566, col 5 to line 569, col 72 of module raft_0241865428: 1272619
@!@!@ENDMSG 2221 @!@!@
@!@!@STARTMSG 2221:0 @!@!@
  |line 567, col 9 to line 569, col 72 of module raft_0241865428: 3817857
@!@!@ENDMSG 2221 @!@!@
@!@!@STARTMSG 2221:0 @!@!@
  ||line 567, col 9 to line 567, col 25 of module raft_0241865428: 3817857
@!@!@ENDMSG 2221 @!@!@
@!@!@STARTMSG 2221:0 @!@!@
  ||line 568, col 9 to line 569, col 72 of module raft_0241865428: 1272619
@!@!@ENDMSG 2221 @!@!@
@!@!@STARTMSG 2221:0 @!@!@
  |||line 568, col 28 to line 569, col 72 of module raft_0241865428: 3817857
@!@!@ENDMSG 2221 @!@!@
@!@!@STARTMSG 2221:0 @!@!@
  ||||line 568, col 28 to line 568, col 33 of module raft_0241865428: 3817857
@!@!@ENDMSG 2221 @!@!@
@!@!@STARTMSG 2221:0 @!@!@
  ||||line 569, col 13 to line 569, col 72 of module raft_0241865428: 2545238
@!@!@ENDMSG 2221 @!@!@
@!@!@STARTMSG 2221:0 @!@!@
  |||||line 95, col 5 to line 96, col 48 of module raft_0241865428: 2545238
@!@!@ENDMSG 2221 @!@!@
@!@!@STARTMSG 2221:0 @!@!@
  ||||||line 95, col 8 to line 95, col 29 of module raft_0241865428: 2545238
@!@!@ENDMSG 2221 @!@!@
@!@!@STARTMSG 2221:0 @!@!@
  ||||||line 96, col 8 to line 96, col 48 of module raft_0241865428: 2545238
@!@!@ENDMSG 2221 @!@!@
@!@!@STARTMSG 2221:0 @!@!@
  |||||||line 96, col 32 to line 96, col 48 of module raft_0241865428: 73240
@!@!@ENDMSG 2221 @!@!@
@!@!@STARTMSG 2221:0 @!@!@
  |||||||line 96, col 17 to line 96, col 28 of module raft_0241865428: 2545238
@!@!@ENDMSG 2221 @!@!@
@!@!@STARTMSG 2221:0 @!@!@
  |||||line 569, col 27 to line 569, col 64 of module raft_0241865428: 2545238
@!@!@ENDMSG 2221 @!@!@
@!@!@STARTMSG 2221:0 @!@!@
  ||||||line 86, col 5 to line 92, col 14 of module raft_0241865428: 2545238
@!@!@ENDMSG 2221 @!@!@
@!@!@STARTMSG 2221:0 @!@!@
  |||||||line 86, col 8 to line 86, col 71 of module raft_0241865428: 2545238
@!@!@ENDMSG 2221 @!@!@
@!@!@STARTMSG 2221:0 @!@!@
  ||||||||line 86, col 8 to line 86, col 23 of module raft_0241865428: 2545238
@!@!@ENDMSG 2221 @!@!@
@!@!@STARTMSG 2221:0 @!@!@
  ||||||||line 86, col 28 to line 86, col 71 of module raft_0241865428: 1479599
@!@!@ENDMSG 2221 @!@!@
@!@!@STARTMSG 2221:0 @!@!@
  |||||||line 88, col 27 to line 90, col 88 of module raft_0241865428: 1479599
@!@!@ENDMSG 2221 @!@!@
@!@!@STARTMSG 2221:0 @!@!@
  ||||||||line 89, col 31 to line 90, col 88 of module raft_0241865428: 1674096
@!@!@ENDMSG 2221 @!@!@
@!@!@STARTMSG 2221:0 @!@!@
  |||||||||line 89, col 34 to line 89, col 52 of module raft_0241865428: 1674096
@!@!@ENDMSG 2221 @!@!@
@!@!@STARTMSG 2221:0 @!@!@
  |||||||||line 90, col 34 to line 90, col 88 of module raft_0241865428: 1674096
@!@!@ENDMSG 2221 @!@!@
@!@!@STARTMSG 2221:0 @!@!@
  ||||||||||line 90, col 59 to line 90, col 88 of module raft_0241865428: 2063090
@!@!@ENDMSG 2221 @!@!@
@!@!@STARTMSG 2221:0 @!@!@
  ||||||||||line 90, col 43 to line 90, col 55 of module raft_0241865428: 1674096
@!@!@ENDMSG 2221 @!@!@
@!@!@STARTMSG 2221:0 @!@!@
  ||||||||line 88, col 40 to line 88, col 52 of module raft_0241865428: 1479599
@!@!@ENDMSG 2221 @!@!@
@!@!@STARTMSG 2221:0 @!@!@
  |||||||line 91, col 10 to line 91, col 61 of module raft_0241865428: 1479599
@!@!@ENDMSG 2221 @!@!@
@!@!@STARTMSG 2221:0 @!@!@
  |||||||line 92, col 10 to line 92, col 14 of module raft_0241865428: 1065639
@!@!@ENDMSG 2221 @!@!@
@!@!@STARTMSG 2221:0 @!@!@
  ||||||line 569, col 47 to line 569, col 47 of module raft_0241865428: 2545238
@!@!@ENDMSG 2221 @!@!@
@!@!@STARTMSG 2221:0 @!@!@
  ||||||line 569, col 50 to line 569, col 63 of module raft_0241865428: 1479599
@!@!@ENDMSG 2221 @!@!@
@!@!@STARTMSG 2221:0 @!@!@
  |||||line 569, col 66 to line 569, col 71 of module raft_0241865428: 2545238
@!@!@ENDMSG 2221 @!@!@
@!@!@STARTMSG 2221:0 @!@!@
  |||line 568, col 18 to line 568, col 24 of module raft_0241865428: 1272619
@!@!@ENDMSG 2221 @!@!@
@!@!@STARTMSG 2221:0 @!@!@
  |line 566, col 14 to line 566, col 20 of module raft_0241865428: 1272619
@!@!@ENDMSG 2221 @!@!@
@!@!@STARTMSG 2774:0 @!@!@
<LogInv line 571, col 1 to line 571, col 6 of module raft_0241865428>
@!@!@ENDMSG 2774 @!@!@
@!@!@STARTMSG 2221:0 @!@!@
  line 572, col 5 to line 574, col 51 of module raft_0241865428: 1272619
@!@!@ENDMSG 2221 @!@!@
@!@!@STARTMSG 2221:0 @!@!@
  |line 573, col 9 to line 574, col 51 of module raft_0241865428: 11453571
@!@!@ENDMSG 2221 @!@!@
@!@!@STARTMSG 2221:0 @!@!@
  ||line 573, col 12 to line 573, col 51 of module raft_0241865428: 11453571
@!@!@ENDMSG 2221 @!@!@
@!@!@STARTMSG 2221:0 @!@!@
  |||line 95, col 5 to line 96, col 48 of module raft_0241865428: 11453571
@!@!@ENDMSG 2221 @!@!@
@!@!@STARTMSG 2221:0 @!@!@
  ||||line 95, col 8 to line 95, col 29 of module raft_0241865428: 11453571
@!@!@ENDMSG 2221 @!@!@
@!@!@STARTMSG 2221:0 @!@!@
  ||||line 96, col 8 to line 96, col 48 of module raft_0241865428: 9797948
@!@!@ENDMSG 2221 @!@!@
@!@!@STARTMSG 2221:0 @!@!@
  |||||line 96, col 32 to line 96, col 48 of module raft_0241865428: 1057223
@!@!@ENDMSG 2221 @!@!@
@!@!@STARTMSG 2221:0 @!@!@
  |||||line 96, col 17 to line 96, col 28 of module raft_0241865428: 9797948
@!@!@ENDMSG 2221 @!@!@
@!@!@STARTMSG 2221:0 @!@!@
  |||line 573, col 26 to line 573, col 37 of module raft_0241865428: 11453571
@!@!@ENDMSG 2221 @!@!@
@!@!@STARTMSG 2221:0 @!@!@
  ||||line 99, col 5 to line 101, col 40 of module raft_0241865428: 11453571
@!@!@ENDMSG 2221 @!@!@
@!@!@STARTMSG 2221:0 @!@!@
  |||||line 99, col 8 to line 99, col 25 of module raft_0241865428: 11453571
@!@!@ENDMSG 2221 @!@!@
@!@!@STARTMSG 2221:0 @!@!@
  |||||line 100, col 10 to line 100, col 14 of module raft_0241865428: 8759793
@!@!@ENDMSG 2221 @!@!@
@!@!@STARTMSG 2221:0 @!@!@
  |||||line 101, col 10 to line 101, col 40 of module raft_0241865428: 2693778
@!@!@ENDMSG 2221 @!@!@
@!@!@STARTMSG 2221:0 @!@!@
  ||||line 573, col 36 to line 573, col 36 of module raft_0241865428: 11453571
@!@!@ENDMSG 2221 @!@!@
@!@!@STARTMSG 2221:0 @!@!@
  |||line 573, col 39 to line 573, col 50 of module raft_0241865428: 11453571
@!@!@ENDMSG 2221 @!@!@
@!@!@STARTMSG 2221:0 @!@!@
  ||||line 99, col 5 to line 101, col 40 of module raft_0241865428: 11453571
@!@!@ENDMSG 2221 @!@!@
@!@!@STARTMSG 2221:0 @!@!@
  |||||line 99, col 8 to line 99, col 25 of module raft_0241865428: 11453571
@!@!@ENDMSG 2221 @!@!@
@!@!@STARTMSG 2221:0 @!@!@
  |||||line 100, col 10 to line 100, col 14 of module raft_0241865428: 8759793
@!@!@ENDMSG 2221 @!@!@
@!@!@STARTMSG 2221:0 @!@!@
  |||||line 101, col 10 to line 101, col 40 of module raft_0241865428: 2693778
@!@!@ENDMSG 2221 @!@!@
@!@!@STARTMSG 2221:0 @!@!@
  ||||line 573, col 49 to line 573, col 49 of module raft_0241865428: 11453571
@!@!@ENDMSG 2221 @!@!@
@!@!@STARTMSG 2221:0 @!@!@
  ||line 574, col 12 to line 574, col 51 of module raft_0241865428: 1655623
@!@!@ENDMSG 2221 @!@!@
@!@!@STARTMSG 2221:0 @!@!@
  |||line 95, col 5 to line 96, col 48 of module raft_0241865428: 1655623
@!@!@ENDMSG 2221 @!@!@
@!@!@STARTMSG 2221:0 @!@!@
  ||||line 95, col 8 to line 95, col 29 of module raft_0241865428: 1655623
@!@!@ENDMSG 2221 @!@!@
@!@!@STARTMSG 2221:0 @!@!@
  ||||line 96, col 8 to line 96, col 48 of module raft_0241865428: 1655623
@!@!@ENDMSG 2221 @!@!@
@!@!@STARTMSG 2221:0 @!@!@
  |||||line 96, col 32 to line 96, col 48 of module raft_0241865428: 6263
@!@!@ENDMSG 2221 @!@!@
@!@!@STARTMSG 2221:0 @!@!@
  |||||line 96, col 17 to line 96, col 28 of module raft_0241865428: 1655623
@!@!@ENDMSG 2221 @!@!@
@!@!@STARTMSG 2221:0 @!@!@
  |||line 574, col 26 to line 574, col 37 of module raft_0241865428: 1655623
@!@!@ENDMSG 2221 @!@!@
@!@!@STARTMSG 2221:0 @!@!@
  ||||line 99, col 5 to line 101, col 40 of module raft_0241865428: 1655623
@!@!@ENDMSG 2221 @!@!@
@!@!@STARTMSG 2221:0 @!@!@
  |||||line 99, col 8 to line 99, col 25 of module raft_0241865428: 1655623
@!@!@ENDMSG 2221 @!@!@
@!@!@STARTMSG 2221:0 @!@!@
  |||||line 100, col 10 to line 100, col 14 of module raft_0241865428: 1649360
@!@!@ENDMSG 2221 @!@!@
@!@!@STARTMSG 2221:0 @!@!@
  |||||line 101, col 10 to line 101, col 40 of module raft_0241865428: 6263
@!@!@ENDMSG 2221 @!@!@
@!@!@STARTMSG 2221:0 @!@!@
  ||||line 574, col 36 to line 574, col 36 of module raft_0241865428: 1655623
@!@!@ENDMSG 2221 @!@!@
@!@!@STARTMSG 2221:0 @!@!@
  |||line 574, col 39 to line 574, col 50 of module raft_0241865428: 1655623
@!@!@ENDMSG 2221 @!@!@
@!@!@STARTMSG 2221:0 @!@!@
  |line 572, col 17 to line 572, col 23 of module raft_0241865428: 1272619
@!@!@ENDMSG 2221 @!@!@
@!@!@STARTMSG 2774:0 @!@!@
<LeaderCommitted line 605, col 1 to line 605, col 15 of module raft_0241865428>
@!@!@ENDMSG 2774 @!@!@
@!@!@STARTMSG 2221:0 @!@!@
  line 606, col 5 to line 606, col 42 of module raft_0241865428: 1272619
@!@!@ENDMSG 2221 @!@!@
@!@!@STARTMSG 2221:0 @!@!@
  |line 606, col 24 to line 606, col 42 of module raft_0241865428: 2111843
@!@!@ENDMSG 2221 @!@!@
@!@!@STARTMSG 2221:0 @!@!@
  |line 606, col 14 to line 606, col 20 of module raft_0241865428: 1272619
@!@!@ENDMSG 2221 @!@!@
@!@!@STARTMSG 2774:0 @!@!@
<MaxCInv line 581, col 1 to line 581, col 7 of module raft_0241865428>
@!@!@ENDMSG 2774 @!@!@
@!@!@STARTMSG 2221:0 @!@!@
  line 581, col 12 to line 581, col 78 of module raft_0241865428: 1272613
@!@!@ENDMSG 2221 @!@!@
@!@!@STARTMSG 2774:0 @!@!@
<LeaderCountInv line 583, col 1 to line 583, col 14 of module raft_0241865428>
@!@!@ENDMSG 2774 @!@!@
@!@!@STARTMSG 2221:0 @!@!@
  line 583, col 19 to line 583, col 93 of module raft_0241865428: 1272613
@!@!@ENDMSG 2221 @!@!@
@!@!@STARTMSG 2221:0 @!@!@
  |line 583, col 39 to line 583, col 92 of module raft_0241865428: 3817839
@!@!@ENDMSG 2221 @!@!@
@!@!@STARTMSG 2221:0 @!@!@
  ||line 583, col 39 to line 583, col 55 of module raft_0241865428: 3817839
@!@!@ENDMSG 2221 @!@!@
@!@!@STARTMSG 2221:0 @!@!@
  ||line 583, col 60 to line 583, col 92 of module raft_0241865428: 1272613
@!@!@ENDMSG 2221 @!@!@
@!@!@STARTMSG 2221:0 @!@!@
  |line 583, col 28 to line 583, col 34 of module raft_0241865428: 1272613
@!@!@ENDMSG 2221 @!@!@
@!@!@STARTMSG 2774:0 @!@!@
<MaxTermInv line 585, col 1 to line 585, col 10 of module raft_0241865428>
@!@!@ENDMSG 2774 @!@!@
@!@!@STARTMSG 2221:0 @!@!@
  line 585, col 15 to line 585, col 58 of module raft_0241865428: 1272613
@!@!@ENDMSG 2221 @!@!@
@!@!@STARTMSG 2221:0 @!@!@
  |line 585, col 34 to line 585, col 58 of module raft_0241865428: 3817839
@!@!@ENDMSG 2221 @!@!@
@!@!@STARTMSG 2221:0 @!@!@
  |line 585, col 24 to line 585, col 30 of module raft_0241865428: 1272613
@!@!@ENDMSG 2221 @!@!@
@!@!@STARTMSG 2774:0 @!@!@
<EntryCommitMessageCountInv line 587, col 1 to line 587, col 26 of module raft_0241865428>
@!@!@ENDMSG 2774 @!@!@
@!@!@STARTMSG 2221:0 @!@!@
  line 589, col 25 to line 589, col 76 of module raft_0241865428: 824680
@!@!@ENDMSG 2221 @!@!@
@!@!@STARTMSG 2221:0 @!@!@
  line 590, col 36 to line 590, col 90 of module raft_0241865428: 824680
@!@!@ENDMSG 2221 @!@!@
@!@!@STARTMSG 2221:0 @!@!@
  line 588, col 27 to line 588, col 46 of module raft_0241865428: 824680
@!@!@ENDMSG 2221 @!@!@
@!@!@STARTMSG 2221:0 @!@!@
  line 591, col 8 to line 596, col 20 of module raft_0241865428: 1272613
@!@!@ENDMSG 2221 @!@!@
@!@!@STARTMSG 2221:0 @!@!@
  |line 592, col 22 to line 592, col 42 of module raft_0241865428: 2451575
@!@!@ENDMSG 2221 @!@!@
@!@!@STARTMSG 2221:0 @!@!@
  |line 593, col 12 to line 596, col 20 of module raft_0241865428: 2451575
@!@!@ENDMSG 2221 @!@!@
@!@!@STARTMSG 2221:0 @!@!@
  ||line 593, col 15 to line 593, col 29 of module raft_0241865428: 2451575
@!@!@ENDMSG 2221 @!@!@
@!@!@STARTMSG 2221:0 @!@!@
  ||line 594, col 17 to line 595, col 96 of module raft_0241865428: 843748
@!@!@ENDMSG 2221 @!@!@
@!@!@STARTMSG 2221:0 @!@!@
  |||line 594, col 18 to line 594, col 94 of module raft_0241865428: 843748
@!@!@ENDMSG 2221 @!@!@
@!@!@STARTMSG 2221:0 @!@!@
  |||line 595, col 21 to line 595, col 95 of module raft_0241865428: 551089
@!@!@ENDMSG 2221 @!@!@
@!@!@STARTMSG 2221:0 @!@!@
  ||line 596, col 17 to line 596, col 20 of module raft_0241865428: 1607827
@!@!@ENDMSG 2221 @!@!@
@!@!@STARTMSG 2221:0 @!@!@
  |line 591, col 19 to line 591, col 41 of module raft_0241865428: 1272613
@!@!@ENDMSG 2221 @!@!@
@!@!@STARTMSG 2202:0 @!@!@
End of statistics.
@!@!@ENDMSG 2202 @!@!@
@!@!@STARTMSG 2200:0 @!@!@
Progress(22) at 2025-05-19 18:09:16: 3,281,691 states generated (5,757,689 s/min), 750,842 distinct states found (1,317,343 ds/min), 309,133 states left on queue.
@!@!@ENDMSG 2200 @!@!@
@!@!@STARTMSG 2199:0 @!@!@
3281691 states generated, 750842 distinct states found, 309133 states left on queue.
@!@!@ENDMSG 2199 @!@!@
@!@!@STARTMSG 2194:0 @!@!@
The depth of the complete state graph search is 22.
@!@!@ENDMSG 2194 @!@!@
@!@!@STARTMSG 2268:0 @!@!@
The average outdegree of the complete state graph is 2 (minimum is 0, the maximum 7 and the 95th percentile is 3).
@!@!@ENDMSG 2268 @!@!@
@!@!@STARTMSG 2186:0 @!@!@
Finished in 34339ms at (2025-05-19 18:09:16)
@!@!@ENDMSG 2186 @!@!@
