@!@!@STARTMSG 2262:0 @!@!@
TLC2 Version 2.19 of 08 August 2024 (rev: 5a47802)
@!@!@ENDMSG 2262 @!@!@
@!@!@STARTMSG 2187:0 @!@!@
Running breadth-first search Model-Checking with fp 7 and seed -5441263149884946912 with 8 workers on 16 cores with 1163MB heap and 2612MB offheap memory [pid: 4168] (Windows 10 10.0 amd64, AdoptOpenJDK 14.0.1 x86_64, OffHeapDiskFPSet, DiskStateQueue).
@!@!@ENDMSG 2187 @!@!@
@!@!@STARTMSG 2220:0 @!@!@
Starting SANY...
@!@!@ENDMSG 2220 @!@!@
Parsing file C:\Users\kusek\Documents\TLA+\raft.tla\full.toolbox\Model_1\MC.tla
Parsing file C:\Users\kusek\Documents\TLA+\raft.tla\full.toolbox\Model_1\full.tla
Parsing file C:\Users\kusek\Desktop\Toolbox\TLAToolbox-1.7.4-win32.win32.x86_64\toolbox\plugins\org.lamport.tlatools_1.0.0.202408081326\tla2sany\StandardModules\TLC.tla
Parsing file C:\Users\kusek\Desktop\Toolbox\TLAToolbox-1.7.4-win32.win32.x86_64\toolbox\plugins\org.lamport.tlatools_1.0.0.202408081326\tla2sany\StandardModules\Naturals.tla
Parsing file C:\Users\kusek\Desktop\Toolbox\TLAToolbox-1.7.4-win32.win32.x86_64\toolbox\plugins\org.lamport.tlatools_1.0.0.202408081326\tla2sany\StandardModules\FiniteSets.tla
Parsing file C:\Users\kusek\Desktop\Toolbox\TLAToolbox-1.7.4-win32.win32.x86_64\toolbox\plugins\org.lamport.tlatools_1.0.0.202408081326\tla2sany\StandardModules\Sequences.tla
Semantic processing of module Naturals
Semantic processing of module Sequences
Semantic processing of module FiniteSets
Semantic processing of module TLC
Semantic processing of module full
Semantic processing of module MC
@!@!@STARTMSG 2219:0 @!@!@
SANY finished.
@!@!@ENDMSG 2219 @!@!@
@!@!@STARTMSG 2185:0 @!@!@
Starting... (2025-05-26 04:14:32)
@!@!@ENDMSG 2185 @!@!@
@!@!@STARTMSG 2189:0 @!@!@
Computing initial states...
@!@!@ENDMSG 2189 @!@!@
@!@!@STARTMSG 2190:0 @!@!@
Finished computing initial states: 1 distinct state generated at 2025-05-26 04:14:33.
@!@!@ENDMSG 2190 @!@!@
@!@!@STARTMSG 2200:0 @!@!@
Progress(15) at 2025-05-26 04:14:36: 357,103 states generated (357,103 s/min), 118,143 distinct states found (118,143 ds/min), 71,050 states left on queue.
@!@!@ENDMSG 2200 @!@!@
@!@!@STARTMSG 2110:1 @!@!@
Invariant LeaderCommitted is violated.
@!@!@ENDMSG 2110 @!@!@
@!@!@STARTMSG 2121:1 @!@!@
The behavior up to this point is:
@!@!@ENDMSG 2121 @!@!@
@!@!@STARTMSG 2217:4 @!@!@
1: <Initial predicate>
/\ messages = <<>>
/\ matchIndex = [ r2 |-> [r2 |-> 0, r3 |-> 0, r4 |-> 0, r1 |-> 0, r5 |-> 0],
  r3 |-> [r2 |-> 0, r3 |-> 0, r4 |-> 0, r1 |-> 0, r5 |-> 0],
  r4 |-> [r2 |-> 0, r3 |-> 0, r4 |-> 0, r1 |-> 0, r5 |-> 0],
  r1 |-> [r2 |-> 0, r3 |-> 0, r4 |-> 0, r1 |-> 0, r5 |-> 0],
  r5 |-> [r2 |-> 0, r3 |-> 0, r4 |-> 0, r1 |-> 0, r5 |-> 0] ]
/\ log = [r2 |-> <<>>, r3 |-> <<>>, r4 |-> <<>>, r1 |-> <<>>, r5 |-> <<>>]
/\ switchSentRecord = [r2 |-> {}, r3 |-> {}, r4 |-> {}, r1 |-> {}, r5 |-> {}]
/\ state = [r2 |-> Leader, r3 |-> Follower, r4 |-> Follower, r1 |-> Switch, r5 |-> NetAgg]
/\ netAggSentCache = << >>
/\ leaderCount = [r2 |-> 1, r3 |-> 0, r4 |-> 0, r1 |-> 0, r5 |-> 0]
/\ entryCommitStats = <<>>
/\ commitIndex = [r2 |-> 0, r3 |-> 0, r4 |-> 0, r1 |-> 0, r5 |-> 0]
/\ currentTerm = [r2 |-> 2, r3 |-> 2, r4 |-> 2, r1 |-> 2, r5 |-> 2]
/\ votesResponded = [r2 |-> {"r3", "r4"}, r3 |-> {}, r4 |-> {}, r1 |-> {}, r5 |-> {}]
/\ maxc = 0
/\ nextIndex = [ r2 |-> [r2 |-> 1, r3 |-> 1, r4 |-> 1, r1 |-> 1, r5 |-> 1],
  r3 |-> [r2 |-> 1, r3 |-> 1, r4 |-> 1, r1 |-> 1, r5 |-> 1],
  r4 |-> [r2 |-> 1, r3 |-> 1, r4 |-> 1, r1 |-> 1, r5 |-> 1],
  r1 |-> [r2 |-> 1, r3 |-> 1, r4 |-> 1, r1 |-> 1, r5 |-> 1],
  r5 |-> [r2 |-> 1, r3 |-> 1, r4 |-> 1, r1 |-> 1, r5 |-> 1] ]
/\ votesGranted = [r2 |-> {"r3", "r4"}, r3 |-> {}, r4 |-> {}, r1 |-> {}, r5 |-> {}]
/\ switchBuffer = << >>
/\ voterLog = [ r2 |-> [r3 |-> <<>>, r4 |-> <<>>],
  r3 |-> << >>,
  r4 |-> << >>,
  r1 |-> << >>,
  r5 |-> << >> ]
/\ votedFor = [r2 |-> Nil, r3 |-> "r2", r4 |-> "r2", r1 |-> Nil, r5 |-> Nil]
/\ unorderedRequests = [r2 |-> {}, r3 |-> {}, r4 |-> {}, r1 |-> {}, r5 |-> {}]

@!@!@ENDMSG 2217 @!@!@
@!@!@STARTMSG 2217:4 @!@!@
2: <MySwitchNext line 635, col 8 to line 635, col 70 of module full>
/\ messages = <<>>
/\ matchIndex = [ r2 |-> [r2 |-> 0, r3 |-> 0, r4 |-> 0, r1 |-> 0, r5 |-> 0],
  r3 |-> [r2 |-> 0, r3 |-> 0, r4 |-> 0, r1 |-> 0, r5 |-> 0],
  r4 |-> [r2 |-> 0, r3 |-> 0, r4 |-> 0, r1 |-> 0, r5 |-> 0],
  r1 |-> [r2 |-> 0, r3 |-> 0, r4 |-> 0, r1 |-> 0, r5 |-> 0],
  r5 |-> [r2 |-> 0, r3 |-> 0, r4 |-> 0, r1 |-> 0, r5 |-> 0] ]
/\ log = [r2 |-> <<>>, r3 |-> <<>>, r4 |-> <<>>, r1 |-> <<>>, r5 |-> <<>>]
/\ switchSentRecord = [r2 |-> {}, r3 |-> {}, r4 |-> {}, r1 |-> {}, r5 |-> {}]
/\ state = [r2 |-> Leader, r3 |-> Follower, r4 |-> Follower, r1 |-> Switch, r5 |-> NetAgg]
/\ netAggSentCache = << >>
/\ leaderCount = [r2 |-> 1, r3 |-> 0, r4 |-> 0, r1 |-> 0, r5 |-> 0]
/\ entryCommitStats = <<>>
/\ commitIndex = [r2 |-> 0, r3 |-> 0, r4 |-> 0, r1 |-> 0, r5 |-> 0]
/\ currentTerm = [r2 |-> 2, r3 |-> 2, r4 |-> 2, r1 |-> 2, r5 |-> 2]
/\ votesResponded = [r2 |-> {"r3", "r4"}, r3 |-> {}, r4 |-> {}, r1 |-> {}, r5 |-> {}]
/\ maxc = 1
/\ nextIndex = [ r2 |-> [r2 |-> 1, r3 |-> 1, r4 |-> 1, r1 |-> 1, r5 |-> 1],
  r3 |-> [r2 |-> 1, r3 |-> 1, r4 |-> 1, r1 |-> 1, r5 |-> 1],
  r4 |-> [r2 |-> 1, r3 |-> 1, r4 |-> 1, r1 |-> 1, r5 |-> 1],
  r1 |-> [r2 |-> 1, r3 |-> 1, r4 |-> 1, r1 |-> 1, r5 |-> 1],
  r5 |-> [r2 |-> 1, r3 |-> 1, r4 |-> 1, r1 |-> 1, r5 |-> 1] ]
/\ votesGranted = [r2 |-> {"r3", "r4"}, r3 |-> {}, r4 |-> {}, r1 |-> {}, r5 |-> {}]
/\ switchBuffer = [v1 |-> [term |-> 2, value |-> "v1", payload |-> "v1"]]
/\ voterLog = [ r2 |-> [r3 |-> <<>>, r4 |-> <<>>],
  r3 |-> << >>,
  r4 |-> << >>,
  r1 |-> << >>,
  r5 |-> << >> ]
/\ votedFor = [r2 |-> Nil, r3 |-> "r2", r4 |-> "r2", r1 |-> Nil, r5 |-> Nil]
/\ unorderedRequests = [r2 |-> {}, r3 |-> {}, r4 |-> {}, r1 |-> {}, r5 |-> {}]

@!@!@ENDMSG 2217 @!@!@
@!@!@STARTMSG 2217:4 @!@!@
3: <MySwitchNext line 635, col 8 to line 635, col 70 of module full>
/\ messages = <<>>
/\ matchIndex = [ r2 |-> [r2 |-> 0, r3 |-> 0, r4 |-> 0, r1 |-> 0, r5 |-> 0],
  r3 |-> [r2 |-> 0, r3 |-> 0, r4 |-> 0, r1 |-> 0, r5 |-> 0],
  r4 |-> [r2 |-> 0, r3 |-> 0, r4 |-> 0, r1 |-> 0, r5 |-> 0],
  r1 |-> [r2 |-> 0, r3 |-> 0, r4 |-> 0, r1 |-> 0, r5 |-> 0],
  r5 |-> [r2 |-> 0, r3 |-> 0, r4 |-> 0, r1 |-> 0, r5 |-> 0] ]
/\ log = [r2 |-> <<>>, r3 |-> <<>>, r4 |-> <<>>, r1 |-> <<>>, r5 |-> <<>>]
/\ switchSentRecord = [r2 |-> {}, r3 |-> {}, r4 |-> {}, r1 |-> {}, r5 |-> {}]
/\ state = [r2 |-> Leader, r3 |-> Follower, r4 |-> Follower, r1 |-> Switch, r5 |-> NetAgg]
/\ netAggSentCache = << >>
/\ leaderCount = [r2 |-> 1, r3 |-> 0, r4 |-> 0, r1 |-> 0, r5 |-> 0]
/\ entryCommitStats = <<>>
/\ commitIndex = [r2 |-> 0, r3 |-> 0, r4 |-> 0, r1 |-> 0, r5 |-> 0]
/\ currentTerm = [r2 |-> 2, r3 |-> 2, r4 |-> 2, r1 |-> 2, r5 |-> 2]
/\ votesResponded = [r2 |-> {"r3", "r4"}, r3 |-> {}, r4 |-> {}, r1 |-> {}, r5 |-> {}]
/\ maxc = 2
/\ nextIndex = [ r2 |-> [r2 |-> 1, r3 |-> 1, r4 |-> 1, r1 |-> 1, r5 |-> 1],
  r3 |-> [r2 |-> 1, r3 |-> 1, r4 |-> 1, r1 |-> 1, r5 |-> 1],
  r4 |-> [r2 |-> 1, r3 |-> 1, r4 |-> 1, r1 |-> 1, r5 |-> 1],
  r1 |-> [r2 |-> 1, r3 |-> 1, r4 |-> 1, r1 |-> 1, r5 |-> 1],
  r5 |-> [r2 |-> 1, r3 |-> 1, r4 |-> 1, r1 |-> 1, r5 |-> 1] ]
/\ votesGranted = [r2 |-> {"r3", "r4"}, r3 |-> {}, r4 |-> {}, r1 |-> {}, r5 |-> {}]
/\ switchBuffer = [ v1 |-> [term |-> 2, value |-> "v1", payload |-> "v1"],
  v2 |-> [term |-> 2, value |-> "v2", payload |-> "v2"] ]
/\ voterLog = [ r2 |-> [r3 |-> <<>>, r4 |-> <<>>],
  r3 |-> << >>,
  r4 |-> << >>,
  r1 |-> << >>,
  r5 |-> << >> ]
/\ votedFor = [r2 |-> Nil, r3 |-> "r2", r4 |-> "r2", r1 |-> Nil, r5 |-> Nil]
/\ unorderedRequests = [r2 |-> {}, r3 |-> {}, r4 |-> {}, r1 |-> {}, r5 |-> {}]

@!@!@ENDMSG 2217 @!@!@
@!@!@STARTMSG 2217:4 @!@!@
4: <MySwitchNext line 636, col 7 to line 637, col 60 of module full>
/\ messages = <<>>
/\ matchIndex = [ r2 |-> [r2 |-> 0, r3 |-> 0, r4 |-> 0, r1 |-> 0, r5 |-> 0],
  r3 |-> [r2 |-> 0, r3 |-> 0, r4 |-> 0, r1 |-> 0, r5 |-> 0],
  r4 |-> [r2 |-> 0, r3 |-> 0, r4 |-> 0, r1 |-> 0, r5 |-> 0],
  r1 |-> [r2 |-> 0, r3 |-> 0, r4 |-> 0, r1 |-> 0, r5 |-> 0],
  r5 |-> [r2 |-> 0, r3 |-> 0, r4 |-> 0, r1 |-> 0, r5 |-> 0] ]
/\ log = [r2 |-> <<>>, r3 |-> <<>>, r4 |-> <<>>, r1 |-> <<>>, r5 |-> <<>>]
/\ switchSentRecord = [r2 |-> {<<"v1", 2>>}, r3 |-> {}, r4 |-> {}, r1 |-> {}, r5 |-> {}]
/\ state = [r2 |-> Leader, r3 |-> Follower, r4 |-> Follower, r1 |-> Switch, r5 |-> NetAgg]
/\ netAggSentCache = << >>
/\ leaderCount = [r2 |-> 1, r3 |-> 0, r4 |-> 0, r1 |-> 0, r5 |-> 0]
/\ entryCommitStats = <<>>
/\ commitIndex = [r2 |-> 0, r3 |-> 0, r4 |-> 0, r1 |-> 0, r5 |-> 0]
/\ currentTerm = [r2 |-> 2, r3 |-> 2, r4 |-> 2, r1 |-> 2, r5 |-> 2]
/\ votesResponded = [r2 |-> {"r3", "r4"}, r3 |-> {}, r4 |-> {}, r1 |-> {}, r5 |-> {}]
/\ maxc = 2
/\ nextIndex = [ r2 |-> [r2 |-> 1, r3 |-> 1, r4 |-> 1, r1 |-> 1, r5 |-> 1],
  r3 |-> [r2 |-> 1, r3 |-> 1, r4 |-> 1, r1 |-> 1, r5 |-> 1],
  r4 |-> [r2 |-> 1, r3 |-> 1, r4 |-> 1, r1 |-> 1, r5 |-> 1],
  r1 |-> [r2 |-> 1, r3 |-> 1, r4 |-> 1, r1 |-> 1, r5 |-> 1],
  r5 |-> [r2 |-> 1, r3 |-> 1, r4 |-> 1, r1 |-> 1, r5 |-> 1] ]
/\ votesGranted = [r2 |-> {"r3", "r4"}, r3 |-> {}, r4 |-> {}, r1 |-> {}, r5 |-> {}]
/\ switchBuffer = [ v1 |-> [term |-> 2, value |-> "v1", payload |-> "v1"],
  v2 |-> [term |-> 2, value |-> "v2", payload |-> "v2"] ]
/\ voterLog = [ r2 |-> [r3 |-> <<>>, r4 |-> <<>>],
  r3 |-> << >>,
  r4 |-> << >>,
  r1 |-> << >>,
  r5 |-> << >> ]
/\ votedFor = [r2 |-> Nil, r3 |-> "r2", r4 |-> "r2", r1 |-> Nil, r5 |-> Nil]
/\ unorderedRequests = [r2 |-> {"v1"}, r3 |-> {}, r4 |-> {}, r1 |-> {}, r5 |-> {}]

@!@!@ENDMSG 2217 @!@!@
@!@!@STARTMSG 2217:4 @!@!@
5: <MySwitchNext line 636, col 7 to line 637, col 60 of module full>
/\ messages = <<>>
/\ matchIndex = [ r2 |-> [r2 |-> 0, r3 |-> 0, r4 |-> 0, r1 |-> 0, r5 |-> 0],
  r3 |-> [r2 |-> 0, r3 |-> 0, r4 |-> 0, r1 |-> 0, r5 |-> 0],
  r4 |-> [r2 |-> 0, r3 |-> 0, r4 |-> 0, r1 |-> 0, r5 |-> 0],
  r1 |-> [r2 |-> 0, r3 |-> 0, r4 |-> 0, r1 |-> 0, r5 |-> 0],
  r5 |-> [r2 |-> 0, r3 |-> 0, r4 |-> 0, r1 |-> 0, r5 |-> 0] ]
/\ log = [r2 |-> <<>>, r3 |-> <<>>, r4 |-> <<>>, r1 |-> <<>>, r5 |-> <<>>]
/\ switchSentRecord = [r2 |-> {<<"v1", 2>>}, r3 |-> {}, r4 |-> {<<"v1", 2>>}, r1 |-> {}, r5 |-> {}]
/\ state = [r2 |-> Leader, r3 |-> Follower, r4 |-> Follower, r1 |-> Switch, r5 |-> NetAgg]
/\ netAggSentCache = << >>
/\ leaderCount = [r2 |-> 1, r3 |-> 0, r4 |-> 0, r1 |-> 0, r5 |-> 0]
/\ entryCommitStats = <<>>
/\ commitIndex = [r2 |-> 0, r3 |-> 0, r4 |-> 0, r1 |-> 0, r5 |-> 0]
/\ currentTerm = [r2 |-> 2, r3 |-> 2, r4 |-> 2, r1 |-> 2, r5 |-> 2]
/\ votesResponded = [r2 |-> {"r3", "r4"}, r3 |-> {}, r4 |-> {}, r1 |-> {}, r5 |-> {}]
/\ maxc = 2
/\ nextIndex = [ r2 |-> [r2 |-> 1, r3 |-> 1, r4 |-> 1, r1 |-> 1, r5 |-> 1],
  r3 |-> [r2 |-> 1, r3 |-> 1, r4 |-> 1, r1 |-> 1, r5 |-> 1],
  r4 |-> [r2 |-> 1, r3 |-> 1, r4 |-> 1, r1 |-> 1, r5 |-> 1],
  r1 |-> [r2 |-> 1, r3 |-> 1, r4 |-> 1, r1 |-> 1, r5 |-> 1],
  r5 |-> [r2 |-> 1, r3 |-> 1, r4 |-> 1, r1 |-> 1, r5 |-> 1] ]
/\ votesGranted = [r2 |-> {"r3", "r4"}, r3 |-> {}, r4 |-> {}, r1 |-> {}, r5 |-> {}]
/\ switchBuffer = [ v1 |-> [term |-> 2, value |-> "v1", payload |-> "v1"],
  v2 |-> [term |-> 2, value |-> "v2", payload |-> "v2"] ]
/\ voterLog = [ r2 |-> [r3 |-> <<>>, r4 |-> <<>>],
  r3 |-> << >>,
  r4 |-> << >>,
  r1 |-> << >>,
  r5 |-> << >> ]
/\ votedFor = [r2 |-> Nil, r3 |-> "r2", r4 |-> "r2", r1 |-> Nil, r5 |-> Nil]
/\ unorderedRequests = [r2 |-> {"v1"}, r3 |-> {}, r4 |-> {"v1"}, r1 |-> {}, r5 |-> {}]

@!@!@ENDMSG 2217 @!@!@
@!@!@STARTMSG 2217:4 @!@!@
6: <MySwitchNext line 636, col 7 to line 637, col 60 of module full>
/\ messages = <<>>
/\ matchIndex = [ r2 |-> [r2 |-> 0, r3 |-> 0, r4 |-> 0, r1 |-> 0, r5 |-> 0],
  r3 |-> [r2 |-> 0, r3 |-> 0, r4 |-> 0, r1 |-> 0, r5 |-> 0],
  r4 |-> [r2 |-> 0, r3 |-> 0, r4 |-> 0, r1 |-> 0, r5 |-> 0],
  r1 |-> [r2 |-> 0, r3 |-> 0, r4 |-> 0, r1 |-> 0, r5 |-> 0],
  r5 |-> [r2 |-> 0, r3 |-> 0, r4 |-> 0, r1 |-> 0, r5 |-> 0] ]
/\ log = [r2 |-> <<>>, r3 |-> <<>>, r4 |-> <<>>, r1 |-> <<>>, r5 |-> <<>>]
/\ switchSentRecord = [ r2 |-> {<<"v1", 2>>, <<"v2", 2>>},
  r3 |-> {},
  r4 |-> {<<"v1", 2>>},
  r1 |-> {},
  r5 |-> {} ]
/\ state = [r2 |-> Leader, r3 |-> Follower, r4 |-> Follower, r1 |-> Switch, r5 |-> NetAgg]
/\ netAggSentCache = << >>
/\ leaderCount = [r2 |-> 1, r3 |-> 0, r4 |-> 0, r1 |-> 0, r5 |-> 0]
/\ entryCommitStats = <<>>
/\ commitIndex = [r2 |-> 0, r3 |-> 0, r4 |-> 0, r1 |-> 0, r5 |-> 0]
/\ currentTerm = [r2 |-> 2, r3 |-> 2, r4 |-> 2, r1 |-> 2, r5 |-> 2]
/\ votesResponded = [r2 |-> {"r3", "r4"}, r3 |-> {}, r4 |-> {}, r1 |-> {}, r5 |-> {}]
/\ maxc = 2
/\ nextIndex = [ r2 |-> [r2 |-> 1, r3 |-> 1, r4 |-> 1, r1 |-> 1, r5 |-> 1],
  r3 |-> [r2 |-> 1, r3 |-> 1, r4 |-> 1, r1 |-> 1, r5 |-> 1],
  r4 |-> [r2 |-> 1, r3 |-> 1, r4 |-> 1, r1 |-> 1, r5 |-> 1],
  r1 |-> [r2 |-> 1, r3 |-> 1, r4 |-> 1, r1 |-> 1, r5 |-> 1],
  r5 |-> [r2 |-> 1, r3 |-> 1, r4 |-> 1, r1 |-> 1, r5 |-> 1] ]
/\ votesGranted = [r2 |-> {"r3", "r4"}, r3 |-> {}, r4 |-> {}, r1 |-> {}, r5 |-> {}]
/\ switchBuffer = [ v1 |-> [term |-> 2, value |-> "v1", payload |-> "v1"],
  v2 |-> [term |-> 2, value |-> "v2", payload |-> "v2"] ]
/\ voterLog = [ r2 |-> [r3 |-> <<>>, r4 |-> <<>>],
  r3 |-> << >>,
  r4 |-> << >>,
  r1 |-> << >>,
  r5 |-> << >> ]
/\ votedFor = [r2 |-> Nil, r3 |-> "r2", r4 |-> "r2", r1 |-> Nil, r5 |-> Nil]
/\ unorderedRequests = [r2 |-> {"v1", "v2"}, r3 |-> {}, r4 |-> {"v1"}, r1 |-> {}, r5 |-> {}]

@!@!@ENDMSG 2217 @!@!@
@!@!@STARTMSG 2217:4 @!@!@
7: <MySwitchNext line 638, col 7 to line 639, col 68 of module full>
/\ messages = ( [ mtype |-> AppendEntriesRequest,
    mterm |-> 2,
    msource |-> "r2",
    mdest |-> "r5",
    mprevLogIndex |-> 0,
    mprevLogTerm |-> 0,
    mentries |-> <<[term |-> 2, value |-> "v2"]>>,
    mcommitIndex |-> 0 ] :>
      1 )
/\ matchIndex = [ r2 |-> [r2 |-> 0, r3 |-> 0, r4 |-> 0, r1 |-> 0, r5 |-> 0],
  r3 |-> [r2 |-> 0, r3 |-> 0, r4 |-> 0, r1 |-> 0, r5 |-> 0],
  r4 |-> [r2 |-> 0, r3 |-> 0, r4 |-> 0, r1 |-> 0, r5 |-> 0],
  r1 |-> [r2 |-> 0, r3 |-> 0, r4 |-> 0, r1 |-> 0, r5 |-> 0],
  r5 |-> [r2 |-> 0, r3 |-> 0, r4 |-> 0, r1 |-> 0, r5 |-> 0] ]
/\ log = [ r2 |-> <<[term |-> 2, value |-> "v2", payload |-> "v2"]>>,
  r3 |-> <<>>,
  r4 |-> <<>>,
  r1 |-> <<>>,
  r5 |-> <<>> ]
/\ switchSentRecord = [ r2 |-> {<<"v1", 2>>, <<"v2", 2>>},
  r3 |-> {},
  r4 |-> {<<"v1", 2>>},
  r1 |-> {},
  r5 |-> {} ]
/\ state = [r2 |-> Leader, r3 |-> Follower, r4 |-> Follower, r1 |-> Switch, r5 |-> NetAgg]
/\ netAggSentCache = << >>
/\ leaderCount = [r2 |-> 1, r3 |-> 0, r4 |-> 0, r1 |-> 0, r5 |-> 0]
/\ entryCommitStats = (<<1, 2>> :> [sentCount |-> 0, ackCount |-> 0, committed |-> FALSE])
/\ commitIndex = [r2 |-> 0, r3 |-> 0, r4 |-> 0, r1 |-> 0, r5 |-> 0]
/\ currentTerm = [r2 |-> 2, r3 |-> 2, r4 |-> 2, r1 |-> 2, r5 |-> 2]
/\ votesResponded = [r2 |-> {"r3", "r4"}, r3 |-> {}, r4 |-> {}, r1 |-> {}, r5 |-> {}]
/\ maxc = 2
/\ nextIndex = [ r2 |-> [r2 |-> 1, r3 |-> 1, r4 |-> 1, r1 |-> 1, r5 |-> 1],
  r3 |-> [r2 |-> 1, r3 |-> 1, r4 |-> 1, r1 |-> 1, r5 |-> 1],
  r4 |-> [r2 |-> 1, r3 |-> 1, r4 |-> 1, r1 |-> 1, r5 |-> 1],
  r1 |-> [r2 |-> 1, r3 |-> 1, r4 |-> 1, r1 |-> 1, r5 |-> 1],
  r5 |-> [r2 |-> 1, r3 |-> 1, r4 |-> 1, r1 |-> 1, r5 |-> 1] ]
/\ votesGranted = [r2 |-> {"r3", "r4"}, r3 |-> {}, r4 |-> {}, r1 |-> {}, r5 |-> {}]
/\ switchBuffer = [ v1 |-> [term |-> 2, value |-> "v1", payload |-> "v1"],
  v2 |-> [term |-> 2, value |-> "v2", payload |-> "v2"] ]
/\ voterLog = [ r2 |-> [r3 |-> <<>>, r4 |-> <<>>],
  r3 |-> << >>,
  r4 |-> << >>,
  r1 |-> << >>,
  r5 |-> << >> ]
/\ votedFor = [r2 |-> Nil, r3 |-> "r2", r4 |-> "r2", r1 |-> Nil, r5 |-> Nil]
/\ unorderedRequests = [r2 |-> {"v1"}, r3 |-> {}, r4 |-> {"v1"}, r1 |-> {}, r5 |-> {}]

@!@!@ENDMSG 2217 @!@!@
@!@!@STARTMSG 2217:4 @!@!@
8: <MySwitchNext line 638, col 7 to line 639, col 68 of module full>
/\ messages = ( [ mtype |-> AppendEntriesRequest,
    mterm |-> 2,
    msource |-> "r2",
    mdest |-> "r5",
    mprevLogIndex |-> 0,
    mprevLogTerm |-> 0,
    mentries |-> <<[term |-> 2, value |-> "v2"]>>,
    mcommitIndex |-> 0 ] :>
      1 @@
  [ mtype |-> AppendEntriesRequest,
    mterm |-> 2,
    msource |-> "r2",
    mdest |-> "r5",
    mprevLogIndex |-> 1,
    mprevLogTerm |-> 2,
    mentries |-> <<[term |-> 2, value |-> "v1"]>>,
    mcommitIndex |-> 0 ] :>
      1 )
/\ matchIndex = [ r2 |-> [r2 |-> 0, r3 |-> 0, r4 |-> 0, r1 |-> 0, r5 |-> 0],
  r3 |-> [r2 |-> 0, r3 |-> 0, r4 |-> 0, r1 |-> 0, r5 |-> 0],
  r4 |-> [r2 |-> 0, r3 |-> 0, r4 |-> 0, r1 |-> 0, r5 |-> 0],
  r1 |-> [r2 |-> 0, r3 |-> 0, r4 |-> 0, r1 |-> 0, r5 |-> 0],
  r5 |-> [r2 |-> 0, r3 |-> 0, r4 |-> 0, r1 |-> 0, r5 |-> 0] ]
/\ log = [ r2 |->
      << [term |-> 2, value |-> "v2", payload |-> "v2"],
         [term |-> 2, value |-> "v1", payload |-> "v1"] >>,
  r3 |-> <<>>,
  r4 |-> <<>>,
  r1 |-> <<>>,
  r5 |-> <<>> ]
/\ switchSentRecord = [ r2 |-> {<<"v1", 2>>, <<"v2", 2>>},
  r3 |-> {},
  r4 |-> {<<"v1", 2>>},
  r1 |-> {},
  r5 |-> {} ]
/\ state = [r2 |-> Leader, r3 |-> Follower, r4 |-> Follower, r1 |-> Switch, r5 |-> NetAgg]
/\ netAggSentCache = << >>
/\ leaderCount = [r2 |-> 1, r3 |-> 0, r4 |-> 0, r1 |-> 0, r5 |-> 0]
/\ entryCommitStats = ( <<1, 2>> :> [sentCount |-> 0, ackCount |-> 0, committed |-> FALSE] @@
  <<2, 2>> :> [sentCount |-> 0, ackCount |-> 0, committed |-> FALSE] )
/\ commitIndex = [r2 |-> 0, r3 |-> 0, r4 |-> 0, r1 |-> 0, r5 |-> 0]
/\ currentTerm = [r2 |-> 2, r3 |-> 2, r4 |-> 2, r1 |-> 2, r5 |-> 2]
/\ votesResponded = [r2 |-> {"r3", "r4"}, r3 |-> {}, r4 |-> {}, r1 |-> {}, r5 |-> {}]
/\ maxc = 2
/\ nextIndex = [ r2 |-> [r2 |-> 1, r3 |-> 1, r4 |-> 1, r1 |-> 1, r5 |-> 1],
  r3 |-> [r2 |-> 1, r3 |-> 1, r4 |-> 1, r1 |-> 1, r5 |-> 1],
  r4 |-> [r2 |-> 1, r3 |-> 1, r4 |-> 1, r1 |-> 1, r5 |-> 1],
  r1 |-> [r2 |-> 1, r3 |-> 1, r4 |-> 1, r1 |-> 1, r5 |-> 1],
  r5 |-> [r2 |-> 1, r3 |-> 1, r4 |-> 1, r1 |-> 1, r5 |-> 1] ]
/\ votesGranted = [r2 |-> {"r3", "r4"}, r3 |-> {}, r4 |-> {}, r1 |-> {}, r5 |-> {}]
/\ switchBuffer = [ v1 |-> [term |-> 2, value |-> "v1", payload |-> "v1"],
  v2 |-> [term |-> 2, value |-> "v2", payload |-> "v2"] ]
/\ voterLog = [ r2 |-> [r3 |-> <<>>, r4 |-> <<>>],
  r3 |-> << >>,
  r4 |-> << >>,
  r1 |-> << >>,
  r5 |-> << >> ]
/\ votedFor = [r2 |-> Nil, r3 |-> "r2", r4 |-> "r2", r1 |-> Nil, r5 |-> Nil]
/\ unorderedRequests = [r2 |-> {}, r3 |-> {}, r4 |-> {"v1"}, r1 |-> {}, r5 |-> {}]

@!@!@ENDMSG 2217 @!@!@
@!@!@STARTMSG 2217:4 @!@!@
9: <MySwitchNext line 644, col 8 to line 644, col 84 of module full>
/\ messages = ( [ mtype |-> AppendEntriesRequest,
    mterm |-> 2,
    msource |-> "r2",
    mdest |-> "r5",
    mprevLogIndex |-> 0,
    mprevLogTerm |-> 0,
    mentries |-> <<[term |-> 2, value |-> "v2"]>>,
    mcommitIndex |-> 0 ] :>
      1 @@
  [ mtype |-> AppendEntriesRequest,
    mterm |-> 2,
    msource |-> "r2",
    mdest |-> "r5",
    mprevLogIndex |-> 1,
    mprevLogTerm |-> 2,
    mentries |-> <<[term |-> 2, value |-> "v1"]>>,
    mcommitIndex |-> 0 ] :>
      1 @@
  [ mtype |-> AppendEntriesRequest,
    mterm |-> 2,
    msource |-> "r2",
    mdest |-> "r3",
    mprevLogIndex |-> 0,
    mprevLogTerm |-> 0,
    mentries |-> <<[term |-> 2, value |-> "v2", payload |-> "v2"]>>,
    mlog |->
        << [term |-> 2, value |-> "v2", payload |-> "v2"],
           [term |-> 2, value |-> "v1", payload |-> "v1"] >>,
    mcommitIndex |-> 0 ] :>
      1 )
/\ matchIndex = [ r2 |-> [r2 |-> 0, r3 |-> 0, r4 |-> 0, r1 |-> 0, r5 |-> 0],
  r3 |-> [r2 |-> 0, r3 |-> 0, r4 |-> 0, r1 |-> 0, r5 |-> 0],
  r4 |-> [r2 |-> 0, r3 |-> 0, r4 |-> 0, r1 |-> 0, r5 |-> 0],
  r1 |-> [r2 |-> 0, r3 |-> 0, r4 |-> 0, r1 |-> 0, r5 |-> 0],
  r5 |-> [r2 |-> 0, r3 |-> 0, r4 |-> 0, r1 |-> 0, r5 |-> 0] ]
/\ log = [ r2 |->
      << [term |-> 2, value |-> "v2", payload |-> "v2"],
         [term |-> 2, value |-> "v1", payload |-> "v1"] >>,
  r3 |-> <<>>,
  r4 |-> <<>>,
  r1 |-> <<>>,
  r5 |-> <<>> ]
/\ switchSentRecord = [ r2 |-> {<<"v1", 2>>, <<"v2", 2>>},
  r3 |-> {},
  r4 |-> {<<"v1", 2>>},
  r1 |-> {},
  r5 |-> {} ]
/\ state = [r2 |-> Leader, r3 |-> Follower, r4 |-> Follower, r1 |-> Switch, r5 |-> NetAgg]
/\ netAggSentCache = << >>
/\ leaderCount = [r2 |-> 1, r3 |-> 0, r4 |-> 0, r1 |-> 0, r5 |-> 0]
/\ entryCommitStats = ( <<1, 2>> :> [sentCount |-> 1, ackCount |-> 0, committed |-> FALSE] @@
  <<2, 2>> :> [sentCount |-> 0, ackCount |-> 0, committed |-> FALSE] )
/\ commitIndex = [r2 |-> 0, r3 |-> 0, r4 |-> 0, r1 |-> 0, r5 |-> 0]
/\ currentTerm = [r2 |-> 2, r3 |-> 2, r4 |-> 2, r1 |-> 2, r5 |-> 2]
/\ votesResponded = [r2 |-> {"r3", "r4"}, r3 |-> {}, r4 |-> {}, r1 |-> {}, r5 |-> {}]
/\ maxc = 2
/\ nextIndex = [ r2 |-> [r2 |-> 1, r3 |-> 1, r4 |-> 1, r1 |-> 1, r5 |-> 1],
  r3 |-> [r2 |-> 1, r3 |-> 1, r4 |-> 1, r1 |-> 1, r5 |-> 1],
  r4 |-> [r2 |-> 1, r3 |-> 1, r4 |-> 1, r1 |-> 1, r5 |-> 1],
  r1 |-> [r2 |-> 1, r3 |-> 1, r4 |-> 1, r1 |-> 1, r5 |-> 1],
  r5 |-> [r2 |-> 1, r3 |-> 1, r4 |-> 1, r1 |-> 1, r5 |-> 1] ]
/\ votesGranted = [r2 |-> {"r3", "r4"}, r3 |-> {}, r4 |-> {}, r1 |-> {}, r5 |-> {}]
/\ switchBuffer = [ v1 |-> [term |-> 2, value |-> "v1", payload |-> "v1"],
  v2 |-> [term |-> 2, value |-> "v2", payload |-> "v2"] ]
/\ voterLog = [ r2 |-> [r3 |-> <<>>, r4 |-> <<>>],
  r3 |-> << >>,
  r4 |-> << >>,
  r1 |-> << >>,
  r5 |-> << >> ]
/\ votedFor = [r2 |-> Nil, r3 |-> "r2", r4 |-> "r2", r1 |-> Nil, r5 |-> Nil]
/\ unorderedRequests = [r2 |-> {}, r3 |-> {}, r4 |-> {"v1"}, r1 |-> {}, r5 |-> {}]

@!@!@ENDMSG 2217 @!@!@
@!@!@STARTMSG 2217:4 @!@!@
10: <MySwitchNext line 645, col 7 to line 645, col 50 of module full>
/\ messages = ( [ mtype |-> AppendEntriesResponse,
    mterm |-> 2,
    msource |-> "r3",
    mdest |-> "r2",
    msuccess |-> TRUE,
    mmatchIndex |-> 1 ] :>
      1 @@
  [ mtype |-> AppendEntriesRequest,
    mterm |-> 2,
    msource |-> "r2",
    mdest |-> "r5",
    mprevLogIndex |-> 0,
    mprevLogTerm |-> 0,
    mentries |-> <<[term |-> 2, value |-> "v2"]>>,
    mcommitIndex |-> 0 ] :>
      1 @@
  [ mtype |-> AppendEntriesRequest,
    mterm |-> 2,
    msource |-> "r2",
    mdest |-> "r5",
    mprevLogIndex |-> 1,
    mprevLogTerm |-> 2,
    mentries |-> <<[term |-> 2, value |-> "v1"]>>,
    mcommitIndex |-> 0 ] :>
      1 @@
  [ mtype |-> AppendEntriesRequest,
    mterm |-> 2,
    msource |-> "r2",
    mdest |-> "r3",
    mprevLogIndex |-> 0,
    mprevLogTerm |-> 0,
    mentries |-> <<[term |-> 2, value |-> "v2", payload |-> "v2"]>>,
    mlog |->
        << [term |-> 2, value |-> "v2", payload |-> "v2"],
           [term |-> 2, value |-> "v1", payload |-> "v1"] >>,
    mcommitIndex |-> 0 ] :>
      0 )
/\ matchIndex = [ r2 |-> [r2 |-> 0, r3 |-> 0, r4 |-> 0, r1 |-> 0, r5 |-> 0],
  r3 |-> [r2 |-> 0, r3 |-> 0, r4 |-> 0, r1 |-> 0, r5 |-> 0],
  r4 |-> [r2 |-> 0, r3 |-> 0, r4 |-> 0, r1 |-> 0, r5 |-> 0],
  r1 |-> [r2 |-> 0, r3 |-> 0, r4 |-> 0, r1 |-> 0, r5 |-> 0],
  r5 |-> [r2 |-> 0, r3 |-> 0, r4 |-> 0, r1 |-> 0, r5 |-> 0] ]
/\ log = [ r2 |->
      << [term |-> 2, value |-> "v2", payload |-> "v2"],
         [term |-> 2, value |-> "v1", payload |-> "v1"] >>,
  r3 |-> <<[term |-> 2, value |-> "v2", payload |-> "v2"]>>,
  r4 |-> <<>>,
  r1 |-> <<>>,
  r5 |-> <<>> ]
/\ switchSentRecord = [ r2 |-> {<<"v1", 2>>, <<"v2", 2>>},
  r3 |-> {},
  r4 |-> {<<"v1", 2>>},
  r1 |-> {},
  r5 |-> {} ]
/\ state = [r2 |-> Leader, r3 |-> Follower, r4 |-> Follower, r1 |-> Switch, r5 |-> NetAgg]
/\ netAggSentCache = << >>
/\ leaderCount = [r2 |-> 1, r3 |-> 0, r4 |-> 0, r1 |-> 0, r5 |-> 0]
/\ entryCommitStats = ( <<1, 2>> :> [sentCount |-> 1, ackCount |-> 0, committed |-> FALSE] @@
  <<2, 2>> :> [sentCount |-> 0, ackCount |-> 0, committed |-> FALSE] )
/\ commitIndex = [r2 |-> 0, r3 |-> 0, r4 |-> 0, r1 |-> 0, r5 |-> 0]
/\ currentTerm = [r2 |-> 2, r3 |-> 2, r4 |-> 2, r1 |-> 2, r5 |-> 2]
/\ votesResponded = [r2 |-> {"r3", "r4"}, r3 |-> {}, r4 |-> {}, r1 |-> {}, r5 |-> {}]
/\ maxc = 2
/\ nextIndex = [ r2 |-> [r2 |-> 1, r3 |-> 1, r4 |-> 1, r1 |-> 1, r5 |-> 1],
  r3 |-> [r2 |-> 1, r3 |-> 1, r4 |-> 1, r1 |-> 1, r5 |-> 1],
  r4 |-> [r2 |-> 1, r3 |-> 1, r4 |-> 1, r1 |-> 1, r5 |-> 1],
  r1 |-> [r2 |-> 1, r3 |-> 1, r4 |-> 1, r1 |-> 1, r5 |-> 1],
  r5 |-> [r2 |-> 1, r3 |-> 1, r4 |-> 1, r1 |-> 1, r5 |-> 1] ]
/\ votesGranted = [r2 |-> {"r3", "r4"}, r3 |-> {}, r4 |-> {}, r1 |-> {}, r5 |-> {}]
/\ switchBuffer = [ v1 |-> [term |-> 2, value |-> "v1", payload |-> "v1"],
  v2 |-> [term |-> 2, value |-> "v2", payload |-> "v2"] ]
/\ voterLog = [ r2 |-> [r3 |-> <<>>, r4 |-> <<>>],
  r3 |-> << >>,
  r4 |-> << >>,
  r1 |-> << >>,
  r5 |-> << >> ]
/\ votedFor = [r2 |-> Nil, r3 |-> "r2", r4 |-> "r2", r1 |-> Nil, r5 |-> Nil]
/\ unorderedRequests = [r2 |-> {}, r3 |-> {}, r4 |-> {"v1"}, r1 |-> {}, r5 |-> {}]

@!@!@ENDMSG 2217 @!@!@
@!@!@STARTMSG 2217:4 @!@!@
11: <MySwitchNext line 645, col 7 to line 645, col 50 of module full>
/\ messages = ( [ mtype |-> AppendEntriesResponse,
    mterm |-> 2,
    msource |-> "r3",
    mdest |-> "r2",
    msuccess |-> TRUE,
    mmatchIndex |-> 1 ] :>
      0 @@
  [ mtype |-> AppendEntriesRequest,
    mterm |-> 2,
    msource |-> "r2",
    mdest |-> "r5",
    mprevLogIndex |-> 0,
    mprevLogTerm |-> 0,
    mentries |-> <<[term |-> 2, value |-> "v2"]>>,
    mcommitIndex |-> 0 ] :>
      1 @@
  [ mtype |-> AppendEntriesRequest,
    mterm |-> 2,
    msource |-> "r2",
    mdest |-> "r5",
    mprevLogIndex |-> 1,
    mprevLogTerm |-> 2,
    mentries |-> <<[term |-> 2, value |-> "v1"]>>,
    mcommitIndex |-> 0 ] :>
      1 @@
  [ mtype |-> AppendEntriesRequest,
    mterm |-> 2,
    msource |-> "r2",
    mdest |-> "r3",
    mprevLogIndex |-> 0,
    mprevLogTerm |-> 0,
    mentries |-> <<[term |-> 2, value |-> "v2", payload |-> "v2"]>>,
    mlog |->
        << [term |-> 2, value |-> "v2", payload |-> "v2"],
           [term |-> 2, value |-> "v1", payload |-> "v1"] >>,
    mcommitIndex |-> 0 ] :>
      0 )
/\ matchIndex = [ r2 |-> [r2 |-> 0, r3 |-> 1, r4 |-> 0, r1 |-> 0, r5 |-> 0],
  r3 |-> [r2 |-> 0, r3 |-> 0, r4 |-> 0, r1 |-> 0, r5 |-> 0],
  r4 |-> [r2 |-> 0, r3 |-> 0, r4 |-> 0, r1 |-> 0, r5 |-> 0],
  r1 |-> [r2 |-> 0, r3 |-> 0, r4 |-> 0, r1 |-> 0, r5 |-> 0],
  r5 |-> [r2 |-> 0, r3 |-> 0, r4 |-> 0, r1 |-> 0, r5 |-> 0] ]
/\ log = [ r2 |->
      << [term |-> 2, value |-> "v2", payload |-> "v2"],
         [term |-> 2, value |-> "v1", payload |-> "v1"] >>,
  r3 |-> <<[term |-> 2, value |-> "v2", payload |-> "v2"]>>,
  r4 |-> <<>>,
  r1 |-> <<>>,
  r5 |-> <<>> ]
/\ switchSentRecord = [ r2 |-> {<<"v1", 2>>, <<"v2", 2>>},
  r3 |-> {},
  r4 |-> {<<"v1", 2>>},
  r1 |-> {},
  r5 |-> {} ]
/\ state = [r2 |-> Leader, r3 |-> Follower, r4 |-> Follower, r1 |-> Switch, r5 |-> NetAgg]
/\ netAggSentCache = << >>
/\ leaderCount = [r2 |-> 1, r3 |-> 0, r4 |-> 0, r1 |-> 0, r5 |-> 0]
/\ entryCommitStats = ( <<1, 2>> :> [sentCount |-> 1, ackCount |-> 1, committed |-> FALSE] @@
  <<2, 2>> :> [sentCount |-> 0, ackCount |-> 0, committed |-> FALSE] )
/\ commitIndex = [r2 |-> 0, r3 |-> 0, r4 |-> 0, r1 |-> 0, r5 |-> 0]
/\ currentTerm = [r2 |-> 2, r3 |-> 2, r4 |-> 2, r1 |-> 2, r5 |-> 2]
/\ votesResponded = [r2 |-> {"r3", "r4"}, r3 |-> {}, r4 |-> {}, r1 |-> {}, r5 |-> {}]
/\ maxc = 2
/\ nextIndex = [ r2 |-> [r2 |-> 1, r3 |-> 2, r4 |-> 1, r1 |-> 1, r5 |-> 1],
  r3 |-> [r2 |-> 1, r3 |-> 1, r4 |-> 1, r1 |-> 1, r5 |-> 1],
  r4 |-> [r2 |-> 1, r3 |-> 1, r4 |-> 1, r1 |-> 1, r5 |-> 1],
  r1 |-> [r2 |-> 1, r3 |-> 1, r4 |-> 1, r1 |-> 1, r5 |-> 1],
  r5 |-> [r2 |-> 1, r3 |-> 1, r4 |-> 1, r1 |-> 1, r5 |-> 1] ]
/\ votesGranted = [r2 |-> {"r3", "r4"}, r3 |-> {}, r4 |-> {}, r1 |-> {}, r5 |-> {}]
/\ switchBuffer = [ v1 |-> [term |-> 2, value |-> "v1", payload |-> "v1"],
  v2 |-> [term |-> 2, value |-> "v2", payload |-> "v2"] ]
/\ voterLog = [ r2 |-> [r3 |-> <<>>, r4 |-> <<>>],
  r3 |-> << >>,
  r4 |-> << >>,
  r1 |-> << >>,
  r5 |-> << >> ]
/\ votedFor = [r2 |-> Nil, r3 |-> "r2", r4 |-> "r2", r1 |-> Nil, r5 |-> Nil]
/\ unorderedRequests = [r2 |-> {}, r3 |-> {}, r4 |-> {"v1"}, r1 |-> {}, r5 |-> {}]

@!@!@ENDMSG 2217 @!@!@
@!@!@STARTMSG 2217:4 @!@!@
12: <MySwitchNext line 642, col 33 to line 642, col 80 of module full>
/\ messages = ( [ mtype |-> AppendEntriesResponse,
    mterm |-> 2,
    msource |-> "r3",
    mdest |-> "r2",
    msuccess |-> TRUE,
    mmatchIndex |-> 1 ] :>
      0 @@
  [ mtype |-> AppendEntriesRequest,
    mterm |-> 2,
    msource |-> "r2",
    mdest |-> "r5",
    mprevLogIndex |-> 0,
    mprevLogTerm |-> 0,
    mentries |-> <<[term |-> 2, value |-> "v2"]>>,
    mcommitIndex |-> 0 ] :>
      1 @@
  [ mtype |-> AppendEntriesRequest,
    mterm |-> 2,
    msource |-> "r2",
    mdest |-> "r5",
    mprevLogIndex |-> 1,
    mprevLogTerm |-> 2,
    mentries |-> <<[term |-> 2, value |-> "v1"]>>,
    mcommitIndex |-> 0 ] :>
      1 @@
  [ mtype |-> AppendEntriesRequest,
    mterm |-> 2,
    msource |-> "r2",
    mdest |-> "r3",
    mprevLogIndex |-> 0,
    mprevLogTerm |-> 0,
    mentries |-> <<[term |-> 2, value |-> "v2", payload |-> "v2"]>>,
    mlog |->
        << [term |-> 2, value |-> "v2", payload |-> "v2"],
           [term |-> 2, value |-> "v1", payload |-> "v1"] >>,
    mcommitIndex |-> 0 ] :>
      0 )
/\ matchIndex = [ r2 |-> [r2 |-> 0, r3 |-> 1, r4 |-> 0, r1 |-> 0, r5 |-> 0],
  r3 |-> [r2 |-> 0, r3 |-> 0, r4 |-> 0, r1 |-> 0, r5 |-> 0],
  r4 |-> [r2 |-> 0, r3 |-> 0, r4 |-> 0, r1 |-> 0, r5 |-> 0],
  r1 |-> [r2 |-> 0, r3 |-> 0, r4 |-> 0, r1 |-> 0, r5 |-> 0],
  r5 |-> [r2 |-> 0, r3 |-> 0, r4 |-> 0, r1 |-> 0, r5 |-> 0] ]
/\ log = [ r2 |->
      << [term |-> 2, value |-> "v2", payload |-> "v2"],
         [term |-> 2, value |-> "v1", payload |-> "v1"] >>,
  r3 |-> <<[term |-> 2, value |-> "v2", payload |-> "v2"]>>,
  r4 |-> <<>>,
  r1 |-> <<>>,
  r5 |-> <<>> ]
/\ switchSentRecord = [ r2 |-> {<<"v1", 2>>, <<"v2", 2>>},
  r3 |-> {},
  r4 |-> {<<"v1", 2>>},
  r1 |-> {},
  r5 |-> {} ]
/\ state = [r2 |-> Leader, r3 |-> Follower, r4 |-> Follower, r1 |-> Switch, r5 |-> NetAgg]
/\ netAggSentCache = << >>
/\ leaderCount = [r2 |-> 1, r3 |-> 0, r4 |-> 0, r1 |-> 0, r5 |-> 0]
/\ entryCommitStats = ( <<1, 2>> :> [sentCount |-> 1, ackCount |-> 1, committed |-> TRUE] @@
  <<2, 2>> :> [sentCount |-> 0, ackCount |-> 0, committed |-> FALSE] )
/\ commitIndex = [r2 |-> 1, r3 |-> 0, r4 |-> 0, r1 |-> 0, r5 |-> 0]
/\ currentTerm = [r2 |-> 2, r3 |-> 2, r4 |-> 2, r1 |-> 2, r5 |-> 2]
/\ votesResponded = [r2 |-> {"r3", "r4"}, r3 |-> {}, r4 |-> {}, r1 |-> {}, r5 |-> {}]
/\ maxc = 2
/\ nextIndex = [ r2 |-> [r2 |-> 1, r3 |-> 2, r4 |-> 1, r1 |-> 1, r5 |-> 1],
  r3 |-> [r2 |-> 1, r3 |-> 1, r4 |-> 1, r1 |-> 1, r5 |-> 1],
  r4 |-> [r2 |-> 1, r3 |-> 1, r4 |-> 1, r1 |-> 1, r5 |-> 1],
  r1 |-> [r2 |-> 1, r3 |-> 1, r4 |-> 1, r1 |-> 1, r5 |-> 1],
  r5 |-> [r2 |-> 1, r3 |-> 1, r4 |-> 1, r1 |-> 1, r5 |-> 1] ]
/\ votesGranted = [r2 |-> {"r3", "r4"}, r3 |-> {}, r4 |-> {}, r1 |-> {}, r5 |-> {}]
/\ switchBuffer = [ v1 |-> [term |-> 2, value |-> "v1", payload |-> "v1"],
  v2 |-> [term |-> 2, value |-> "v2", payload |-> "v2"] ]
/\ voterLog = [ r2 |-> [r3 |-> <<>>, r4 |-> <<>>],
  r3 |-> << >>,
  r4 |-> << >>,
  r1 |-> << >>,
  r5 |-> << >> ]
/\ votedFor = [r2 |-> Nil, r3 |-> "r2", r4 |-> "r2", r1 |-> Nil, r5 |-> Nil]
/\ unorderedRequests = [r2 |-> {}, r3 |-> {}, r4 |-> {"v1"}, r1 |-> {}, r5 |-> {}]

@!@!@ENDMSG 2217 @!@!@
@!@!@STARTMSG 2217:4 @!@!@
13: <MySwitchNext line 644, col 8 to line 644, col 84 of module full>
/\ messages = ( [ mtype |-> AppendEntriesResponse,
    mterm |-> 2,
    msource |-> "r3",
    mdest |-> "r2",
    msuccess |-> TRUE,
    mmatchIndex |-> 1 ] :>
      0 @@
  [ mtype |-> AppendEntriesRequest,
    mterm |-> 2,
    msource |-> "r2",
    mdest |-> "r5",
    mprevLogIndex |-> 0,
    mprevLogTerm |-> 0,
    mentries |-> <<[term |-> 2, value |-> "v2"]>>,
    mcommitIndex |-> 0 ] :>
      1 @@
  [ mtype |-> AppendEntriesRequest,
    mterm |-> 2,
    msource |-> "r2",
    mdest |-> "r5",
    mprevLogIndex |-> 1,
    mprevLogTerm |-> 2,
    mentries |-> <<[term |-> 2, value |-> "v1"]>>,
    mcommitIndex |-> 0 ] :>
      1 @@
  [ mtype |-> AppendEntriesRequest,
    mterm |-> 2,
    msource |-> "r2",
    mdest |-> "r3",
    mprevLogIndex |-> 0,
    mprevLogTerm |-> 0,
    mentries |-> <<[term |-> 2, value |-> "v2", payload |-> "v2"]>>,
    mlog |->
        << [term |-> 2, value |-> "v2", payload |-> "v2"],
           [term |-> 2, value |-> "v1", payload |-> "v1"] >>,
    mcommitIndex |-> 0 ] :>
      0 @@
  [ mtype |-> AppendEntriesRequest,
    mterm |-> 2,
    msource |-> "r2",
    mdest |-> "r3",
    mprevLogIndex |-> 1,
    mprevLogTerm |-> 2,
    mentries |-> <<[term |-> 2, value |-> "v1", payload |-> "v1"]>>,
    mlog |->
        << [term |-> 2, value |-> "v2", payload |-> "v2"],
           [term |-> 2, value |-> "v1", payload |-> "v1"] >>,
    mcommitIndex |-> 1 ] :>
      1 )
/\ matchIndex = [ r2 |-> [r2 |-> 0, r3 |-> 1, r4 |-> 0, r1 |-> 0, r5 |-> 0],
  r3 |-> [r2 |-> 0, r3 |-> 0, r4 |-> 0, r1 |-> 0, r5 |-> 0],
  r4 |-> [r2 |-> 0, r3 |-> 0, r4 |-> 0, r1 |-> 0, r5 |-> 0],
  r1 |-> [r2 |-> 0, r3 |-> 0, r4 |-> 0, r1 |-> 0, r5 |-> 0],
  r5 |-> [r2 |-> 0, r3 |-> 0, r4 |-> 0, r1 |-> 0, r5 |-> 0] ]
/\ log = [ r2 |->
      << [term |-> 2, value |-> "v2", payload |-> "v2"],
         [term |-> 2, value |-> "v1", payload |-> "v1"] >>,
  r3 |-> <<[term |-> 2, value |-> "v2", payload |-> "v2"]>>,
  r4 |-> <<>>,
  r1 |-> <<>>,
  r5 |-> <<>> ]
/\ switchSentRecord = [ r2 |-> {<<"v1", 2>>, <<"v2", 2>>},
  r3 |-> {},
  r4 |-> {<<"v1", 2>>},
  r1 |-> {},
  r5 |-> {} ]
/\ state = [r2 |-> Leader, r3 |-> Follower, r4 |-> Follower, r1 |-> Switch, r5 |-> NetAgg]
/\ netAggSentCache = << >>
/\ leaderCount = [r2 |-> 1, r3 |-> 0, r4 |-> 0, r1 |-> 0, r5 |-> 0]
/\ entryCommitStats = ( <<1, 2>> :> [sentCount |-> 1, ackCount |-> 1, committed |-> TRUE] @@
  <<2, 2>> :> [sentCount |-> 1, ackCount |-> 0, committed |-> FALSE] )
/\ commitIndex = [r2 |-> 1, r3 |-> 0, r4 |-> 0, r1 |-> 0, r5 |-> 0]
/\ currentTerm = [r2 |-> 2, r3 |-> 2, r4 |-> 2, r1 |-> 2, r5 |-> 2]
/\ votesResponded = [r2 |-> {"r3", "r4"}, r3 |-> {}, r4 |-> {}, r1 |-> {}, r5 |-> {}]
/\ maxc = 2
/\ nextIndex = [ r2 |-> [r2 |-> 1, r3 |-> 2, r4 |-> 1, r1 |-> 1, r5 |-> 1],
  r3 |-> [r2 |-> 1, r3 |-> 1, r4 |-> 1, r1 |-> 1, r5 |-> 1],
  r4 |-> [r2 |-> 1, r3 |-> 1, r4 |-> 1, r1 |-> 1, r5 |-> 1],
  r1 |-> [r2 |-> 1, r3 |-> 1, r4 |-> 1, r1 |-> 1, r5 |-> 1],
  r5 |-> [r2 |-> 1, r3 |-> 1, r4 |-> 1, r1 |-> 1, r5 |-> 1] ]
/\ votesGranted = [r2 |-> {"r3", "r4"}, r3 |-> {}, r4 |-> {}, r1 |-> {}, r5 |-> {}]
/\ switchBuffer = [ v1 |-> [term |-> 2, value |-> "v1", payload |-> "v1"],
  v2 |-> [term |-> 2, value |-> "v2", payload |-> "v2"] ]
/\ voterLog = [ r2 |-> [r3 |-> <<>>, r4 |-> <<>>],
  r3 |-> << >>,
  r4 |-> << >>,
  r1 |-> << >>,
  r5 |-> << >> ]
/\ votedFor = [r2 |-> Nil, r3 |-> "r2", r4 |-> "r2", r1 |-> Nil, r5 |-> Nil]
/\ unorderedRequests = [r2 |-> {}, r3 |-> {}, r4 |-> {"v1"}, r1 |-> {}, r5 |-> {}]

@!@!@ENDMSG 2217 @!@!@
@!@!@STARTMSG 2217:4 @!@!@
14: <MySwitchNext line 644, col 8 to line 644, col 84 of module full>
/\ messages = ( [ mtype |-> AppendEntriesResponse,
    mterm |-> 2,
    msource |-> "r3",
    mdest |-> "r2",
    msuccess |-> TRUE,
    mmatchIndex |-> 1 ] :>
      0 @@
  [ mtype |-> AppendEntriesRequest,
    mterm |-> 2,
    msource |-> "r2",
    mdest |-> "r5",
    mprevLogIndex |-> 0,
    mprevLogTerm |-> 0,
    mentries |-> <<[term |-> 2, value |-> "v2"]>>,
    mcommitIndex |-> 0 ] :>
      1 @@
  [ mtype |-> AppendEntriesRequest,
    mterm |-> 2,
    msource |-> "r2",
    mdest |-> "r5",
    mprevLogIndex |-> 1,
    mprevLogTerm |-> 2,
    mentries |-> <<[term |-> 2, value |-> "v1"]>>,
    mcommitIndex |-> 0 ] :>
      1 @@
  [ mtype |-> AppendEntriesRequest,
    mterm |-> 2,
    msource |-> "r2",
    mdest |-> "r3",
    mprevLogIndex |-> 0,
    mprevLogTerm |-> 0,
    mentries |-> <<[term |-> 2, value |-> "v2", payload |-> "v2"]>>,
    mlog |->
        << [term |-> 2, value |-> "v2", payload |-> "v2"],
           [term |-> 2, value |-> "v1", payload |-> "v1"] >>,
    mcommitIndex |-> 0 ] :>
      0 @@
  [ mtype |-> AppendEntriesRequest,
    mterm |-> 2,
    msource |-> "r2",
    mdest |-> "r3",
    mprevLogIndex |-> 1,
    mprevLogTerm |-> 2,
    mentries |-> <<[term |-> 2, value |-> "v1", payload |-> "v1"]>>,
    mlog |->
        << [term |-> 2, value |-> "v2", payload |-> "v2"],
           [term |-> 2, value |-> "v1", payload |-> "v1"] >>,
    mcommitIndex |-> 1 ] :>
      1 @@
  [ mtype |-> AppendEntriesRequest,
    mterm |-> 2,
    msource |-> "r2",
    mdest |-> "r4",
    mprevLogIndex |-> 0,
    mprevLogTerm |-> 0,
    mentries |-> <<[term |-> 2, value |-> "v2", payload |-> "v2"]>>,
    mlog |->
        << [term |-> 2, value |-> "v2", payload |-> "v2"],
           [term |-> 2, value |-> "v1", payload |-> "v1"] >>,
    mcommitIndex |-> 1 ] :>
      1 )
/\ matchIndex = [ r2 |-> [r2 |-> 0, r3 |-> 1, r4 |-> 0, r1 |-> 0, r5 |-> 0],
  r3 |-> [r2 |-> 0, r3 |-> 0, r4 |-> 0, r1 |-> 0, r5 |-> 0],
  r4 |-> [r2 |-> 0, r3 |-> 0, r4 |-> 0, r1 |-> 0, r5 |-> 0],
  r1 |-> [r2 |-> 0, r3 |-> 0, r4 |-> 0, r1 |-> 0, r5 |-> 0],
  r5 |-> [r2 |-> 0, r3 |-> 0, r4 |-> 0, r1 |-> 0, r5 |-> 0] ]
/\ log = [ r2 |->
      << [term |-> 2, value |-> "v2", payload |-> "v2"],
         [term |-> 2, value |-> "v1", payload |-> "v1"] >>,
  r3 |-> <<[term |-> 2, value |-> "v2", payload |-> "v2"]>>,
  r4 |-> <<>>,
  r1 |-> <<>>,
  r5 |-> <<>> ]
/\ switchSentRecord = [ r2 |-> {<<"v1", 2>>, <<"v2", 2>>},
  r3 |-> {},
  r4 |-> {<<"v1", 2>>},
  r1 |-> {},
  r5 |-> {} ]
/\ state = [r2 |-> Leader, r3 |-> Follower, r4 |-> Follower, r1 |-> Switch, r5 |-> NetAgg]
/\ netAggSentCache = << >>
/\ leaderCount = [r2 |-> 1, r3 |-> 0, r4 |-> 0, r1 |-> 0, r5 |-> 0]
/\ entryCommitStats = ( <<1, 2>> :> [sentCount |-> 1, ackCount |-> 1, committed |-> TRUE] @@
  <<2, 2>> :> [sentCount |-> 1, ackCount |-> 0, committed |-> FALSE] )
/\ commitIndex = [r2 |-> 1, r3 |-> 0, r4 |-> 0, r1 |-> 0, r5 |-> 0]
/\ currentTerm = [r2 |-> 2, r3 |-> 2, r4 |-> 2, r1 |-> 2, r5 |-> 2]
/\ votesResponded = [r2 |-> {"r3", "r4"}, r3 |-> {}, r4 |-> {}, r1 |-> {}, r5 |-> {}]
/\ maxc = 2
/\ nextIndex = [ r2 |-> [r2 |-> 1, r3 |-> 2, r4 |-> 1, r1 |-> 1, r5 |-> 1],
  r3 |-> [r2 |-> 1, r3 |-> 1, r4 |-> 1, r1 |-> 1, r5 |-> 1],
  r4 |-> [r2 |-> 1, r3 |-> 1, r4 |-> 1, r1 |-> 1, r5 |-> 1],
  r1 |-> [r2 |-> 1, r3 |-> 1, r4 |-> 1, r1 |-> 1, r5 |-> 1],
  r5 |-> [r2 |-> 1, r3 |-> 1, r4 |-> 1, r1 |-> 1, r5 |-> 1] ]
/\ votesGranted = [r2 |-> {"r3", "r4"}, r3 |-> {}, r4 |-> {}, r1 |-> {}, r5 |-> {}]
/\ switchBuffer = [ v1 |-> [term |-> 2, value |-> "v1", payload |-> "v1"],
  v2 |-> [term |-> 2, value |-> "v2", payload |-> "v2"] ]
/\ voterLog = [ r2 |-> [r3 |-> <<>>, r4 |-> <<>>],
  r3 |-> << >>,
  r4 |-> << >>,
  r1 |-> << >>,
  r5 |-> << >> ]
/\ votedFor = [r2 |-> Nil, r3 |-> "r2", r4 |-> "r2", r1 |-> Nil, r5 |-> Nil]
/\ unorderedRequests = [r2 |-> {}, r3 |-> {}, r4 |-> {"v1"}, r1 |-> {}, r5 |-> {}]

@!@!@ENDMSG 2217 @!@!@
@!@!@STARTMSG 2217:4 @!@!@
15: <MySwitchNext line 645, col 7 to line 645, col 50 of module full>
/\ messages = ( [ mtype |-> AppendEntriesResponse,
    mterm |-> 2,
    msource |-> "r3",
    mdest |-> "r2",
    msuccess |-> TRUE,
    mmatchIndex |-> 1 ] :>
      0 @@
  [ mtype |-> AppendEntriesResponse,
    mterm |-> 2,
    msource |-> "r3",
    mdest |-> "r2",
    msuccess |-> TRUE,
    mmatchIndex |-> 2 ] :>
      1 @@
  [ mtype |-> AppendEntriesRequest,
    mterm |-> 2,
    msource |-> "r2",
    mdest |-> "r5",
    mprevLogIndex |-> 0,
    mprevLogTerm |-> 0,
    mentries |-> <<[term |-> 2, value |-> "v2"]>>,
    mcommitIndex |-> 0 ] :>
      1 @@
  [ mtype |-> AppendEntriesRequest,
    mterm |-> 2,
    msource |-> "r2",
    mdest |-> "r5",
    mprevLogIndex |-> 1,
    mprevLogTerm |-> 2,
    mentries |-> <<[term |-> 2, value |-> "v1"]>>,
    mcommitIndex |-> 0 ] :>
      1 @@
  [ mtype |-> AppendEntriesRequest,
    mterm |-> 2,
    msource |-> "r2",
    mdest |-> "r3",
    mprevLogIndex |-> 0,
    mprevLogTerm |-> 0,
    mentries |-> <<[term |-> 2, value |-> "v2", payload |-> "v2"]>>,
    mlog |->
        << [term |-> 2, value |-> "v2", payload |-> "v2"],
           [term |-> 2, value |-> "v1", payload |-> "v1"] >>,
    mcommitIndex |-> 0 ] :>
      0 @@
  [ mtype |-> AppendEntriesRequest,
    mterm |-> 2,
    msource |-> "r2",
    mdest |-> "r3",
    mprevLogIndex |-> 1,
    mprevLogTerm |-> 2,
    mentries |-> <<[term |-> 2, value |-> "v1", payload |-> "v1"]>>,
    mlog |->
        << [term |-> 2, value |-> "v2", payload |-> "v2"],
           [term |-> 2, value |-> "v1", payload |-> "v1"] >>,
    mcommitIndex |-> 1 ] :>
      0 @@
  [ mtype |-> AppendEntriesRequest,
    mterm |-> 2,
    msource |-> "r2",
    mdest |-> "r4",
    mprevLogIndex |-> 0,
    mprevLogTerm |-> 0,
    mentries |-> <<[term |-> 2, value |-> "v2", payload |-> "v2"]>>,
    mlog |->
        << [term |-> 2, value |-> "v2", payload |-> "v2"],
           [term |-> 2, value |-> "v1", payload |-> "v1"] >>,
    mcommitIndex |-> 1 ] :>
      1 )
/\ matchIndex = [ r2 |-> [r2 |-> 0, r3 |-> 1, r4 |-> 0, r1 |-> 0, r5 |-> 0],
  r3 |-> [r2 |-> 0, r3 |-> 0, r4 |-> 0, r1 |-> 0, r5 |-> 0],
  r4 |-> [r2 |-> 0, r3 |-> 0, r4 |-> 0, r1 |-> 0, r5 |-> 0],
  r1 |-> [r2 |-> 0, r3 |-> 0, r4 |-> 0, r1 |-> 0, r5 |-> 0],
  r5 |-> [r2 |-> 0, r3 |-> 0, r4 |-> 0, r1 |-> 0, r5 |-> 0] ]
/\ log = [ r2 |->
      << [term |-> 2, value |-> "v2", payload |-> "v2"],
         [term |-> 2, value |-> "v1", payload |-> "v1"] >>,
  r3 |->
      << [term |-> 2, value |-> "v2", payload |-> "v2"],
         [term |-> 2, value |-> "v1", payload |-> "v1"] >>,
  r4 |-> <<>>,
  r1 |-> <<>>,
  r5 |-> <<>> ]
/\ switchSentRecord = [ r2 |-> {<<"v1", 2>>, <<"v2", 2>>},
  r3 |-> {},
  r4 |-> {<<"v1", 2>>},
  r1 |-> {},
  r5 |-> {} ]
/\ state = [r2 |-> Leader, r3 |-> Follower, r4 |-> Follower, r1 |-> Switch, r5 |-> NetAgg]
/\ netAggSentCache = << >>
/\ leaderCount = [r2 |-> 1, r3 |-> 0, r4 |-> 0, r1 |-> 0, r5 |-> 0]
/\ entryCommitStats = ( <<1, 2>> :> [sentCount |-> 1, ackCount |-> 1, committed |-> TRUE] @@
  <<2, 2>> :> [sentCount |-> 1, ackCount |-> 0, committed |-> FALSE] )
/\ commitIndex = [r2 |-> 1, r3 |-> 1, r4 |-> 0, r1 |-> 0, r5 |-> 0]
/\ currentTerm = [r2 |-> 2, r3 |-> 2, r4 |-> 2, r1 |-> 2, r5 |-> 2]
/\ votesResponded = [r2 |-> {"r3", "r4"}, r3 |-> {}, r4 |-> {}, r1 |-> {}, r5 |-> {}]
/\ maxc = 2
/\ nextIndex = [ r2 |-> [r2 |-> 1, r3 |-> 2, r4 |-> 1, r1 |-> 1, r5 |-> 1],
  r3 |-> [r2 |-> 1, r3 |-> 1, r4 |-> 1, r1 |-> 1, r5 |-> 1],
  r4 |-> [r2 |-> 1, r3 |-> 1, r4 |-> 1, r1 |-> 1, r5 |-> 1],
  r1 |-> [r2 |-> 1, r3 |-> 1, r4 |-> 1, r1 |-> 1, r5 |-> 1],
  r5 |-> [r2 |-> 1, r3 |-> 1, r4 |-> 1, r1 |-> 1, r5 |-> 1] ]
/\ votesGranted = [r2 |-> {"r3", "r4"}, r3 |-> {}, r4 |-> {}, r1 |-> {}, r5 |-> {}]
/\ switchBuffer = [ v1 |-> [term |-> 2, value |-> "v1", payload |-> "v1"],
  v2 |-> [term |-> 2, value |-> "v2", payload |-> "v2"] ]
/\ voterLog = [ r2 |-> [r3 |-> <<>>, r4 |-> <<>>],
  r3 |-> << >>,
  r4 |-> << >>,
  r1 |-> << >>,
  r5 |-> << >> ]
/\ votedFor = [r2 |-> Nil, r3 |-> "r2", r4 |-> "r2", r1 |-> Nil, r5 |-> Nil]
/\ unorderedRequests = [r2 |-> {}, r3 |-> {}, r4 |-> {"v1"}, r1 |-> {}, r5 |-> {}]

@!@!@ENDMSG 2217 @!@!@
@!@!@STARTMSG 2217:4 @!@!@
16: <MySwitchNext line 645, col 7 to line 645, col 50 of module full>
/\ messages = ( [ mtype |-> AppendEntriesResponse,
    mterm |-> 2,
    msource |-> "r3",
    mdest |-> "r2",
    msuccess |-> TRUE,
    mmatchIndex |-> 1 ] :>
      0 @@
  [ mtype |-> AppendEntriesResponse,
    mterm |-> 2,
    msource |-> "r3",
    mdest |-> "r2",
    msuccess |-> TRUE,
    mmatchIndex |-> 2 ] :>
      1 @@
  [ mtype |-> AppendEntriesResponse,
    mterm |-> 2,
    msource |-> "r4",
    mdest |-> "r2",
    msuccess |-> TRUE,
    mmatchIndex |-> 1 ] :>
      1 @@
  [ mtype |-> AppendEntriesRequest,
    mterm |-> 2,
    msource |-> "r2",
    mdest |-> "r5",
    mprevLogIndex |-> 0,
    mprevLogTerm |-> 0,
    mentries |-> <<[term |-> 2, value |-> "v2"]>>,
    mcommitIndex |-> 0 ] :>
      1 @@
  [ mtype |-> AppendEntriesRequest,
    mterm |-> 2,
    msource |-> "r2",
    mdest |-> "r5",
    mprevLogIndex |-> 1,
    mprevLogTerm |-> 2,
    mentries |-> <<[term |-> 2, value |-> "v1"]>>,
    mcommitIndex |-> 0 ] :>
      1 @@
  [ mtype |-> AppendEntriesRequest,
    mterm |-> 2,
    msource |-> "r2",
    mdest |-> "r3",
    mprevLogIndex |-> 0,
    mprevLogTerm |-> 0,
    mentries |-> <<[term |-> 2, value |-> "v2", payload |-> "v2"]>>,
    mlog |->
        << [term |-> 2, value |-> "v2", payload |-> "v2"],
           [term |-> 2, value |-> "v1", payload |-> "v1"] >>,
    mcommitIndex |-> 0 ] :>
      0 @@
  [ mtype |-> AppendEntriesRequest,
    mterm |-> 2,
    msource |-> "r2",
    mdest |-> "r3",
    mprevLogIndex |-> 1,
    mprevLogTerm |-> 2,
    mentries |-> <<[term |-> 2, value |-> "v1", payload |-> "v1"]>>,
    mlog |->
        << [term |-> 2, value |-> "v2", payload |-> "v2"],
           [term |-> 2, value |-> "v1", payload |-> "v1"] >>,
    mcommitIndex |-> 1 ] :>
      0 @@
  [ mtype |-> AppendEntriesRequest,
    mterm |-> 2,
    msource |-> "r2",
    mdest |-> "r4",
    mprevLogIndex |-> 0,
    mprevLogTerm |-> 0,
    mentries |-> <<[term |-> 2, value |-> "v2", payload |-> "v2"]>>,
    mlog |->
        << [term |-> 2, value |-> "v2", payload |-> "v2"],
           [term |-> 2, value |-> "v1", payload |-> "v1"] >>,
    mcommitIndex |-> 1 ] :>
      0 )
/\ matchIndex = [ r2 |-> [r2 |-> 0, r3 |-> 1, r4 |-> 0, r1 |-> 0, r5 |-> 0],
  r3 |-> [r2 |-> 0, r3 |-> 0, r4 |-> 0, r1 |-> 0, r5 |-> 0],
  r4 |-> [r2 |-> 0, r3 |-> 0, r4 |-> 0, r1 |-> 0, r5 |-> 0],
  r1 |-> [r2 |-> 0, r3 |-> 0, r4 |-> 0, r1 |-> 0, r5 |-> 0],
  r5 |-> [r2 |-> 0, r3 |-> 0, r4 |-> 0, r1 |-> 0, r5 |-> 0] ]
/\ log = [ r2 |->
      << [term |-> 2, value |-> "v2", payload |-> "v2"],
         [term |-> 2, value |-> "v1", payload |-> "v1"] >>,
  r3 |->
      << [term |-> 2, value |-> "v2", payload |-> "v2"],
         [term |-> 2, value |-> "v1", payload |-> "v1"] >>,
  r4 |-> <<[term |-> 2, value |-> "v2", payload |-> "v2"]>>,
  r1 |-> <<>>,
  r5 |-> <<>> ]
/\ switchSentRecord = [ r2 |-> {<<"v1", 2>>, <<"v2", 2>>},
  r3 |-> {},
  r4 |-> {<<"v1", 2>>},
  r1 |-> {},
  r5 |-> {} ]
/\ state = [r2 |-> Leader, r3 |-> Follower, r4 |-> Follower, r1 |-> Switch, r5 |-> NetAgg]
/\ netAggSentCache = << >>
/\ leaderCount = [r2 |-> 1, r3 |-> 0, r4 |-> 0, r1 |-> 0, r5 |-> 0]
/\ entryCommitStats = ( <<1, 2>> :> [sentCount |-> 1, ackCount |-> 1, committed |-> TRUE] @@
  <<2, 2>> :> [sentCount |-> 1, ackCount |-> 0, committed |-> FALSE] )
/\ commitIndex = [r2 |-> 1, r3 |-> 1, r4 |-> 1, r1 |-> 0, r5 |-> 0]
/\ currentTerm = [r2 |-> 2, r3 |-> 2, r4 |-> 2, r1 |-> 2, r5 |-> 2]
/\ votesResponded = [r2 |-> {"r3", "r4"}, r3 |-> {}, r4 |-> {}, r1 |-> {}, r5 |-> {}]
/\ maxc = 2
/\ nextIndex = [ r2 |-> [r2 |-> 1, r3 |-> 2, r4 |-> 1, r1 |-> 1, r5 |-> 1],
  r3 |-> [r2 |-> 1, r3 |-> 1, r4 |-> 1, r1 |-> 1, r5 |-> 1],
  r4 |-> [r2 |-> 1, r3 |-> 1, r4 |-> 1, r1 |-> 1, r5 |-> 1],
  r1 |-> [r2 |-> 1, r3 |-> 1, r4 |-> 1, r1 |-> 1, r5 |-> 1],
  r5 |-> [r2 |-> 1, r3 |-> 1, r4 |-> 1, r1 |-> 1, r5 |-> 1] ]
/\ votesGranted = [r2 |-> {"r3", "r4"}, r3 |-> {}, r4 |-> {}, r1 |-> {}, r5 |-> {}]
/\ switchBuffer = [ v1 |-> [term |-> 2, value |-> "v1", payload |-> "v1"],
  v2 |-> [term |-> 2, value |-> "v2", payload |-> "v2"] ]
/\ voterLog = [ r2 |-> [r3 |-> <<>>, r4 |-> <<>>],
  r3 |-> << >>,
  r4 |-> << >>,
  r1 |-> << >>,
  r5 |-> << >> ]
/\ votedFor = [r2 |-> Nil, r3 |-> "r2", r4 |-> "r2", r1 |-> Nil, r5 |-> Nil]
/\ unorderedRequests = [r2 |-> {}, r3 |-> {}, r4 |-> {"v1"}, r1 |-> {}, r5 |-> {}]

@!@!@ENDMSG 2217 @!@!@
@!@!@STARTMSG 2201:0 @!@!@
The coverage statistics at 2025-05-26 04:14:38
@!@!@ENDMSG 2201 @!@!@
@!@!@STARTMSG 2773:0 @!@!@
<MyInit line 139, col 1 to line 139, col 6 of module full>: 2:2
@!@!@ENDMSG 2773 @!@!@
@!@!@STARTMSG 2221:0 @!@!@
  line 143, col 7 to line 167, col 85 of module full: 2
@!@!@ENDMSG 2221 @!@!@
@!@!@STARTMSG 2772:0 @!@!@
<MySwitchNext line 633, col 1 to line 633, col 12 of module full (635 8 635 70)>: 8:12623
@!@!@ENDMSG 2772 @!@!@
@!@!@STARTMSG 2221:0 @!@!@
  line 635, col 8 to line 635, col 26 of module full: 735310
@!@!@ENDMSG 2221 @!@!@
@!@!@STARTMSG 2221:0 @!@!@
  |line 635, col 8 to line 635, col 17 of module full: 722687
@!@!@ENDMSG 2221 @!@!@
@!@!@STARTMSG 2221:0 @!@!@
  |line 635, col 21 to line 635, col 26 of module full: 722687
@!@!@ENDMSG 2221 @!@!@
@!@!@STARTMSG 2221:0 @!@!@
  line 250, col 8 to line 250, col 23 of module full: 253520
@!@!@ENDMSG 2221 @!@!@
@!@!@STARTMSG 2221:0 @!@!@
  |line 250, col 8 to line 250, col 9 of module full: 240897
@!@!@ENDMSG 2221 @!@!@
@!@!@STARTMSG 2221:0 @!@!@
  |line 250, col 13 to line 250, col 23 of module full: 240897
@!@!@ENDMSG 2221 @!@!@
@!@!@STARTMSG 2221:0 @!@!@
  line 251, col 8 to line 251, col 22 of module full: 253520
@!@!@ENDMSG 2221 @!@!@
@!@!@STARTMSG 2221:0 @!@!@
  |line 251, col 8 to line 251, col 10 of module full: 240897
@!@!@ENDMSG 2221 @!@!@
@!@!@STARTMSG 2221:0 @!@!@
  |line 251, col 16 to line 251, col 22 of module full: 240897
@!@!@ENDMSG 2221 @!@!@
@!@!@STARTMSG 2221:0 @!@!@
  line 252, col 8 to line 252, col 26 of module full: 253520
@!@!@ENDMSG 2221 @!@!@
@!@!@STARTMSG 2221:0 @!@!@
  |line 252, col 8 to line 252, col 17 of module full: 240897
@!@!@ENDMSG 2221 @!@!@
@!@!@STARTMSG 2221:0 @!@!@
  |line 252, col 21 to line 252, col 26 of module full: 240897
@!@!@ENDMSG 2221 @!@!@
@!@!@STARTMSG 2221:0 @!@!@
  line 253, col 8 to line 253, col 18 of module full: 253520
@!@!@ENDMSG 2221 @!@!@
@!@!@STARTMSG 2221:0 @!@!@
  |line 253, col 8 to line 253, col 8 of module full: 240897
@!@!@ENDMSG 2221 @!@!@
@!@!@STARTMSG 2221:0 @!@!@
  |line 253, col 14 to line 253, col 18 of module full: 240897
@!@!@ENDMSG 2221 @!@!@
@!@!@STARTMSG 2221:0 @!@!@
  line 254, col 8 to line 254, col 31 of module full: 12623
@!@!@ENDMSG 2221 @!@!@
@!@!@STARTMSG 2221:0 @!@!@
  |line 254, col 8 to line 254, col 11 of module full: 240897
@!@!@ENDMSG 2221 @!@!@
@!@!@STARTMSG 2221:0 @!@!@
  |line 254, col 15 to line 254, col 31 of module full: 240897
@!@!@ENDMSG 2221 @!@!@
@!@!@STARTMSG 2221:0 @!@!@
  line 255, col 8 to line 255, col 35 of module full: 37866
@!@!@ENDMSG 2221 @!@!@
@!@!@STARTMSG 2221:0 @!@!@
  |line 255, col 8 to line 255, col 8 of module full: 25243
@!@!@ENDMSG 2221 @!@!@
@!@!@STARTMSG 2221:0 @!@!@
  |line 255, col 17 to line 255, col 35 of module full: 25243
@!@!@ENDMSG 2221 @!@!@
@!@!@STARTMSG 2221:0 @!@!@
  line 260, col 11 to line 261, col 29 of module full: 12623
@!@!@ENDMSG 2221 @!@!@
@!@!@STARTMSG 2221:0 @!@!@
  line 264, col 8 to line 265, col 119 of module full: 12623
@!@!@ENDMSG 2221 @!@!@
@!@!@STARTMSG 2221:0 @!@!@
  line 635, col 51 to line 635, col 61 of module full: 240897
@!@!@ENDMSG 2221 @!@!@
@!@!@STARTMSG 2221:0 @!@!@
  line 635, col 64 to line 635, col 66 of module full: 240897
@!@!@ENDMSG 2221 @!@!@
@!@!@STARTMSG 2221:0 @!@!@
  line 635, col 69 to line 635, col 69 of module full: 240897
@!@!@ENDMSG 2221 @!@!@
@!@!@STARTMSG 2772:0 @!@!@
<MySwitchNext line 633, col 1 to line 633, col 12 of module full (636 7 637 60)>: 14151:262698
@!@!@ENDMSG 2772 @!@!@
@!@!@STARTMSG 2221:0 @!@!@
  line 268, col 8 to line 268, col 23 of module full: 947517
@!@!@ENDMSG 2221 @!@!@
@!@!@STARTMSG 2221:0 @!@!@
  |line 268, col 8 to line 268, col 9 of module full: 684819
@!@!@ENDMSG 2221 @!@!@
@!@!@STARTMSG 2221:0 @!@!@
  |line 268, col 13 to line 268, col 23 of module full: 684819
@!@!@ENDMSG 2221 @!@!@
@!@!@STARTMSG 2221:0 @!@!@
  line 269, col 8 to line 269, col 26 of module full: 947517
@!@!@ENDMSG 2221 @!@!@
@!@!@STARTMSG 2221:0 @!@!@
  |line 269, col 8 to line 269, col 14 of module full: 684819
@!@!@ENDMSG 2221 @!@!@
@!@!@STARTMSG 2221:0 @!@!@
  |line 269, col 20 to line 269, col 26 of module full: 684819
@!@!@ENDMSG 2221 @!@!@
@!@!@STARTMSG 2221:0 @!@!@
  line 270, col 8 to line 270, col 34 of module full: 947517
@!@!@ENDMSG 2221 @!@!@
@!@!@STARTMSG 2221:0 @!@!@
  |line 270, col 8 to line 270, col 10 of module full: 684819
@!@!@ENDMSG 2221 @!@!@
@!@!@STARTMSG 2221:0 @!@!@
  |line 270, col 16 to line 270, col 34 of module full: 684819
@!@!@ENDMSG 2221 @!@!@
@!@!@STARTMSG 2221:0 @!@!@
  line 274, col 14 to line 274, col 58 of module full: 947517
@!@!@ENDMSG 2221 @!@!@
@!@!@STARTMSG 2221:0 @!@!@
  |line 274, col 14 to line 274, col 25 of module full: 684819
@!@!@ENDMSG 2221 @!@!@
@!@!@STARTMSG 2221:0 @!@!@
  |line 274, col 34 to line 274, col 58 of module full: 684819
@!@!@ENDMSG 2221 @!@!@
@!@!@STARTMSG 2221:0 @!@!@
  line 275, col 14 to line 275, col 113 of module full: 262698
@!@!@ENDMSG 2221 @!@!@
@!@!@STARTMSG 2221:0 @!@!@
  line 276, col 14 to line 276, col 119 of module full: 262698
@!@!@ENDMSG 2221 @!@!@
@!@!@STARTMSG 2221:0 @!@!@
  line 277, col 8 to line 278, col 101 of module full: 262698
@!@!@ENDMSG 2221 @!@!@
@!@!@STARTMSG 2221:0 @!@!@
  line 637, col 37 to line 637, col 47 of module full: 684819
@!@!@ENDMSG 2221 @!@!@
@!@!@STARTMSG 2221:0 @!@!@
  line 637, col 50 to line 637, col 56 of module full: 684819
@!@!@ENDMSG 2221 @!@!@
@!@!@STARTMSG 2221:0 @!@!@
  line 637, col 59 to line 637, col 59 of module full: 684819
@!@!@ENDMSG 2221 @!@!@
@!@!@STARTMSG 2221:0 @!@!@
  line 636, col 22 to line 636, col 28 of module full: 120447
@!@!@ENDMSG 2221 @!@!@
@!@!@STARTMSG 2221:0 @!@!@
  line 636, col 37 to line 636, col 55 of module full: 120447
@!@!@ENDMSG 2221 @!@!@
@!@!@STARTMSG 2772:0 @!@!@
<MySwitchNext line 633, col 1 to line 633, col 12 of module full (638 7 639 68)>: 4522:17466
@!@!@ENDMSG 2772 @!@!@
@!@!@STARTMSG 2221:0 @!@!@
  line 639, col 8 to line 639, col 26 of module full: 702267
@!@!@ENDMSG 2221 @!@!@
@!@!@STARTMSG 2221:0 @!@!@
  |line 639, col 8 to line 639, col 17 of module full: 684801
@!@!@ENDMSG 2221 @!@!@
@!@!@STARTMSG 2221:0 @!@!@
  |line 639, col 21 to line 639, col 26 of module full: 684801
@!@!@ENDMSG 2221 @!@!@
@!@!@STARTMSG 2221:0 @!@!@
  line 282, col 8 to line 282, col 20 of module full: 245733
@!@!@ENDMSG 2221 @!@!@
@!@!@STARTMSG 2221:0 @!@!@
  |line 282, col 8 to line 282, col 8 of module full: 228267
@!@!@ENDMSG 2221 @!@!@
@!@!@STARTMSG 2221:0 @!@!@
  |line 282, col 14 to line 282, col 20 of module full: 228267
@!@!@ENDMSG 2221 @!@!@
@!@!@STARTMSG 2221:0 @!@!@
  line 283, col 8 to line 283, col 24 of module full: 245733
@!@!@ENDMSG 2221 @!@!@
@!@!@STARTMSG 2221:0 @!@!@
  |line 283, col 8 to line 283, col 15 of module full: 228267
@!@!@ENDMSG 2221 @!@!@
@!@!@STARTMSG 2221:0 @!@!@
  |line 283, col 19 to line 283, col 24 of module full: 228267
@!@!@ENDMSG 2221 @!@!@
@!@!@STARTMSG 2221:0 @!@!@
  line 284, col 8 to line 284, col 32 of module full: 245733
@!@!@ENDMSG 2221 @!@!@
@!@!@STARTMSG 2221:0 @!@!@
  |line 284, col 8 to line 284, col 8 of module full: 228267
@!@!@ENDMSG 2221 @!@!@
@!@!@STARTMSG 2221:0 @!@!@
  |line 284, col 14 to line 284, col 32 of module full: 228267
@!@!@ENDMSG 2221 @!@!@
@!@!@STARTMSG 2221:0 @!@!@
  line 285, col 8 to line 285, col 33 of module full: 245733
@!@!@ENDMSG 2221 @!@!@
@!@!@STARTMSG 2221:0 @!@!@
  |line 285, col 8 to line 285, col 8 of module full: 228267
@!@!@ENDMSG 2221 @!@!@
@!@!@STARTMSG 2221:0 @!@!@
  |line 285, col 14 to line 285, col 33 of module full: 228267
@!@!@ENDMSG 2221 @!@!@
@!@!@STARTMSG 2221:0 @!@!@
  line 292, col 26 to line 292, col 55 of module full: 34932
@!@!@ENDMSG 2221 @!@!@
@!@!@STARTMSG 2221:0 @!@!@
  |line 292, col 27 to line 292, col 55 of module full: 17466
@!@!@ENDMSG 2221 @!@!@
@!@!@STARTMSG 2221:0 @!@!@
  ||line 291, col 45 to line 291, col 93 of module full: 17466
@!@!@ENDMSG 2221 @!@!@
@!@!@STARTMSG 2221:0 @!@!@
  |||line 291, col 73 to line 291, col 93 of module full: 17392
@!@!@ENDMSG 2221 @!@!@
@!@!@STARTMSG 2221:0 @!@!@
  |||line 291, col 56 to line 291, col 69 of module full: 17466
@!@!@ENDMSG 2221 @!@!@
@!@!@STARTMSG 2221:0 @!@!@
  line 309, col 14 to line 309, col 73 of module full: 17466
@!@!@ENDMSG 2221 @!@!@
@!@!@STARTMSG 2221:0 @!@!@
  line 310, col 14 to line 310, col 94 of module full: 17466
@!@!@ENDMSG 2221 @!@!@
@!@!@STARTMSG 2221:0 @!@!@
  line 311, col 14 to line 314, col 37 of module full: 17466
@!@!@ENDMSG 2221 @!@!@
@!@!@STARTMSG 2221:0 @!@!@
  line 79, col 12 to line 79, col 47 of module full: 17466
@!@!@ENDMSG 2221 @!@!@
@!@!@STARTMSG 2221:0 @!@!@
  line 315, col 19 to line 315, col 29 of module full: 17466
@!@!@ENDMSG 2221 @!@!@
@!@!@STARTMSG 2221:0 @!@!@
  |line 300, col 27 to line 307, col 57 of module full: 17466
@!@!@ENDMSG 2221 @!@!@
@!@!@STARTMSG 2221:0 @!@!@
  ||line 300, col 28 to line 300, col 65 of module full: 17466
@!@!@ENDMSG 2221 @!@!@
@!@!@STARTMSG 2221:0 @!@!@
  ||line 301, col 28 to line 301, col 55 of module full: 17466
@!@!@ENDMSG 2221 @!@!@
@!@!@STARTMSG 2221:0 @!@!@
  ||line 302, col 28 to line 302, col 69 of module full: 17466
@!@!@ENDMSG 2221 @!@!@
@!@!@STARTMSG 2221:0 @!@!@
  ||line 303, col 46 to line 303, col 68 of module full: 17466
@!@!@ENDMSG 2221 @!@!@
@!@!@STARTMSG 2221:0 @!@!@
  |||line 296, col 39 to line 296, col 54 of module full: 17466
@!@!@ENDMSG 2221 @!@!@
@!@!@STARTMSG 2221:0 @!@!@
  ||||line 65, col 19 to line 65, col 67 of module full: 17466
@!@!@ENDMSG 2221 @!@!@
@!@!@STARTMSG 2221:0 @!@!@
  |||||line 65, col 22 to line 65, col 34 of module full: 17466
@!@!@ENDMSG 2221 @!@!@
@!@!@STARTMSG 2221:0 @!@!@
  |||||line 65, col 48 to line 65, col 67 of module full: 17392
@!@!@ENDMSG 2221 @!@!@
@!@!@STARTMSG 2221:0 @!@!@
  ||||line 296, col 48 to line 296, col 53 of module full: 17466
@!@!@ENDMSG 2221 @!@!@
@!@!@STARTMSG 2221:0 @!@!@
  ||line 304, col 28 to line 304, col 73 of module full: 17466
@!@!@ENDMSG 2221 @!@!@
@!@!@STARTMSG 2221:0 @!@!@
  ||line 305, col 28 to line 305, col 59 of module full: 17466
@!@!@ENDMSG 2221 @!@!@
@!@!@STARTMSG 2221:0 @!@!@
  ||line 306, col 28 to line 306, col 46 of module full: 17466
@!@!@ENDMSG 2221 @!@!@
@!@!@STARTMSG 2221:0 @!@!@
  ||line 307, col 28 to line 307, col 56 of module full: 17466
@!@!@ENDMSG 2221 @!@!@
@!@!@STARTMSG 2221:0 @!@!@
  line 316, col 8 to line 317, col 102 of module full: 17466
@!@!@ENDMSG 2221 @!@!@
@!@!@STARTMSG 2221:0 @!@!@
  line 639, col 62 to line 639, col 64 of module full: 228267
@!@!@ENDMSG 2221 @!@!@
@!@!@STARTMSG 2221:0 @!@!@
  line 639, col 67 to line 639, col 67 of module full: 228267
@!@!@ENDMSG 2221 @!@!@
@!@!@STARTMSG 2221:0 @!@!@
  line 638, col 18 to line 638, col 24 of module full: 120444
@!@!@ENDMSG 2221 @!@!@
@!@!@STARTMSG 2221:0 @!@!@
  line 638, col 33 to line 638, col 51 of module full: 120444
@!@!@ENDMSG 2221 @!@!@
@!@!@STARTMSG 2772:0 @!@!@
<MySwitchNext line 633, col 1 to line 633, col 12 of module full (640 7 641 67)>: 11802:39372
@!@!@ENDMSG 2772 @!@!@
@!@!@STARTMSG 2221:0 @!@!@
  line 641, col 8 to line 641, col 16 of module full: 256740
@!@!@ENDMSG 2221 @!@!@
@!@!@STARTMSG 2221:0 @!@!@
  |line 641, col 8 to line 641, col 9 of module full: 217368
@!@!@ENDMSG 2221 @!@!@
@!@!@STARTMSG 2221:0 @!@!@
  |line 641, col 14 to line 641, col 16 of module full: 217368
@!@!@ENDMSG 2221 @!@!@
@!@!@STARTMSG 2221:0 @!@!@
  line 336, col 8 to line 336, col 23 of module full: 256740
@!@!@ENDMSG 2221 @!@!@
@!@!@STARTMSG 2221:0 @!@!@
  |line 336, col 8 to line 336, col 9 of module full: 217368
@!@!@ENDMSG 2221 @!@!@
@!@!@STARTMSG 2221:0 @!@!@
  |line 336, col 13 to line 336, col 23 of module full: 217368
@!@!@ENDMSG 2221 @!@!@
@!@!@STARTMSG 2221:0 @!@!@
  line 337, col 8 to line 337, col 25 of module full: 256740
@!@!@ENDMSG 2221 @!@!@
@!@!@STARTMSG 2221:0 @!@!@
  |line 337, col 8 to line 337, col 16 of module full: 217368
@!@!@ENDMSG 2221 @!@!@
@!@!@STARTMSG 2221:0 @!@!@
  |line 337, col 20 to line 337, col 25 of module full: 217368
@!@!@ENDMSG 2221 @!@!@
@!@!@STARTMSG 2221:0 @!@!@
  line 338, col 8 to line 338, col 22 of module full: 256740
@!@!@ENDMSG 2221 @!@!@
@!@!@STARTMSG 2221:0 @!@!@
  |line 338, col 8 to line 338, col 10 of module full: 217368
@!@!@ENDMSG 2221 @!@!@
@!@!@STARTMSG 2221:0 @!@!@
  |line 338, col 16 to line 338, col 22 of module full: 217368
@!@!@ENDMSG 2221 @!@!@
@!@!@STARTMSG 2221:0 @!@!@
  line 339, col 8 to line 339, col 56 of module full: 256740
@!@!@ENDMSG 2221 @!@!@
@!@!@STARTMSG 2221:0 @!@!@
  |line 339, col 8 to line 339, col 29 of module full: 217368
@!@!@ENDMSG 2221 @!@!@
@!@!@STARTMSG 2221:0 @!@!@
  |line 339, col 35 to line 339, col 56 of module full: 217368
@!@!@ENDMSG 2221 @!@!@
@!@!@STARTMSG 2221:0 @!@!@
  line 340, col 8 to line 340, col 57 of module full: 256740
@!@!@ENDMSG 2221 @!@!@
@!@!@STARTMSG 2221:0 @!@!@
  |line 340, col 8 to line 340, col 10 of module full: 217368
@!@!@ENDMSG 2221 @!@!@
@!@!@STARTMSG 2221:0 @!@!@
  |line 340, col 19 to line 340, col 57 of module full: 217368
@!@!@ENDMSG 2221 @!@!@
@!@!@STARTMSG 2221:0 @!@!@
  line 343, col 14 to line 343, col 54 of module full: 226052
@!@!@ENDMSG 2221 @!@!@
@!@!@STARTMSG 2221:0 @!@!@
  |line 343, col 14 to line 343, col 27 of module full: 186680
@!@!@ENDMSG 2221 @!@!@
@!@!@STARTMSG 2221:0 @!@!@
  |line 343, col 33 to line 343, col 54 of module full: 186680
@!@!@ENDMSG 2221 @!@!@
@!@!@STARTMSG 2221:0 @!@!@
  line 355, col 17 to line 356, col 105 of module full: 39372
@!@!@ENDMSG 2221 @!@!@
@!@!@STARTMSG 2221:0 @!@!@
  line 360, col 23 to line 363, col 45 of module full: 39372
@!@!@ENDMSG 2221 @!@!@
@!@!@STARTMSG 2221:0 @!@!@
  |line 361, col 25 to line 363, col 45 of module full: 39372
@!@!@ENDMSG 2221 @!@!@
@!@!@STARTMSG 2221:0 @!@!@
  ||line 361, col 28 to line 361, col 120 of module full: 39372
@!@!@ENDMSG 2221 @!@!@
@!@!@STARTMSG 2221:0 @!@!@
  ||line 362, col 30 to line 362, col 92 of module full: 37171
@!@!@ENDMSG 2221 @!@!@
@!@!@STARTMSG 2221:0 @!@!@
  ||line 363, col 30 to line 363, col 45 of module full: 2201
@!@!@ENDMSG 2221 @!@!@
@!@!@STARTMSG 2221:0 @!@!@
  line 364, col 8 to line 365, col 72 of module full: 39372
@!@!@ENDMSG 2221 @!@!@
@!@!@STARTMSG 2221:0 @!@!@
  line 641, col 45 to line 641, col 46 of module full: 217368
@!@!@ENDMSG 2221 @!@!@
@!@!@STARTMSG 2221:0 @!@!@
  line 641, col 49 to line 641, col 51 of module full: 217368
@!@!@ENDMSG 2221 @!@!@
@!@!@STARTMSG 2221:0 @!@!@
  line 641, col 54 to line 641, col 66 of module full: 217368
@!@!@ENDMSG 2221 @!@!@
@!@!@STARTMSG 2775:0 @!@!@
  line 640, col 17 to line 640, col 29 of module full: 120442:555178
@!@!@ENDMSG 2775 @!@!@
@!@!@STARTMSG 2221:0 @!@!@
  line 640, col 50 to line 640, col 71 of module full: 120442
@!@!@ENDMSG 2221 @!@!@
@!@!@STARTMSG 2221:0 @!@!@
  line 640, col 82 to line 640, col 88 of module full: 120442
@!@!@ENDMSG 2221 @!@!@
@!@!@STARTMSG 2772:0 @!@!@
<MySwitchNext line 633, col 1 to line 633, col 12 of module full (642 33 642 80)>: 21245:29080
@!@!@ENDMSG 2772 @!@!@
@!@!@STARTMSG 2221:0 @!@!@
  line 642, col 33 to line 642, col 48 of module full: 149522
@!@!@ENDMSG 2221 @!@!@
@!@!@STARTMSG 2221:0 @!@!@
  |line 642, col 33 to line 642, col 41 of module full: 120442
@!@!@ENDMSG 2221 @!@!@
@!@!@STARTMSG 2221:0 @!@!@
  |line 642, col 43 to line 642, col 48 of module full: 120442
@!@!@ENDMSG 2221 @!@!@
@!@!@STARTMSG 2221:0 @!@!@
  line 369, col 8 to line 369, col 23 of module full: 149522
@!@!@ENDMSG 2221 @!@!@
@!@!@STARTMSG 2221:0 @!@!@
  |line 369, col 8 to line 369, col 9 of module full: 120442
@!@!@ENDMSG 2221 @!@!@
@!@!@STARTMSG 2221:0 @!@!@
  |line 369, col 13 to line 369, col 23 of module full: 120442
@!@!@ENDMSG 2221 @!@!@
@!@!@STARTMSG 2221:0 @!@!@
  line 370, col 8 to line 370, col 25 of module full: 149522
@!@!@ENDMSG 2221 @!@!@
@!@!@STARTMSG 2221:0 @!@!@
  |line 370, col 8 to line 370, col 16 of module full: 120442
@!@!@ENDMSG 2221 @!@!@
@!@!@STARTMSG 2221:0 @!@!@
  |line 370, col 20 to line 370, col 25 of module full: 120442
@!@!@ENDMSG 2221 @!@!@
@!@!@STARTMSG 2221:0 @!@!@
  line 371, col 28 to line 371, col 46 of module full: 390406
@!@!@ENDMSG 2221 @!@!@
@!@!@STARTMSG 2221:0 @!@!@
  |line 371, col 28 to line 371, col 37 of module full: 361326
@!@!@ENDMSG 2221 @!@!@
@!@!@STARTMSG 2221:0 @!@!@
  |line 371, col 41 to line 371, col 46 of module full: 361326
@!@!@ENDMSG 2221 @!@!@
@!@!@STARTMSG 2221:0 @!@!@
  line 371, col 19 to line 371, col 25 of module full: 120442
@!@!@ENDMSG 2221 @!@!@
@!@!@STARTMSG 2221:0 @!@!@
  line 378, col 23 to line 378, col 64 of module full: 29080
@!@!@ENDMSG 2221 @!@!@
@!@!@STARTMSG 2221:0 @!@!@
  |line 378, col 23 to line 378, col 42 of module full: 120442
@!@!@ENDMSG 2221 @!@!@
@!@!@STARTMSG 2221:0 @!@!@
  ||line 377, col 36 to line 377, col 104 of module full: 120442
@!@!@ENDMSG 2221 @!@!@
@!@!@STARTMSG 2221:0 @!@!@
  |||line 377, col 39 to line 377, col 56 of module full: 120442
@!@!@ENDMSG 2221 @!@!@
@!@!@STARTMSG 2221:0 @!@!@
  ||||line 377, col 39 to line 377, col 50 of module full: 120442
@!@!@ENDMSG 2221 @!@!@
@!@!@STARTMSG 2221:0 @!@!@
  |||||line 374, col 28 to line 376, col 81 of module full: 120442
@!@!@ENDMSG 2221 @!@!@
@!@!@STARTMSG 2221:0 @!@!@
  ||||||line 375, col 33 to line 376, col 80 of module full: 187600
@!@!@ENDMSG 2221 @!@!@
@!@!@STARTMSG 2221:0 @!@!@
  |||||||line 375, col 36 to line 375, col 58 of module full: 187600
@!@!@ENDMSG 2221 @!@!@
@!@!@STARTMSG 2221:0 @!@!@
  ||||||||line 375, col 36 to line 375, col 47 of module full: 187600
@!@!@ENDMSG 2221 @!@!@
@!@!@STARTMSG 2221:0 @!@!@
  |||||||||line 373, col 28 to line 373, col 89 of module full: 187600
@!@!@ENDMSG 2221 @!@!@
@!@!@STARTMSG 2221:0 @!@!@
  ||||||||||line 373, col 28 to line 373, col 35 of module full: 187600
@!@!@ENDMSG 2221 @!@!@
@!@!@STARTMSG 2775:0 @!@!@
  ||||||||||line 373, col 42 to line 373, col 89 of module full: 187600:235377
@!@!@ENDMSG 2775 @!@!@
@!@!@STARTMSG 2221:0 @!@!@
  |||||||||||line 373, col 59 to line 373, col 88 of module full: 562800
@!@!@ENDMSG 2221 @!@!@
@!@!@STARTMSG 2221:0 @!@!@
  |||||||||||line 373, col 49 to line 373, col 55 of module full: 187600
@!@!@ENDMSG 2221 @!@!@
@!@!@STARTMSG 2221:0 @!@!@
  |||||||||line 375, col 42 to line 375, col 46 of module full: 187600
@!@!@ENDMSG 2221 @!@!@
@!@!@STARTMSG 2221:0 @!@!@
  ||||||||line 375, col 53 to line 375, col 58 of module full: 187600
@!@!@ENDMSG 2221 @!@!@
@!@!@STARTMSG 2221:0 @!@!@
  |||||||line 376, col 36 to line 376, col 80 of module full: 46827
@!@!@ENDMSG 2221 @!@!@
@!@!@STARTMSG 2221:0 @!@!@
  ||||||line 374, col 39 to line 374, col 57 of module full: 120442
@!@!@ENDMSG 2221 @!@!@
@!@!@STARTMSG 2221:0 @!@!@
  ||||line 377, col 55 to line 377, col 56 of module full: 120442
@!@!@ENDMSG 2221 @!@!@
@!@!@STARTMSG 2221:0 @!@!@
  |||line 377, col 63 to line 377, col 79 of module full: 46709
@!@!@ENDMSG 2221 @!@!@
@!@!@STARTMSG 2221:0 @!@!@
  ||||line 84, col 11 to line 84, col 46 of module full: 46709
@!@!@ENDMSG 2221 @!@!@
@!@!@STARTMSG 2221:0 @!@!@
  |||||line 84, col 28 to line 84, col 46 of module full: 46827
@!@!@ENDMSG 2221 @!@!@
@!@!@STARTMSG 2221:0 @!@!@
  ||||||line 84, col 41 to line 84, col 46 of module full: 47063
@!@!@ENDMSG 2221 @!@!@
@!@!@STARTMSG 2221:0 @!@!@
  ||||||line 84, col 37 to line 84, col 37 of module full: 46827
@!@!@ENDMSG 2221 @!@!@
@!@!@STARTMSG 2221:0 @!@!@
  |||||line 84, col 24 to line 84, col 24 of module full: 46709
@!@!@ENDMSG 2221 @!@!@
@!@!@STARTMSG 2221:0 @!@!@
  ||||line 377, col 67 to line 377, col 78 of module full: 46709
@!@!@ENDMSG 2221 @!@!@
@!@!@STARTMSG 2775:0 @!@!@
  |||||line 374, col 28 to line 376, col 81 of module full: 46709:140717
@!@!@ENDMSG 2775 @!@!@
@!@!@STARTMSG 2221:0 @!@!@
  ||||||line 375, col 33 to line 376, col 80 of module full: 67775
@!@!@ENDMSG 2221 @!@!@
@!@!@STARTMSG 2221:0 @!@!@
  |||||||line 375, col 36 to line 375, col 58 of module full: 67775
@!@!@ENDMSG 2221 @!@!@
@!@!@STARTMSG 2221:0 @!@!@
  ||||||||line 375, col 36 to line 375, col 47 of module full: 67775
@!@!@ENDMSG 2221 @!@!@
@!@!@STARTMSG 2221:0 @!@!@
  |||||||||line 373, col 28 to line 373, col 89 of module full: 67775
@!@!@ENDMSG 2221 @!@!@
@!@!@STARTMSG 2221:0 @!@!@
  ||||||||||line 373, col 28 to line 373, col 35 of module full: 67775
@!@!@ENDMSG 2221 @!@!@
@!@!@STARTMSG 2775:0 @!@!@
  ||||||||||line 373, col 42 to line 373, col 89 of module full: 67775:115552
@!@!@ENDMSG 2775 @!@!@
@!@!@STARTMSG 2221:0 @!@!@
  |||||||||||line 373, col 59 to line 373, col 88 of module full: 203325
@!@!@ENDMSG 2221 @!@!@
@!@!@STARTMSG 2221:0 @!@!@
  |||||||||||line 373, col 49 to line 373, col 55 of module full: 67775
@!@!@ENDMSG 2221 @!@!@
@!@!@STARTMSG 2221:0 @!@!@
  |||||||||line 375, col 42 to line 375, col 46 of module full: 67775
@!@!@ENDMSG 2221 @!@!@
@!@!@STARTMSG 2221:0 @!@!@
  ||||||||line 375, col 53 to line 375, col 58 of module full: 67775
@!@!@ENDMSG 2221 @!@!@
@!@!@STARTMSG 2221:0 @!@!@
  |||||||line 376, col 36 to line 376, col 80 of module full: 46827
@!@!@ENDMSG 2221 @!@!@
@!@!@STARTMSG 2221:0 @!@!@
  ||||||line 374, col 39 to line 374, col 57 of module full: 46709
@!@!@ENDMSG 2221 @!@!@
@!@!@STARTMSG 2221:0 @!@!@
  |||line 377, col 86 to line 377, col 104 of module full: 73733
@!@!@ENDMSG 2221 @!@!@
@!@!@STARTMSG 2221:0 @!@!@
  |line 378, col 46 to line 378, col 64 of module full: 120442
@!@!@ENDMSG 2221 @!@!@
@!@!@STARTMSG 2221:0 @!@!@
  line 383, col 14 to line 383, col 81 of module full: 29080
@!@!@ENDMSG 2221 @!@!@
@!@!@STARTMSG 2221:0 @!@!@
  |line 383, col 29 to line 383, col 81 of module full: 29080
@!@!@ENDMSG 2221 @!@!@
@!@!@STARTMSG 2221:0 @!@!@
  ||line 383, col 30 to line 383, col 40 of module full: 29080
@!@!@ENDMSG 2221 @!@!@
@!@!@STARTMSG 2221:0 @!@!@
  ||line 383, col 49 to line 383, col 80 of module full: 29080
@!@!@ENDMSG 2221 @!@!@
@!@!@STARTMSG 2221:0 @!@!@
  ||line 383, col 61 to line 383, col 80 of module full: 29080
@!@!@ENDMSG 2221 @!@!@
@!@!@STARTMSG 2221:0 @!@!@
  |||line 377, col 36 to line 377, col 104 of module full: 29080
@!@!@ENDMSG 2221 @!@!@
@!@!@STARTMSG 2221:0 @!@!@
  ||||line 377, col 39 to line 377, col 56 of module full: 29080
@!@!@ENDMSG 2221 @!@!@
@!@!@STARTMSG 2221:0 @!@!@
  |||||line 377, col 39 to line 377, col 50 of module full: 29080
@!@!@ENDMSG 2221 @!@!@
@!@!@STARTMSG 2221:0 @!@!@
  ||||||line 374, col 28 to line 376, col 81 of module full: 29080
@!@!@ENDMSG 2221 @!@!@
@!@!@STARTMSG 2221:0 @!@!@
  |||||||line 375, col 33 to line 376, col 80 of module full: 43456
@!@!@ENDMSG 2221 @!@!@
@!@!@STARTMSG 2221:0 @!@!@
  ||||||||line 375, col 36 to line 375, col 58 of module full: 43456
@!@!@ENDMSG 2221 @!@!@
@!@!@STARTMSG 2221:0 @!@!@
  |||||||||line 375, col 36 to line 375, col 47 of module full: 43456
@!@!@ENDMSG 2221 @!@!@
@!@!@STARTMSG 2221:0 @!@!@
  ||||||||||line 373, col 28 to line 373, col 89 of module full: 43456
@!@!@ENDMSG 2221 @!@!@
@!@!@STARTMSG 2221:0 @!@!@
  |||||||||||line 373, col 28 to line 373, col 35 of module full: 43456
@!@!@ENDMSG 2221 @!@!@
@!@!@STARTMSG 2775:0 @!@!@
  |||||||||||line 373, col 42 to line 373, col 89 of module full: 43456:73173
@!@!@ENDMSG 2775 @!@!@
@!@!@STARTMSG 2221:0 @!@!@
  ||||||||||||line 373, col 59 to line 373, col 88 of module full: 130368
@!@!@ENDMSG 2221 @!@!@
@!@!@STARTMSG 2221:0 @!@!@
  ||||||||||||line 373, col 49 to line 373, col 55 of module full: 43456
@!@!@ENDMSG 2221 @!@!@
@!@!@STARTMSG 2221:0 @!@!@
  ||||||||||line 375, col 42 to line 375, col 46 of module full: 43456
@!@!@ENDMSG 2221 @!@!@
@!@!@STARTMSG 2221:0 @!@!@
  |||||||||line 375, col 53 to line 375, col 58 of module full: 43456
@!@!@ENDMSG 2221 @!@!@
@!@!@STARTMSG 2221:0 @!@!@
  ||||||||line 376, col 36 to line 376, col 80 of module full: 29194
@!@!@ENDMSG 2221 @!@!@
@!@!@STARTMSG 2221:0 @!@!@
  |||||||line 374, col 39 to line 374, col 57 of module full: 29080
@!@!@ENDMSG 2221 @!@!@
@!@!@STARTMSG 2221:0 @!@!@
  |||||line 377, col 55 to line 377, col 56 of module full: 29080
@!@!@ENDMSG 2221 @!@!@
@!@!@STARTMSG 2221:0 @!@!@
  ||||line 377, col 63 to line 377, col 79 of module full: 29080
@!@!@ENDMSG 2221 @!@!@
@!@!@STARTMSG 2221:0 @!@!@
  |||||line 84, col 11 to line 84, col 46 of module full: 29080
@!@!@ENDMSG 2221 @!@!@
@!@!@STARTMSG 2221:0 @!@!@
  ||||||line 84, col 28 to line 84, col 46 of module full: 29194
@!@!@ENDMSG 2221 @!@!@
@!@!@STARTMSG 2221:0 @!@!@
  |||||||line 84, col 41 to line 84, col 46 of module full: 29422
@!@!@ENDMSG 2221 @!@!@
@!@!@STARTMSG 2221:0 @!@!@
  |||||||line 84, col 37 to line 84, col 37 of module full: 29194
@!@!@ENDMSG 2221 @!@!@
@!@!@STARTMSG 2221:0 @!@!@
  ||||||line 84, col 24 to line 84, col 24 of module full: 29080
@!@!@ENDMSG 2221 @!@!@
@!@!@STARTMSG 2221:0 @!@!@
  |||||line 377, col 67 to line 377, col 78 of module full: 29080
@!@!@ENDMSG 2221 @!@!@
@!@!@STARTMSG 2775:0 @!@!@
  ||||||line 374, col 28 to line 376, col 81 of module full: 29080:87810
@!@!@ENDMSG 2775 @!@!@
@!@!@STARTMSG 2221:0 @!@!@
  |||||||line 375, col 33 to line 376, col 80 of module full: 43456
@!@!@ENDMSG 2221 @!@!@
@!@!@STARTMSG 2221:0 @!@!@
  ||||||||line 375, col 36 to line 375, col 58 of module full: 43456
@!@!@ENDMSG 2221 @!@!@
@!@!@STARTMSG 2221:0 @!@!@
  |||||||||line 375, col 36 to line 375, col 47 of module full: 43456
@!@!@ENDMSG 2221 @!@!@
@!@!@STARTMSG 2221:0 @!@!@
  ||||||||||line 373, col 28 to line 373, col 89 of module full: 43456
@!@!@ENDMSG 2221 @!@!@
@!@!@STARTMSG 2221:0 @!@!@
  |||||||||||line 373, col 28 to line 373, col 35 of module full: 43456
@!@!@ENDMSG 2221 @!@!@
@!@!@STARTMSG 2775:0 @!@!@
  |||||||||||line 373, col 42 to line 373, col 89 of module full: 43456:73173
@!@!@ENDMSG 2775 @!@!@
@!@!@STARTMSG 2221:0 @!@!@
  ||||||||||||line 373, col 59 to line 373, col 88 of module full: 130368
@!@!@ENDMSG 2221 @!@!@
@!@!@STARTMSG 2221:0 @!@!@
  ||||||||||||line 373, col 49 to line 373, col 55 of module full: 43456
@!@!@ENDMSG 2221 @!@!@
@!@!@STARTMSG 2221:0 @!@!@
  ||||||||||line 375, col 42 to line 375, col 46 of module full: 43456
@!@!@ENDMSG 2221 @!@!@
@!@!@STARTMSG 2221:0 @!@!@
  |||||||||line 375, col 53 to line 375, col 58 of module full: 43456
@!@!@ENDMSG 2221 @!@!@
@!@!@STARTMSG 2221:0 @!@!@
  ||||||||line 376, col 36 to line 376, col 80 of module full: 29194
@!@!@ENDMSG 2221 @!@!@
@!@!@STARTMSG 2221:0 @!@!@
  |||||||line 374, col 39 to line 374, col 57 of module full: 29080
@!@!@ENDMSG 2221 @!@!@
@!@!@STARTMSG 2221:0 @!@!@
  line 384, col 14 to line 388, col 47 of module full: 29080
@!@!@ENDMSG 2221 @!@!@
@!@!@STARTMSG 2221:0 @!@!@
  line 389, col 8 to line 389, col 119 of module full: 29080
@!@!@ENDMSG 2221 @!@!@
@!@!@STARTMSG 2221:0 @!@!@
  line 642, col 78 to line 642, col 79 of module full: 120442
@!@!@ENDMSG 2221 @!@!@
@!@!@STARTMSG 2772:0 @!@!@
<MySwitchNext line 633, col 1 to line 633, col 12 of module full (644 8 644 84)>: 52304:214153
@!@!@ENDMSG 2772 @!@!@
@!@!@STARTMSG 2221:0 @!@!@
  line 644, col 8 to line 644, col 19 of module full: 1298110
@!@!@ENDMSG 2221 @!@!@
@!@!@STARTMSG 2221:0 @!@!@
  |line 644, col 8 to line 644, col 11 of module full: 1083957
@!@!@ENDMSG 2221 @!@!@
@!@!@STARTMSG 2221:0 @!@!@
  |line 644, col 16 to line 644, col 19 of module full: 1083957
@!@!@ENDMSG 2221 @!@!@
@!@!@STARTMSG 2221:0 @!@!@
  line 644, col 24 to line 644, col 41 of module full: 936792
@!@!@ENDMSG 2221 @!@!@
@!@!@STARTMSG 2221:0 @!@!@
  |line 644, col 24 to line 644, col 34 of module full: 722639
@!@!@ENDMSG 2221 @!@!@
@!@!@STARTMSG 2221:0 @!@!@
  |line 644, col 36 to line 644, col 41 of module full: 722639
@!@!@ENDMSG 2221 @!@!@
@!@!@STARTMSG 2221:0 @!@!@
  line 213, col 8 to line 213, col 20 of module full: 455033
@!@!@ENDMSG 2221 @!@!@
@!@!@STARTMSG 2221:0 @!@!@
  |line 213, col 8 to line 213, col 8 of module full: 240880
@!@!@ENDMSG 2221 @!@!@
@!@!@STARTMSG 2221:0 @!@!@
  |line 213, col 14 to line 213, col 20 of module full: 240880
@!@!@ENDMSG 2221 @!@!@
@!@!@STARTMSG 2221:0 @!@!@
  line 214, col 8 to line 214, col 20 of module full: 455033
@!@!@ENDMSG 2221 @!@!@
@!@!@STARTMSG 2221:0 @!@!@
  |line 214, col 8 to line 214, col 8 of module full: 240880
@!@!@ENDMSG 2221 @!@!@
@!@!@STARTMSG 2221:0 @!@!@
  |line 214, col 14 to line 214, col 20 of module full: 240880
@!@!@ENDMSG 2221 @!@!@
@!@!@STARTMSG 2221:0 @!@!@
  line 215, col 8 to line 215, col 13 of module full: 455033
@!@!@ENDMSG 2221 @!@!@
@!@!@STARTMSG 2221:0 @!@!@
  |line 215, col 8 to line 215, col 8 of module full: 240880
@!@!@ENDMSG 2221 @!@!@
@!@!@STARTMSG 2221:0 @!@!@
  |line 215, col 13 to line 215, col 13 of module full: 240880
@!@!@ENDMSG 2221 @!@!@
@!@!@STARTMSG 2221:0 @!@!@
  line 216, col 8 to line 216, col 24 of module full: 455033
@!@!@ENDMSG 2221 @!@!@
@!@!@STARTMSG 2221:0 @!@!@
  |line 216, col 8 to line 216, col 15 of module full: 240880
@!@!@ENDMSG 2221 @!@!@
@!@!@STARTMSG 2221:0 @!@!@
  |line 216, col 19 to line 216, col 24 of module full: 240880
@!@!@ENDMSG 2221 @!@!@
@!@!@STARTMSG 2221:0 @!@!@
  line 217, col 8 to line 217, col 37 of module full: 214153
@!@!@ENDMSG 2221 @!@!@
@!@!@STARTMSG 2221:0 @!@!@
  |line 217, col 8 to line 217, col 22 of module full: 240880
@!@!@ENDMSG 2221 @!@!@
@!@!@STARTMSG 2221:0 @!@!@
  |line 217, col 27 to line 217, col 37 of module full: 240880
@!@!@ENDMSG 2221 @!@!@
@!@!@STARTMSG 2221:0 @!@!@
  line 79, col 12 to line 79, col 47 of module full: 214153
@!@!@ENDMSG 2221 @!@!@
@!@!@STARTMSG 2221:0 @!@!@
  |line 79, col 24 to line 79, col 47 of module full: 214153
@!@!@ENDMSG 2221 @!@!@
@!@!@STARTMSG 2221:0 @!@!@
  ||line 68, col 5 to line 71, col 24 of module full: 214153
@!@!@ENDMSG 2221 @!@!@
@!@!@STARTMSG 2221:0 @!@!@
  |||line 68, col 8 to line 68, col 24 of module full: 214153
@!@!@ENDMSG 2221 @!@!@
@!@!@STARTMSG 2221:0 @!@!@
  |||line 69, col 9 to line 69, col 68 of module full: 111050
@!@!@ENDMSG 2221 @!@!@
@!@!@STARTMSG 2221:0 @!@!@
  ||||line 69, col 10 to line 69, col 13 of module full: 111050
@!@!@ENDMSG 2221 @!@!@
@!@!@STARTMSG 2221:0 @!@!@
  ||||line 69, col 22 to line 69, col 66 of module full: 111050
@!@!@ENDMSG 2221 @!@!@
@!@!@STARTMSG 2221:0 @!@!@
  ||||line 69, col 29 to line 69, col 66 of module full: 111050
@!@!@ENDMSG 2221 @!@!@
@!@!@STARTMSG 2221:0 @!@!@
  |||||line 69, col 32 to line 69, col 42 of module full: 111050
@!@!@ENDMSG 2221 @!@!@
@!@!@STARTMSG 2221:0 @!@!@
  |||||line 69, col 49 to line 69, col 59 of module full: 81130
@!@!@ENDMSG 2221 @!@!@
@!@!@STARTMSG 2221:0 @!@!@
  |||line 71, col 9 to line 71, col 24 of module full: 103103
@!@!@ENDMSG 2221 @!@!@
@!@!@STARTMSG 2221:0 @!@!@
  ||line 79, col 39 to line 79, col 46 of module full: 214153
@!@!@ENDMSG 2221 @!@!@
@!@!@STARTMSG 2221:0 @!@!@
  line 223, col 16 to line 231, col 37 of module full: 214153
@!@!@ENDMSG 2221 @!@!@
@!@!@STARTMSG 2221:0 @!@!@
  |line 223, col 17 to line 223, col 55 of module full: 214153
@!@!@ENDMSG 2221 @!@!@
@!@!@STARTMSG 2221:0 @!@!@
  |line 224, col 17 to line 224, col 49 of module full: 214153
@!@!@ENDMSG 2221 @!@!@
@!@!@STARTMSG 2221:0 @!@!@
  |line 225, col 17 to line 225, col 47 of module full: 214153
@!@!@ENDMSG 2221 @!@!@
@!@!@STARTMSG 2221:0 @!@!@
  |line 226, col 36 to line 226, col 46 of module full: 214153
@!@!@ENDMSG 2221 @!@!@
@!@!@STARTMSG 2221:0 @!@!@
  ||line 221, col 27 to line 221, col 83 of module full: 214153
@!@!@ENDMSG 2221 @!@!@
@!@!@STARTMSG 2221:0 @!@!@
  |||line 221, col 30 to line 221, col 45 of module full: 214153
@!@!@ENDMSG 2221 @!@!@
@!@!@STARTMSG 2221:0 @!@!@
  |||line 221, col 52 to line 221, col 76 of module full: 21025
@!@!@ENDMSG 2221 @!@!@
@!@!@STARTMSG 2221:0 @!@!@
  |line 227, col 17 to line 227, col 48 of module full: 214153
@!@!@ENDMSG 2221 @!@!@
@!@!@STARTMSG 2221:0 @!@!@
  |line 228, col 17 to line 228, col 41 of module full: 214153
@!@!@ENDMSG 2221 @!@!@
@!@!@STARTMSG 2221:0 @!@!@
  |line 229, col 17 to line 229, col 49 of module full: 214153
@!@!@ENDMSG 2221 @!@!@
@!@!@STARTMSG 2221:0 @!@!@
  |line 230, col 17 to line 230, col 36 of module full: 214153
@!@!@ENDMSG 2221 @!@!@
@!@!@STARTMSG 2221:0 @!@!@
  |line 231, col 17 to line 231, col 36 of module full: 214153
@!@!@ENDMSG 2221 @!@!@
@!@!@STARTMSG 2221:0 @!@!@
  line 232, col 11 to line 236, col 33 of module full: 214153
@!@!@ENDMSG 2221 @!@!@
@!@!@STARTMSG 2221:0 @!@!@
  |line 233, col 13 to line 236, col 33 of module full: 214153
@!@!@ENDMSG 2221 @!@!@
@!@!@STARTMSG 2221:0 @!@!@
  ||line 233, col 16 to line 234, col 51 of module full: 214153
@!@!@ENDMSG 2221 @!@!@
@!@!@STARTMSG 2221:0 @!@!@
  |||line 233, col 16 to line 234, col 31 of module full: 214153
@!@!@ENDMSG 2221 @!@!@
@!@!@STARTMSG 2221:0 @!@!@
  ||||line 233, col 16 to line 233, col 118 of module full: 214153
@!@!@ENDMSG 2221 @!@!@
@!@!@STARTMSG 2221:0 @!@!@
  ||||line 234, col 19 to line 234, col 31 of module full: 196934
@!@!@ENDMSG 2221 @!@!@
@!@!@STARTMSG 2221:0 @!@!@
  |||line 234, col 36 to line 234, col 51 of module full: 196934
@!@!@ENDMSG 2221 @!@!@
@!@!@STARTMSG 2221:0 @!@!@
  ||line 235, col 18 to line 235, col 72 of module full: 196934
@!@!@ENDMSG 2221 @!@!@
@!@!@STARTMSG 2221:0 @!@!@
  ||line 236, col 18 to line 236, col 33 of module full: 17219
@!@!@ENDMSG 2221 @!@!@
@!@!@STARTMSG 2221:0 @!@!@
  line 237, col 8 to line 237, col 122 of module full: 214153
@!@!@ENDMSG 2221 @!@!@
@!@!@STARTMSG 2221:0 @!@!@
  line 644, col 74 to line 644, col 77 of module full: 240880
@!@!@ENDMSG 2221 @!@!@
@!@!@STARTMSG 2221:0 @!@!@
  line 644, col 80 to line 644, col 83 of module full: 240880
@!@!@ENDMSG 2221 @!@!@
@!@!@STARTMSG 2772:0 @!@!@
<MySwitchNext line 633, col 1 to line 633, col 12 of module full (645 7 645 50)>: 195671:357879
@!@!@ENDMSG 2772 @!@!@
@!@!@STARTMSG 2221:0 @!@!@
  line 565, col 8 to line 565, col 39 of module full: 357879
@!@!@ENDMSG 2221 @!@!@
@!@!@STARTMSG 2221:0 @!@!@
  line 566, col 8 to line 566, col 19 of module full: 357879
@!@!@ENDMSG 2221 @!@!@
@!@!@STARTMSG 2221:0 @!@!@
  line 567, col 8 to line 567, col 31 of module full: 357879
@!@!@ENDMSG 2221 @!@!@
@!@!@STARTMSG 2221:0 @!@!@
  line 569, col 8 to line 569, col 60 of module full: 0
@!@!@ENDMSG 2221 @!@!@
@!@!@STARTMSG 2221:0 @!@!@
  line 570, col 8 to line 570, col 88 of module full: 0
@!@!@ENDMSG 2221 @!@!@
@!@!@STARTMSG 2221:0 @!@!@
  line 571, col 8 to line 571, col 89 of module full: 0
@!@!@ENDMSG 2221 @!@!@
@!@!@STARTMSG 2221:0 @!@!@
  line 572, col 8 to line 572, col 102 of module full: 0
@!@!@ENDMSG 2221 @!@!@
@!@!@STARTMSG 2221:0 @!@!@
  line 596, col 22 to line 596, col 22 of module full: 357879
@!@!@ENDMSG 2221 @!@!@
@!@!@STARTMSG 2221:0 @!@!@
  line 596, col 25 to line 596, col 25 of module full: 357879
@!@!@ENDMSG 2221 @!@!@
@!@!@STARTMSG 2221:0 @!@!@
  line 597, col 14 to line 597, col 41 of module full: 357879
@!@!@ENDMSG 2221 @!@!@
@!@!@STARTMSG 2221:0 @!@!@
  line 401, col 24 to line 401, col 61 of module full: 0
@!@!@ENDMSG 2221 @!@!@
@!@!@STARTMSG 2221:0 @!@!@
  line 402, col 24 to line 402, col 41 of module full: 0
@!@!@ENDMSG 2221 @!@!@
@!@!@STARTMSG 2221:0 @!@!@
  line 81, col 29 to line 81, col 96 of module full: 0
@!@!@ENDMSG 2221 @!@!@
@!@!@STARTMSG 2221:0 @!@!@
  line 410, col 11 to line 410, col 115 of module full: 0
@!@!@ENDMSG 2221 @!@!@
@!@!@STARTMSG 2221:0 @!@!@
  line 598, col 14 to line 598, col 42 of module full: 357879
@!@!@ENDMSG 2221 @!@!@
@!@!@STARTMSG 2221:0 @!@!@
  line 80, col 15 to line 80, col 53 of module full: 0
@!@!@ENDMSG 2221 @!@!@
@!@!@STARTMSG 2221:0 @!@!@
  line 579, col 8 to line 579, col 104 of module full: 0
@!@!@ENDMSG 2221 @!@!@
@!@!@STARTMSG 2221:0 @!@!@
  line 416, col 8 to line 417, col 57 of module full: 0
@!@!@ENDMSG 2221 @!@!@
@!@!@STARTMSG 2221:0 @!@!@
  line 419, col 14 to line 420, col 59 of module full: 0
@!@!@ENDMSG 2221 @!@!@
@!@!@STARTMSG 2221:0 @!@!@
  line 421, col 14 to line 422, col 59 of module full: 0
@!@!@ENDMSG 2221 @!@!@
@!@!@STARTMSG 2221:0 @!@!@
  line 424, col 14 to line 424, col 49 of module full: 0
@!@!@ENDMSG 2221 @!@!@
@!@!@STARTMSG 2221:0 @!@!@
  line 80, col 15 to line 80, col 53 of module full: 0
@!@!@ENDMSG 2221 @!@!@
@!@!@STARTMSG 2221:0 @!@!@
  line 426, col 8 to line 426, col 99 of module full: 0
@!@!@ENDMSG 2221 @!@!@
@!@!@STARTMSG 2221:0 @!@!@
  line 600, col 14 to line 600, col 43 of module full: 473015
@!@!@ENDMSG 2221 @!@!@
@!@!@STARTMSG 2221:0 @!@!@
  |line 600, col 14 to line 600, col 20 of module full: 357879
@!@!@ENDMSG 2221 @!@!@
@!@!@STARTMSG 2221:0 @!@!@
  |line 600, col 24 to line 600, col 43 of module full: 357879
@!@!@ENDMSG 2221 @!@!@
@!@!@STARTMSG 2221:0 @!@!@
  line 601, col 14 to line 601, col 28 of module full: 397323
@!@!@ENDMSG 2221 @!@!@
@!@!@STARTMSG 2221:0 @!@!@
  |line 601, col 14 to line 601, col 14 of module full: 282187
@!@!@ENDMSG 2221 @!@!@
@!@!@STARTMSG 2221:0 @!@!@
  |line 601, col 18 to line 601, col 28 of module full: 282187
@!@!@ENDMSG 2221 @!@!@
@!@!@STARTMSG 2221:0 @!@!@
  line 601, col 33 to line 601, col 45 of module full: 230272
@!@!@ENDMSG 2221 @!@!@
@!@!@STARTMSG 2221:0 @!@!@
  |line 601, col 33 to line 601, col 33 of module full: 115136
@!@!@ENDMSG 2221 @!@!@
@!@!@STARTMSG 2221:0 @!@!@
  |line 601, col 39 to line 601, col 45 of module full: 115136
@!@!@ENDMSG 2221 @!@!@
@!@!@STARTMSG 2221:0 @!@!@
  line 321, col 8 to line 321, col 23 of module full: 230272
@!@!@ENDMSG 2221 @!@!@
@!@!@STARTMSG 2221:0 @!@!@
  |line 321, col 8 to line 321, col 9 of module full: 115136
@!@!@ENDMSG 2221 @!@!@
@!@!@STARTMSG 2221:0 @!@!@
  |line 321, col 13 to line 321, col 23 of module full: 115136
@!@!@ENDMSG 2221 @!@!@
@!@!@STARTMSG 2221:0 @!@!@
  line 322, col 8 to line 322, col 25 of module full: 230272
@!@!@ENDMSG 2221 @!@!@
@!@!@STARTMSG 2221:0 @!@!@
  |line 322, col 8 to line 322, col 16 of module full: 115136
@!@!@ENDMSG 2221 @!@!@
@!@!@STARTMSG 2221:0 @!@!@
  |line 322, col 20 to line 322, col 25 of module full: 115136
@!@!@ENDMSG 2221 @!@!@
@!@!@STARTMSG 2221:0 @!@!@
  line 323, col 8 to line 323, col 19 of module full: 230272
@!@!@ENDMSG 2221 @!@!@
@!@!@STARTMSG 2221:0 @!@!@
  |line 323, col 8 to line 323, col 14 of module full: 115136
@!@!@ENDMSG 2221 @!@!@
@!@!@STARTMSG 2221:0 @!@!@
  |line 323, col 18 to line 323, col 19 of module full: 115136
@!@!@ENDMSG 2221 @!@!@
@!@!@STARTMSG 2221:0 @!@!@
  line 324, col 8 to line 324, col 28 of module full: 230272
@!@!@ENDMSG 2221 @!@!@
@!@!@STARTMSG 2221:0 @!@!@
  |line 324, col 8 to line 324, col 16 of module full: 115136
@!@!@ENDMSG 2221 @!@!@
@!@!@STARTMSG 2221:0 @!@!@
  |line 324, col 22 to line 324, col 28 of module full: 115136
@!@!@ENDMSG 2221 @!@!@
@!@!@STARTMSG 2221:0 @!@!@
  line 325, col 8 to line 325, col 32 of module full: 230272
@!@!@ENDMSG 2221 @!@!@
@!@!@STARTMSG 2221:0 @!@!@
  |line 325, col 8 to line 325, col 23 of module full: 115136
@!@!@ENDMSG 2221 @!@!@
@!@!@STARTMSG 2221:0 @!@!@
  |line 325, col 27 to line 325, col 32 of module full: 115136
@!@!@ENDMSG 2221 @!@!@
@!@!@STARTMSG 2221:0 @!@!@
  line 326, col 8 to line 326, col 37 of module full: 230272
@!@!@ENDMSG 2221 @!@!@
@!@!@STARTMSG 2221:0 @!@!@
  |line 326, col 8 to line 326, col 14 of module full: 115136
@!@!@ENDMSG 2221 @!@!@
@!@!@STARTMSG 2221:0 @!@!@
  |line 326, col 18 to line 326, col 37 of module full: 115136
@!@!@ENDMSG 2221 @!@!@
@!@!@STARTMSG 2221:0 @!@!@
  line 327, col 8 to line 327, col 26 of module full: 230272
@!@!@ENDMSG 2221 @!@!@
@!@!@STARTMSG 2221:0 @!@!@
  |line 327, col 8 to line 327, col 17 of module full: 115136
@!@!@ENDMSG 2221 @!@!@
@!@!@STARTMSG 2221:0 @!@!@
  |line 327, col 22 to line 327, col 26 of module full: 115136
@!@!@ENDMSG 2221 @!@!@
@!@!@STARTMSG 2221:0 @!@!@
  line 328, col 8 to line 328, col 38 of module full: 230272
@!@!@ENDMSG 2221 @!@!@
@!@!@STARTMSG 2221:0 @!@!@
  |line 328, col 8 to line 328, col 8 of module full: 115136
@!@!@ENDMSG 2221 @!@!@
@!@!@STARTMSG 2221:0 @!@!@
  |line 328, col 17 to line 328, col 38 of module full: 115136
@!@!@ENDMSG 2221 @!@!@
@!@!@STARTMSG 2221:0 @!@!@
  line 329, col 8 to line 329, col 54 of module full: 115136
@!@!@ENDMSG 2221 @!@!@
@!@!@STARTMSG 2221:0 @!@!@
  line 330, col 8 to line 330, col 17 of module full: 115136
@!@!@ENDMSG 2221 @!@!@
@!@!@STARTMSG 2221:0 @!@!@
  line 331, col 8 to line 332, col 72 of module full: 115136
@!@!@ENDMSG 2221 @!@!@
@!@!@STARTMSG 2221:0 @!@!@
  line 601, col 78 to line 601, col 78 of module full: 115136
@!@!@ENDMSG 2221 @!@!@
@!@!@STARTMSG 2221:0 @!@!@
  line 602, col 14 to line 602, col 43 of module full: 524926
@!@!@ENDMSG 2221 @!@!@
@!@!@STARTMSG 2221:0 @!@!@
  |line 602, col 14 to line 602, col 20 of module full: 357879
@!@!@ENDMSG 2221 @!@!@
@!@!@STARTMSG 2221:0 @!@!@
  |line 602, col 24 to line 602, col 43 of module full: 357879
@!@!@ENDMSG 2221 @!@!@
@!@!@STARTMSG 2221:0 @!@!@
  line 603, col 14 to line 603, col 26 of module full: 449234
@!@!@ENDMSG 2221 @!@!@
@!@!@STARTMSG 2221:0 @!@!@
  |line 603, col 14 to line 603, col 14 of module full: 282187
@!@!@ENDMSG 2221 @!@!@
@!@!@STARTMSG 2221:0 @!@!@
  |line 603, col 20 to line 603, col 26 of module full: 282187
@!@!@ENDMSG 2221 @!@!@
@!@!@STARTMSG 2221:0 @!@!@
  line 603, col 34 to line 603, col 48 of module full: 185873
@!@!@ENDMSG 2221 @!@!@
@!@!@STARTMSG 2221:0 @!@!@
  |line 603, col 34 to line 603, col 34 of module full: 167051
@!@!@ENDMSG 2221 @!@!@
@!@!@STARTMSG 2221:0 @!@!@
  |line 603, col 38 to line 603, col 48 of module full: 167051
@!@!@ENDMSG 2221 @!@!@
@!@!@STARTMSG 2221:0 @!@!@
  line 603, col 53 to line 603, col 65 of module full: 315276
@!@!@ENDMSG 2221 @!@!@
@!@!@STARTMSG 2221:0 @!@!@
  |line 603, col 53 to line 603, col 53 of module full: 167051
@!@!@ENDMSG 2221 @!@!@
@!@!@STARTMSG 2221:0 @!@!@
  |line 603, col 59 to line 603, col 65 of module full: 167051
@!@!@ENDMSG 2221 @!@!@
@!@!@STARTMSG 2221:0 @!@!@
  line 439, col 11 to line 439, col 35 of module full: 167047
@!@!@ENDMSG 2221 @!@!@
@!@!@STARTMSG 2221:0 @!@!@
  |line 439, col 11 to line 439, col 17 of module full: 167051
@!@!@ENDMSG 2221 @!@!@
@!@!@STARTMSG 2221:0 @!@!@
  |line 439, col 22 to line 439, col 35 of module full: 167051
@!@!@ENDMSG 2221 @!@!@
@!@!@STARTMSG 2221:0 @!@!@
  line 440, col 11 to line 440, col 23 of module full: 334098
@!@!@ENDMSG 2221 @!@!@
@!@!@STARTMSG 2221:0 @!@!@
  |line 440, col 11 to line 440, col 11 of module full: 167051
@!@!@ENDMSG 2221 @!@!@
@!@!@STARTMSG 2221:0 @!@!@
  |line 440, col 17 to line 440, col 23 of module full: 167051
@!@!@ENDMSG 2221 @!@!@
@!@!@STARTMSG 2221:0 @!@!@
  line 441, col 12 to line 441, col 26 of module full: 185873
@!@!@ENDMSG 2221 @!@!@
@!@!@STARTMSG 2221:0 @!@!@
  |line 441, col 12 to line 441, col 12 of module full: 167051
@!@!@ENDMSG 2221 @!@!@
@!@!@STARTMSG 2221:0 @!@!@
  |line 441, col 16 to line 441, col 26 of module full: 167051
@!@!@ENDMSG 2221 @!@!@
@!@!@STARTMSG 2221:0 @!@!@
  line 441, col 31 to line 441, col 43 of module full: 315276
@!@!@ENDMSG 2221 @!@!@
@!@!@STARTMSG 2221:0 @!@!@
  |line 441, col 31 to line 441, col 31 of module full: 167051
@!@!@ENDMSG 2221 @!@!@
@!@!@STARTMSG 2221:0 @!@!@
  |line 441, col 37 to line 441, col 43 of module full: 167051
@!@!@ENDMSG 2221 @!@!@
@!@!@STARTMSG 2221:0 @!@!@
  line 444, col 20 to line 444, col 43 of module full: 167051
@!@!@ENDMSG 2221 @!@!@
@!@!@STARTMSG 2221:0 @!@!@
  line 445, col 23 to line 445, col 46 of module full: 170706
@!@!@ENDMSG 2221 @!@!@
@!@!@STARTMSG 2221:0 @!@!@
  |line 445, col 23 to line 445, col 29 of module full: 167051
@!@!@ENDMSG 2221 @!@!@
@!@!@STARTMSG 2221:0 @!@!@
  |line 445, col 33 to line 445, col 46 of module full: 167051
@!@!@ENDMSG 2221 @!@!@
@!@!@STARTMSG 2221:0 @!@!@
  line 446, col 23 to line 446, col 41 of module full: 170706
@!@!@ENDMSG 2221 @!@!@
@!@!@STARTMSG 2221:0 @!@!@
  |line 446, col 23 to line 446, col 30 of module full: 167051
@!@!@ENDMSG 2221 @!@!@
@!@!@STARTMSG 2221:0 @!@!@
  |line 446, col 34 to line 446, col 41 of module full: 167051
@!@!@ENDMSG 2221 @!@!@
@!@!@STARTMSG 2221:0 @!@!@
  line 447, col 23 to line 447, col 33 of module full: 170706
@!@!@ENDMSG 2221 @!@!@
@!@!@STARTMSG 2221:0 @!@!@
  |line 447, col 29 to line 447, col 33 of module full: 167051
@!@!@ENDMSG 2221 @!@!@
@!@!@STARTMSG 2221:0 @!@!@
  ||line 429, col 18 to line 432, col 68 of module full: 167051
@!@!@ENDMSG 2221 @!@!@
@!@!@STARTMSG 2221:0 @!@!@
  |||line 429, col 21 to line 429, col 39 of module full: 167051
@!@!@ENDMSG 2221 @!@!@
@!@!@STARTMSG 2221:0 @!@!@
  |||line 430, col 21 to line 432, col 68 of module full: 10085
@!@!@ENDMSG 2221 @!@!@
@!@!@STARTMSG 2221:0 @!@!@
  ||||line 430, col 24 to line 430, col 42 of module full: 10085
@!@!@ENDMSG 2221 @!@!@
@!@!@STARTMSG 2221:0 @!@!@
  ||||line 431, col 24 to line 431, col 53 of module full: 10085
@!@!@ENDMSG 2221 @!@!@
@!@!@STARTMSG 2221:0 @!@!@
  ||||line 432, col 24 to line 432, col 68 of module full: 6430
@!@!@ENDMSG 2221 @!@!@
@!@!@STARTMSG 2221:0 @!@!@
  line 448, col 23 to line 448, col 46 of module full: 170543
@!@!@ENDMSG 2221 @!@!@
@!@!@STARTMSG 2221:0 @!@!@
  |line 448, col 23 to line 448, col 29 of module full: 167051
@!@!@ENDMSG 2221 @!@!@
@!@!@STARTMSG 2221:0 @!@!@
  |line 448, col 33 to line 448, col 46 of module full: 167051
@!@!@ENDMSG 2221 @!@!@
@!@!@STARTMSG 2221:0 @!@!@
  line 449, col 23 to line 449, col 41 of module full: 170543
@!@!@ENDMSG 2221 @!@!@
@!@!@STARTMSG 2221:0 @!@!@
  |line 449, col 23 to line 449, col 30 of module full: 167051
@!@!@ENDMSG 2221 @!@!@
@!@!@STARTMSG 2221:0 @!@!@
  |line 449, col 34 to line 449, col 41 of module full: 167051
@!@!@ENDMSG 2221 @!@!@
@!@!@STARTMSG 2221:0 @!@!@
  line 450, col 23 to line 450, col 37 of module full: 170543
@!@!@ENDMSG 2221 @!@!@
@!@!@STARTMSG 2221:0 @!@!@
  |line 450, col 23 to line 450, col 23 of module full: 167051
@!@!@ENDMSG 2221 @!@!@
@!@!@STARTMSG 2221:0 @!@!@
  |line 450, col 27 to line 450, col 37 of module full: 167051
@!@!@ENDMSG 2221 @!@!@
@!@!@STARTMSG 2221:0 @!@!@
  line 451, col 23 to line 451, col 41 of module full: 22314
@!@!@ENDMSG 2221 @!@!@
@!@!@STARTMSG 2221:0 @!@!@
  |line 451, col 23 to line 451, col 32 of module full: 18822
@!@!@ENDMSG 2221 @!@!@
@!@!@STARTMSG 2221:0 @!@!@
  |line 451, col 37 to line 451, col 41 of module full: 18822
@!@!@ENDMSG 2221 @!@!@
@!@!@STARTMSG 2221:0 @!@!@
  line 452, col 23 to line 452, col 49 of module full: 22314
@!@!@ENDMSG 2221 @!@!@
@!@!@STARTMSG 2221:0 @!@!@
  |line 452, col 29 to line 452, col 49 of module full: 18822
@!@!@ENDMSG 2221 @!@!@
@!@!@STARTMSG 2221:0 @!@!@
  line 453, col 17 to line 459, col 25 of module full: 7147
@!@!@ENDMSG 2221 @!@!@
@!@!@STARTMSG 2221:0 @!@!@
  line 460, col 17 to line 460, col 68 of module full: 7147
@!@!@ENDMSG 2221 @!@!@
@!@!@STARTMSG 2221:0 @!@!@
  line 463, col 17 to line 463, col 40 of module full: 167051
@!@!@ENDMSG 2221 @!@!@
@!@!@STARTMSG 2221:0 @!@!@
  line 464, col 17 to line 464, col 36 of module full: 167051
@!@!@ENDMSG 2221 @!@!@
@!@!@STARTMSG 2221:0 @!@!@
  line 465, col 17 to line 465, col 55 of module full: 0
@!@!@ENDMSG 2221 @!@!@
@!@!@STARTMSG 2221:0 @!@!@
  line 466, col 17 to line 466, col 89 of module full: 0
@!@!@ENDMSG 2221 @!@!@
@!@!@STARTMSG 2221:0 @!@!@
  line 469, col 17 to line 469, col 40 of module full: 326951
@!@!@ENDMSG 2221 @!@!@
@!@!@STARTMSG 2221:0 @!@!@
  |line 469, col 17 to line 469, col 23 of module full: 167051
@!@!@ENDMSG 2221 @!@!@
@!@!@STARTMSG 2221:0 @!@!@
  |line 469, col 27 to line 469, col 40 of module full: 167051
@!@!@ENDMSG 2221 @!@!@
@!@!@STARTMSG 2221:0 @!@!@
  line 470, col 17 to line 470, col 35 of module full: 326951
@!@!@ENDMSG 2221 @!@!@
@!@!@STARTMSG 2221:0 @!@!@
  |line 470, col 17 to line 470, col 24 of module full: 167051
@!@!@ENDMSG 2221 @!@!@
@!@!@STARTMSG 2221:0 @!@!@
  |line 470, col 28 to line 470, col 35 of module full: 167051
@!@!@ENDMSG 2221 @!@!@
@!@!@STARTMSG 2221:0 @!@!@
  line 429, col 21 to line 429, col 39 of module full: 320524
@!@!@ENDMSG 2221 @!@!@
@!@!@STARTMSG 2221:0 @!@!@
  |line 429, col 21 to line 429, col 35 of module full: 167051
@!@!@ENDMSG 2221 @!@!@
@!@!@STARTMSG 2221:0 @!@!@
  line 430, col 24 to line 430, col 42 of module full: 6427
@!@!@ENDMSG 2221 @!@!@
@!@!@STARTMSG 2221:0 @!@!@
  |line 430, col 24 to line 430, col 38 of module full: 167049
@!@!@ENDMSG 2221 @!@!@
@!@!@STARTMSG 2221:0 @!@!@
  line 431, col 24 to line 431, col 53 of module full: 6427
@!@!@ENDMSG 2221 @!@!@
@!@!@STARTMSG 2221:0 @!@!@
  |line 431, col 24 to line 431, col 38 of module full: 10085
@!@!@ENDMSG 2221 @!@!@
@!@!@STARTMSG 2221:0 @!@!@
  |line 431, col 43 to line 431, col 53 of module full: 10085
@!@!@ENDMSG 2221 @!@!@
@!@!@STARTMSG 2221:0 @!@!@
  line 432, col 24 to line 432, col 68 of module full: 12857
@!@!@ENDMSG 2221 @!@!@
@!@!@STARTMSG 2221:0 @!@!@
  |line 432, col 24 to line 432, col 37 of module full: 6430
@!@!@ENDMSG 2221 @!@!@
@!@!@STARTMSG 2221:0 @!@!@
  |line 432, col 41 to line 432, col 68 of module full: 6430
@!@!@ENDMSG 2221 @!@!@
@!@!@STARTMSG 2221:0 @!@!@
  line 472, col 20 to line 472, col 34 of module full: 175071
@!@!@ENDMSG 2221 @!@!@
@!@!@STARTMSG 2221:0 @!@!@
  |line 472, col 20 to line 472, col 20 of module full: 163396
@!@!@ENDMSG 2221 @!@!@
@!@!@STARTMSG 2221:0 @!@!@
  |line 472, col 24 to line 472, col 34 of module full: 163396
@!@!@ENDMSG 2221 @!@!@
@!@!@STARTMSG 2221:0 @!@!@
  line 435, col 16 to line 435, col 33 of module full: 15167
@!@!@ENDMSG 2221 @!@!@
@!@!@STARTMSG 2221:0 @!@!@
  line 438, col 19 to line 438, col 44 of module full: 26842
@!@!@ENDMSG 2221 @!@!@
@!@!@STARTMSG 2221:0 @!@!@
  |line 438, col 19 to line 438, col 19 of module full: 15167
@!@!@ENDMSG 2221 @!@!@
@!@!@STARTMSG 2221:0 @!@!@
  |line 438, col 25 to line 438, col 44 of module full: 15167
@!@!@ENDMSG 2221 @!@!@
@!@!@STARTMSG 2221:0 @!@!@
  line 473, col 20 to line 473, col 32 of module full: 311621
@!@!@ENDMSG 2221 @!@!@
@!@!@STARTMSG 2221:0 @!@!@
  |line 473, col 20 to line 473, col 20 of module full: 163396
@!@!@ENDMSG 2221 @!@!@
@!@!@STARTMSG 2221:0 @!@!@
  |line 473, col 26 to line 473, col 32 of module full: 163396
@!@!@ENDMSG 2221 @!@!@
@!@!@STARTMSG 2221:0 @!@!@
  line 474, col 19 to line 474, col 36 of module full: 163392
@!@!@ENDMSG 2221 @!@!@
@!@!@STARTMSG 2221:0 @!@!@
  line 480, col 30 to line 480, col 47 of module full: 159904
@!@!@ENDMSG 2221 @!@!@
@!@!@STARTMSG 2221:0 @!@!@
  line 481, col 33 to line 481, col 51 of module full: 216265
@!@!@ENDMSG 2221 @!@!@
@!@!@STARTMSG 2221:0 @!@!@
  |line 481, col 33 to line 481, col 42 of module full: 159904
@!@!@ENDMSG 2221 @!@!@
@!@!@STARTMSG 2221:0 @!@!@
  |line 481, col 47 to line 481, col 51 of module full: 159904
@!@!@ENDMSG 2221 @!@!@
@!@!@STARTMSG 2221:0 @!@!@
  line 482, col 33 to line 482, col 52 of module full: 56361
@!@!@ENDMSG 2221 @!@!@
@!@!@STARTMSG 2221:0 @!@!@
  |line 482, col 33 to line 482, col 43 of module full: 159904
@!@!@ENDMSG 2221 @!@!@
@!@!@STARTMSG 2221:0 @!@!@
  |line 482, col 48 to line 482, col 52 of module full: 159904
@!@!@ENDMSG 2221 @!@!@
@!@!@STARTMSG 2221:0 @!@!@
  line 483, col 33 to line 483, col 61 of module full: 112722
@!@!@ENDMSG 2221 @!@!@
@!@!@STARTMSG 2221:0 @!@!@
  |line 483, col 33 to line 483, col 45 of module full: 56361
@!@!@ENDMSG 2221 @!@!@
@!@!@STARTMSG 2221:0 @!@!@
  |line 483, col 49 to line 483, col 61 of module full: 56361
@!@!@ENDMSG 2221 @!@!@
@!@!@STARTMSG 2221:0 @!@!@
  line 484, col 27 to line 484, col 107 of module full: 56361
@!@!@ENDMSG 2221 @!@!@
@!@!@STARTMSG 2221:0 @!@!@
  |line 484, col 42 to line 484, col 107 of module full: 56361
@!@!@ENDMSG 2221 @!@!@
@!@!@STARTMSG 2221:0 @!@!@
  ||line 484, col 43 to line 484, col 53 of module full: 56361
@!@!@ENDMSG 2221 @!@!@
@!@!@STARTMSG 2221:0 @!@!@
  ||line 484, col 62 to line 484, col 106 of module full: 56361
@!@!@ENDMSG 2221 @!@!@
@!@!@STARTMSG 2221:0 @!@!@
  ||line 484, col 69 to line 484, col 106 of module full: 56361
@!@!@ENDMSG 2221 @!@!@
@!@!@STARTMSG 2221:0 @!@!@
  |||line 84, col 11 to line 84, col 46 of module full: 56361
@!@!@ENDMSG 2221 @!@!@
@!@!@STARTMSG 2221:0 @!@!@
  ||||line 84, col 28 to line 84, col 46 of module full: 56856
@!@!@ENDMSG 2221 @!@!@
@!@!@STARTMSG 2221:0 @!@!@
  |||||line 84, col 41 to line 84, col 46 of module full: 57846
@!@!@ENDMSG 2221 @!@!@
@!@!@STARTMSG 2221:0 @!@!@
  |||||line 84, col 37 to line 84, col 37 of module full: 56856
@!@!@ENDMSG 2221 @!@!@
@!@!@STARTMSG 2221:0 @!@!@
  ||||line 84, col 24 to line 84, col 24 of module full: 56361
@!@!@ENDMSG 2221 @!@!@
@!@!@STARTMSG 2775:0 @!@!@
  |||line 484, col 73 to line 484, col 105 of module full: 56361:171558
@!@!@ENDMSG 2775 @!@!@
@!@!@STARTMSG 2221:0 @!@!@
  ||||line 484, col 74 to line 484, col 87 of module full: 56361
@!@!@ENDMSG 2221 @!@!@
@!@!@STARTMSG 2221:0 @!@!@
  ||||line 484, col 90 to line 484, col 104 of module full: 56361
@!@!@ENDMSG 2221 @!@!@
@!@!@STARTMSG 2221:0 @!@!@
  |||||line 478, col 40 to line 478, col 77 of module full: 56361
@!@!@ENDMSG 2221 @!@!@
@!@!@STARTMSG 2221:0 @!@!@
  ||||||line 83, col 11 to line 83, col 46 of module full: 56361
@!@!@ENDMSG 2221 @!@!@
@!@!@STARTMSG 2221:0 @!@!@
  |||||||line 83, col 28 to line 83, col 46 of module full: 56361
@!@!@ENDMSG 2221 @!@!@
@!@!@STARTMSG 2221:0 @!@!@
  ||||||||line 83, col 41 to line 83, col 46 of module full: 112253
@!@!@ENDMSG 2221 @!@!@
@!@!@STARTMSG 2221:0 @!@!@
  ||||||||line 83, col 37 to line 83, col 37 of module full: 56361
@!@!@ENDMSG 2221 @!@!@
@!@!@STARTMSG 2221:0 @!@!@
  |||||||line 83, col 24 to line 83, col 24 of module full: 56361
@!@!@ENDMSG 2221 @!@!@
@!@!@STARTMSG 2775:0 @!@!@
  ||||||line 478, col 44 to line 478, col 76 of module full: 56361:224975
@!@!@ENDMSG 2775 @!@!@
@!@!@STARTMSG 2221:0 @!@!@
  line 81, col 29 to line 81, col 96 of module full: 56361
@!@!@ENDMSG 2221 @!@!@
@!@!@STARTMSG 2221:0 @!@!@
  |line 81, col 41 to line 81, col 96 of module full: 56361
@!@!@ENDMSG 2221 @!@!@
@!@!@STARTMSG 2221:0 @!@!@
  ||line 74, col 5 to line 77, col 12 of module full: 56361
@!@!@ENDMSG 2221 @!@!@
@!@!@STARTMSG 2221:0 @!@!@
  ||line 81, col 65 to line 81, col 95 of module full: 56361
@!@!@ENDMSG 2221 @!@!@
@!@!@STARTMSG 2221:0 @!@!@
  |||line 68, col 5 to line 71, col 24 of module full: 56361
@!@!@ENDMSG 2221 @!@!@
@!@!@STARTMSG 2221:0 @!@!@
  ||||line 68, col 8 to line 68, col 24 of module full: 56361
@!@!@ENDMSG 2221 @!@!@
@!@!@STARTMSG 2221:0 @!@!@
  ||||line 69, col 9 to line 69, col 68 of module full: 51930
@!@!@ENDMSG 2221 @!@!@
@!@!@STARTMSG 2221:0 @!@!@
  |||||line 69, col 10 to line 69, col 13 of module full: 51930
@!@!@ENDMSG 2221 @!@!@
@!@!@STARTMSG 2221:0 @!@!@
  |||||line 69, col 22 to line 69, col 66 of module full: 51930
@!@!@ENDMSG 2221 @!@!@
@!@!@STARTMSG 2221:0 @!@!@
  |||||line 69, col 29 to line 69, col 66 of module full: 51930
@!@!@ENDMSG 2221 @!@!@
@!@!@STARTMSG 2221:0 @!@!@
  ||||||line 69, col 32 to line 69, col 42 of module full: 51930
@!@!@ENDMSG 2221 @!@!@
@!@!@STARTMSG 2221:0 @!@!@
  ||||||line 69, col 49 to line 69, col 59 of module full: 48551
@!@!@ENDMSG 2221 @!@!@
@!@!@STARTMSG 2221:0 @!@!@
  ||||line 71, col 9 to line 71, col 24 of module full: 4431
@!@!@ENDMSG 2221 @!@!@
@!@!@STARTMSG 2221:0 @!@!@
  |||line 81, col 87 to line 81, col 94 of module full: 56361
@!@!@ENDMSG 2221 @!@!@
@!@!@STARTMSG 2221:0 @!@!@
  line 485, col 33 to line 490, col 55 of module full: 56361
@!@!@ENDMSG 2221 @!@!@
@!@!@STARTMSG 2221:0 @!@!@
  line 492, col 27 to line 492, col 74 of module full: 56361
@!@!@ENDMSG 2221 @!@!@
@!@!@STARTMSG 2221:0 @!@!@
  line 495, col 27 to line 495, col 45 of module full: 159904
@!@!@ENDMSG 2221 @!@!@
@!@!@STARTMSG 2221:0 @!@!@
  line 496, col 27 to line 496, col 46 of module full: 159904
@!@!@ENDMSG 2221 @!@!@
@!@!@STARTMSG 2221:0 @!@!@
  line 497, col 27 to line 497, col 66 of module full: 56361
@!@!@ENDMSG 2221 @!@!@
@!@!@STARTMSG 2221:0 @!@!@
  line 499, col 30 to line 499, col 62 of module full: 0
@!@!@ENDMSG 2221 @!@!@
@!@!@STARTMSG 2221:0 @!@!@
  line 81, col 29 to line 81, col 96 of module full: 0
@!@!@ENDMSG 2221 @!@!@
@!@!@STARTMSG 2221:0 @!@!@
  line 505, col 27 to line 505, col 82 of module full: 0
@!@!@ENDMSG 2221 @!@!@
@!@!@STARTMSG 2221:0 @!@!@
  line 508, col 27 to line 508, col 45 of module full: 263443
@!@!@ENDMSG 2221 @!@!@
@!@!@STARTMSG 2221:0 @!@!@
  |line 508, col 27 to line 508, col 36 of module full: 159904
@!@!@ENDMSG 2221 @!@!@
@!@!@STARTMSG 2221:0 @!@!@
  |line 508, col 41 to line 508, col 45 of module full: 159904
@!@!@ENDMSG 2221 @!@!@
@!@!@STARTMSG 2221:0 @!@!@
  line 509, col 27 to line 509, col 55 of module full: 263443
@!@!@ENDMSG 2221 @!@!@
@!@!@STARTMSG 2221:0 @!@!@
  |line 509, col 27 to line 509, col 37 of module full: 159904
@!@!@ENDMSG 2221 @!@!@
@!@!@STARTMSG 2221:0 @!@!@
  |line 509, col 41 to line 509, col 55 of module full: 159904
@!@!@ENDMSG 2221 @!@!@
@!@!@STARTMSG 2221:0 @!@!@
  line 512, col 30 to line 512, col 89 of module full: 103539
@!@!@ENDMSG 2221 @!@!@
@!@!@STARTMSG 2221:0 @!@!@
  |line 512, col 37 to line 512, col 89 of module full: 103543
@!@!@ENDMSG 2221 @!@!@
@!@!@STARTMSG 2221:0 @!@!@
  line 513, col 33 to line 513, col 127 of module full: 103539
@!@!@ENDMSG 2221 @!@!@
@!@!@STARTMSG 2221:0 @!@!@
  |line 513, col 54 to line 513, col 127 of module full: 103543
@!@!@ENDMSG 2221 @!@!@
@!@!@STARTMSG 2221:0 @!@!@
  line 514, col 27 to line 514, col 107 of module full: 103539
@!@!@ENDMSG 2221 @!@!@
@!@!@STARTMSG 2221:0 @!@!@
  |line 514, col 42 to line 514, col 107 of module full: 103543
@!@!@ENDMSG 2221 @!@!@
@!@!@STARTMSG 2221:0 @!@!@
  ||line 514, col 43 to line 514, col 53 of module full: 103543
@!@!@ENDMSG 2221 @!@!@
@!@!@STARTMSG 2221:0 @!@!@
  ||line 514, col 62 to line 514, col 106 of module full: 103543
@!@!@ENDMSG 2221 @!@!@
@!@!@STARTMSG 2221:0 @!@!@
  ||line 514, col 69 to line 514, col 106 of module full: 103543
@!@!@ENDMSG 2221 @!@!@
@!@!@STARTMSG 2221:0 @!@!@
  |||line 84, col 11 to line 84, col 46 of module full: 103543
@!@!@ENDMSG 2221 @!@!@
@!@!@STARTMSG 2221:0 @!@!@
  ||||line 84, col 28 to line 84, col 46 of module full: 108748
@!@!@ENDMSG 2221 @!@!@
@!@!@STARTMSG 2221:0 @!@!@
  |||||line 84, col 41 to line 84, col 46 of module full: 119158
@!@!@ENDMSG 2221 @!@!@
@!@!@STARTMSG 2221:0 @!@!@
  |||||line 84, col 37 to line 84, col 37 of module full: 108748
@!@!@ENDMSG 2221 @!@!@
@!@!@STARTMSG 2221:0 @!@!@
  ||||line 84, col 24 to line 84, col 24 of module full: 103543
@!@!@ENDMSG 2221 @!@!@
@!@!@STARTMSG 2775:0 @!@!@
  |||line 514, col 73 to line 514, col 105 of module full: 103543:336654
@!@!@ENDMSG 2775 @!@!@
@!@!@STARTMSG 2221:0 @!@!@
  ||||line 514, col 74 to line 514, col 87 of module full: 103543
@!@!@ENDMSG 2221 @!@!@
@!@!@STARTMSG 2221:0 @!@!@
  ||||line 514, col 90 to line 514, col 104 of module full: 103543
@!@!@ENDMSG 2221 @!@!@
@!@!@STARTMSG 2221:0 @!@!@
  |||||line 478, col 40 to line 478, col 77 of module full: 103543
@!@!@ENDMSG 2221 @!@!@
@!@!@STARTMSG 2221:0 @!@!@
  ||||||line 83, col 11 to line 83, col 46 of module full: 103543
@!@!@ENDMSG 2221 @!@!@
@!@!@STARTMSG 2221:0 @!@!@
  |||||||line 83, col 28 to line 83, col 46 of module full: 103543
@!@!@ENDMSG 2221 @!@!@
@!@!@STARTMSG 2221:0 @!@!@
  ||||||||line 83, col 41 to line 83, col 46 of module full: 202956
@!@!@ENDMSG 2221 @!@!@
@!@!@STARTMSG 2221:0 @!@!@
  ||||||||line 83, col 37 to line 83, col 37 of module full: 103543
@!@!@ENDMSG 2221 @!@!@
@!@!@STARTMSG 2221:0 @!@!@
  |||||||line 83, col 24 to line 83, col 24 of module full: 103543
@!@!@ENDMSG 2221 @!@!@
@!@!@STARTMSG 2775:0 @!@!@
  ||||||line 478, col 44 to line 478, col 76 of module full: 103543:410042
@!@!@ENDMSG 2775 @!@!@
@!@!@STARTMSG 2221:0 @!@!@
  line 81, col 29 to line 81, col 96 of module full: 103539
@!@!@ENDMSG 2221 @!@!@
@!@!@STARTMSG 2221:0 @!@!@
  |line 81, col 41 to line 81, col 96 of module full: 103543
@!@!@ENDMSG 2221 @!@!@
@!@!@STARTMSG 2221:0 @!@!@
  line 515, col 33 to line 520, col 55 of module full: 103543
@!@!@ENDMSG 2221 @!@!@
@!@!@STARTMSG 2221:0 @!@!@
  line 522, col 27 to line 522, col 50 of module full: 103539
@!@!@ENDMSG 2221 @!@!@
@!@!@STARTMSG 2221:0 @!@!@
  line 524, col 11 to line 525, col 72 of module full: 167047
@!@!@ENDMSG 2221 @!@!@
@!@!@STARTMSG 2221:0 @!@!@
  line 603, col 98 to line 603, col 98 of module full: 167051
@!@!@ENDMSG 2221 @!@!@
@!@!@STARTMSG 2221:0 @!@!@
  line 603, col 101 to line 603, col 101 of module full: 167051
@!@!@ENDMSG 2221 @!@!@
@!@!@STARTMSG 2221:0 @!@!@
  line 604, col 14 to line 604, col 44 of module full: 433567
@!@!@ENDMSG 2221 @!@!@
@!@!@STARTMSG 2221:0 @!@!@
  |line 604, col 14 to line 604, col 20 of module full: 357875
@!@!@ENDMSG 2221 @!@!@
@!@!@STARTMSG 2221:0 @!@!@
  |line 604, col 24 to line 604, col 44 of module full: 357875
@!@!@ENDMSG 2221 @!@!@
@!@!@STARTMSG 2221:0 @!@!@
  line 529, col 9 to line 529, col 28 of module full: 143483
@!@!@ENDMSG 2221 @!@!@
@!@!@STARTMSG 2221:0 @!@!@
  |line 529, col 9 to line 529, col 16 of module full: 75692
@!@!@ENDMSG 2221 @!@!@
@!@!@STARTMSG 2221:0 @!@!@
  |line 529, col 22 to line 529, col 28 of module full: 75692
@!@!@ENDMSG 2221 @!@!@
@!@!@STARTMSG 2221:0 @!@!@
  line 529, col 33 to line 529, col 54 of module full: 83593
@!@!@ENDMSG 2221 @!@!@
@!@!@STARTMSG 2221:0 @!@!@
  |line 529, col 33 to line 529, col 40 of module full: 75692
@!@!@ENDMSG 2221 @!@!@
@!@!@STARTMSG 2221:0 @!@!@
  |line 529, col 44 to line 529, col 54 of module full: 75692
@!@!@ENDMSG 2221 @!@!@
@!@!@STARTMSG 2221:0 @!@!@
  line 530, col 8 to line 530, col 25 of module full: 151384
@!@!@ENDMSG 2221 @!@!@
@!@!@STARTMSG 2221:0 @!@!@
  |line 530, col 8 to line 530, col 13 of module full: 75692
@!@!@ENDMSG 2221 @!@!@
@!@!@STARTMSG 2221:0 @!@!@
  |line 530, col 19 to line 530, col 25 of module full: 75692
@!@!@ENDMSG 2221 @!@!@
@!@!@STARTMSG 2221:0 @!@!@
  line 531, col 8 to line 531, col 38 of module full: 151384
@!@!@ENDMSG 2221 @!@!@
@!@!@STARTMSG 2221:0 @!@!@
  |line 531, col 8 to line 531, col 14 of module full: 75692
@!@!@ENDMSG 2221 @!@!@
@!@!@STARTMSG 2221:0 @!@!@
  |line 531, col 18 to line 531, col 38 of module full: 75692
@!@!@ENDMSG 2221 @!@!@
@!@!@STARTMSG 2221:0 @!@!@
  line 532, col 28 to line 532, col 46 of module full: 302768
@!@!@ENDMSG 2221 @!@!@
@!@!@STARTMSG 2221:0 @!@!@
  |line 532, col 28 to line 532, col 37 of module full: 227076
@!@!@ENDMSG 2221 @!@!@
@!@!@STARTMSG 2221:0 @!@!@
  |line 532, col 41 to line 532, col 46 of module full: 227076
@!@!@ENDMSG 2221 @!@!@
@!@!@STARTMSG 2221:0 @!@!@
  line 532, col 19 to line 532, col 25 of module full: 75692
@!@!@ENDMSG 2221 @!@!@
@!@!@STARTMSG 2221:0 @!@!@
  line 535, col 14 to line 535, col 44 of module full: 151384
@!@!@ENDMSG 2221 @!@!@
@!@!@STARTMSG 2221:0 @!@!@
  |line 535, col 14 to line 535, col 20 of module full: 75692
@!@!@ENDMSG 2221 @!@!@
@!@!@STARTMSG 2221:0 @!@!@
  |line 535, col 24 to line 535, col 44 of module full: 75692
@!@!@ENDMSG 2221 @!@!@
@!@!@STARTMSG 2221:0 @!@!@
  line 536, col 20 to line 536, col 29 of module full: 148870
@!@!@ENDMSG 2221 @!@!@
@!@!@STARTMSG 2221:0 @!@!@
  |line 536, col 20 to line 536, col 20 of module full: 75692
@!@!@ENDMSG 2221 @!@!@
@!@!@STARTMSG 2221:0 @!@!@
  line 553, col 26 to line 553, col 98 of module full: 73178
@!@!@ENDMSG 2221 @!@!@
@!@!@STARTMSG 2221:0 @!@!@
  |line 553, col 40 to line 553, col 98 of module full: 73178
@!@!@ENDMSG 2221 @!@!@
@!@!@STARTMSG 2221:0 @!@!@
  ||line 553, col 41 to line 553, col 49 of module full: 73178
@!@!@ENDMSG 2221 @!@!@
@!@!@STARTMSG 2221:0 @!@!@
  ||line 553, col 59 to line 553, col 97 of module full: 73178
@!@!@ENDMSG 2221 @!@!@
@!@!@STARTMSG 2221:0 @!@!@
  ||line 553, col 81 to line 553, col 97 of module full: 73178
@!@!@ENDMSG 2221 @!@!@
@!@!@STARTMSG 2221:0 @!@!@
  |||line 553, col 81 to line 553, col 93 of module full: 73178
@!@!@ENDMSG 2221 @!@!@
@!@!@STARTMSG 2221:0 @!@!@
  ||||line 537, col 41 to line 537, col 89 of module full: 73178
@!@!@ENDMSG 2221 @!@!@
@!@!@STARTMSG 2221:0 @!@!@
  |||||line 84, col 11 to line 84, col 46 of module full: 73178
@!@!@ENDMSG 2221 @!@!@
@!@!@STARTMSG 2221:0 @!@!@
  ||||||line 84, col 28 to line 84, col 46 of module full: 140874
@!@!@ENDMSG 2221 @!@!@
@!@!@STARTMSG 2221:0 @!@!@
  |||||||line 84, col 41 to line 84, col 46 of module full: 276266
@!@!@ENDMSG 2221 @!@!@
@!@!@STARTMSG 2221:0 @!@!@
  |||||||line 84, col 37 to line 84, col 37 of module full: 140874
@!@!@ENDMSG 2221 @!@!@
@!@!@STARTMSG 2221:0 @!@!@
  ||||||line 84, col 24 to line 84, col 24 of module full: 73178
@!@!@ENDMSG 2221 @!@!@
@!@!@STARTMSG 2775:0 @!@!@
  |||||line 537, col 45 to line 537, col 88 of module full: 73178:558014
@!@!@ENDMSG 2775 @!@!@
@!@!@STARTMSG 2221:0 @!@!@
  line 554, col 26 to line 554, col 94 of module full: 73178
@!@!@ENDMSG 2221 @!@!@
@!@!@STARTMSG 2221:0 @!@!@
  |line 554, col 40 to line 554, col 94 of module full: 73178
@!@!@ENDMSG 2221 @!@!@
@!@!@STARTMSG 2221:0 @!@!@
  ||line 554, col 41 to line 554, col 50 of module full: 73178
@!@!@ENDMSG 2221 @!@!@
@!@!@STARTMSG 2221:0 @!@!@
  ||line 554, col 59 to line 554, col 93 of module full: 73178
@!@!@ENDMSG 2221 @!@!@
@!@!@STARTMSG 2221:0 @!@!@
  ||line 554, col 81 to line 554, col 93 of module full: 73178
@!@!@ENDMSG 2221 @!@!@
@!@!@STARTMSG 2221:0 @!@!@
  |||line 537, col 41 to line 537, col 89 of module full: 73178
@!@!@ENDMSG 2221 @!@!@
@!@!@STARTMSG 2221:0 @!@!@
  ||||line 84, col 11 to line 84, col 46 of module full: 73178
@!@!@ENDMSG 2221 @!@!@
@!@!@STARTMSG 2221:0 @!@!@
  |||||line 84, col 28 to line 84, col 46 of module full: 140874
@!@!@ENDMSG 2221 @!@!@
@!@!@STARTMSG 2221:0 @!@!@
  ||||||line 84, col 41 to line 84, col 46 of module full: 276266
@!@!@ENDMSG 2221 @!@!@
@!@!@STARTMSG 2221:0 @!@!@
  ||||||line 84, col 37 to line 84, col 37 of module full: 140874
@!@!@ENDMSG 2221 @!@!@
@!@!@STARTMSG 2221:0 @!@!@
  |||||line 84, col 24 to line 84, col 24 of module full: 73178
@!@!@ENDMSG 2221 @!@!@
@!@!@STARTMSG 2775:0 @!@!@
  ||||line 537, col 45 to line 537, col 88 of module full: 73178:558014
@!@!@ENDMSG 2775 @!@!@
@!@!@STARTMSG 2221:0 @!@!@
  line 555, col 26 to line 558, col 48 of module full: 73178
@!@!@ENDMSG 2221 @!@!@
@!@!@STARTMSG 2221:0 @!@!@
  |line 556, col 28 to line 558, col 48 of module full: 73178
@!@!@ENDMSG 2221 @!@!@
@!@!@STARTMSG 2221:0 @!@!@
  ||line 556, col 31 to line 556, col 48 of module full: 73178
@!@!@ENDMSG 2221 @!@!@
@!@!@STARTMSG 2221:0 @!@!@
  |||line 547, col 28 to line 551, col 71 of module full: 73178
@!@!@ENDMSG 2221 @!@!@
@!@!@STARTMSG 2221:0 @!@!@
  ||||line 547, col 31 to line 547, col 49 of module full: 73178
@!@!@ENDMSG 2221 @!@!@
@!@!@STARTMSG 2221:0 @!@!@
  ||||line 548, col 31 to line 548, col 66 of module full: 73178
@!@!@ENDMSG 2221 @!@!@
@!@!@STARTMSG 2221:0 @!@!@
  ||||line 549, col 31 to line 549, col 67 of module full: 73178
@!@!@ENDMSG 2221 @!@!@
@!@!@STARTMSG 2221:0 @!@!@
  ||||line 550, col 31 to line 550, col 58 of module full: 69280
@!@!@ENDMSG 2221 @!@!@
@!@!@STARTMSG 2221:0 @!@!@
  |||||line 550, col 31 to line 550, col 43 of module full: 69280
@!@!@ENDMSG 2221 @!@!@
@!@!@STARTMSG 2221:0 @!@!@
  ||||||line 537, col 41 to line 537, col 89 of module full: 69280
@!@!@ENDMSG 2221 @!@!@
@!@!@STARTMSG 2221:0 @!@!@
  |||||||line 84, col 11 to line 84, col 46 of module full: 69280
@!@!@ENDMSG 2221 @!@!@
@!@!@STARTMSG 2221:0 @!@!@
  ||||||||line 84, col 28 to line 84, col 46 of module full: 134421
@!@!@ENDMSG 2221 @!@!@
@!@!@STARTMSG 2221:0 @!@!@
  |||||||||line 84, col 41 to line 84, col 46 of module full: 264703
@!@!@ENDMSG 2221 @!@!@
@!@!@STARTMSG 2221:0 @!@!@
  |||||||||line 84, col 37 to line 84, col 37 of module full: 134421
@!@!@ENDMSG 2221 @!@!@
@!@!@STARTMSG 2221:0 @!@!@
  ||||||||line 84, col 24 to line 84, col 24 of module full: 69280
@!@!@ENDMSG 2221 @!@!@
@!@!@STARTMSG 2775:0 @!@!@
  |||||||line 537, col 45 to line 537, col 88 of module full: 69280:533545
@!@!@ENDMSG 2775 @!@!@
@!@!@STARTMSG 2221:0 @!@!@
  |||||line 550, col 48 to line 550, col 58 of module full: 69280
@!@!@ENDMSG 2221 @!@!@
@!@!@STARTMSG 2221:0 @!@!@
  ||||line 551, col 31 to line 551, col 71 of module full: 69280
@!@!@ENDMSG 2221 @!@!@
@!@!@STARTMSG 2221:0 @!@!@
  ||line 557, col 33 to line 557, col 86 of module full: 65118
@!@!@ENDMSG 2221 @!@!@
@!@!@STARTMSG 2221:0 @!@!@
  ||line 558, col 33 to line 558, col 48 of module full: 8060
@!@!@ENDMSG 2221 @!@!@
@!@!@STARTMSG 2221:0 @!@!@
  line 559, col 20 to line 559, col 35 of module full: 78206
@!@!@ENDMSG 2221 @!@!@
@!@!@STARTMSG 2221:0 @!@!@
  |line 559, col 26 to line 559, col 35 of module full: 75692
@!@!@ENDMSG 2221 @!@!@
@!@!@STARTMSG 2221:0 @!@!@
  line 560, col 20 to line 560, col 114 of module full: 2514
@!@!@ENDMSG 2221 @!@!@
@!@!@STARTMSG 2221:0 @!@!@
  |line 560, col 33 to line 560, col 114 of module full: 2514
@!@!@ENDMSG 2221 @!@!@
@!@!@STARTMSG 2221:0 @!@!@
  ||line 560, col 34 to line 560, col 42 of module full: 2514
@!@!@ENDMSG 2221 @!@!@
@!@!@STARTMSG 2221:0 @!@!@
  ||line 560, col 51 to line 560, col 113 of module full: 2514
@!@!@ENDMSG 2221 @!@!@
@!@!@STARTMSG 2221:0 @!@!@
  ||line 560, col 73 to line 560, col 113 of module full: 2514
@!@!@ENDMSG 2221 @!@!@
@!@!@STARTMSG 2221:0 @!@!@
  |||line 84, col 11 to line 84, col 46 of module full: 2514
@!@!@ENDMSG 2221 @!@!@
@!@!@STARTMSG 2221:0 @!@!@
  ||||line 84, col 28 to line 84, col 46 of module full: 4699
@!@!@ENDMSG 2221 @!@!@
@!@!@STARTMSG 2221:0 @!@!@
  |||||line 84, col 41 to line 84, col 46 of module full: 9069
@!@!@ENDMSG 2221 @!@!@
@!@!@STARTMSG 2221:0 @!@!@
  |||||line 84, col 37 to line 84, col 37 of module full: 4699
@!@!@ENDMSG 2221 @!@!@
@!@!@STARTMSG 2221:0 @!@!@
  ||||line 84, col 24 to line 84, col 24 of module full: 2514
@!@!@ENDMSG 2221 @!@!@
@!@!@STARTMSG 2775:0 @!@!@
  |||line 560, col 77 to line 560, col 112 of module full: 2514:18467
@!@!@ENDMSG 2775 @!@!@
@!@!@STARTMSG 2221:0 @!@!@
  line 561, col 20 to line 561, col 61 of module full: 2514
@!@!@ENDMSG 2221 @!@!@
@!@!@STARTMSG 2221:0 @!@!@
  line 562, col 14 to line 562, col 23 of module full: 75692
@!@!@ENDMSG 2221 @!@!@
@!@!@STARTMSG 2221:0 @!@!@
  line 563, col 14 to line 563, col 105 of module full: 75692
@!@!@ENDMSG 2221 @!@!@
@!@!@STARTMSG 2221:0 @!@!@
  line 605, col 42 to line 605, col 42 of module full: 75692
@!@!@ENDMSG 2221 @!@!@
@!@!@STARTMSG 2221:0 @!@!@
  line 605, col 45 to line 605, col 45 of module full: 75692
@!@!@ENDMSG 2221 @!@!@
@!@!@STARTMSG 2221:0 @!@!@
  line 645, col 49 to line 645, col 49 of module full: 357879
@!@!@ENDMSG 2221 @!@!@
@!@!@STARTMSG 2221:0 @!@!@
  line 645, col 16 to line 645, col 37 of module full: 120438
@!@!@ENDMSG 2221 @!@!@
@!@!@STARTMSG 2775:0 @!@!@
  |line 87, col 23 to line 87, col 61 of module full: 120438:478317
@!@!@ENDMSG 2775 @!@!@
@!@!@STARTMSG 2221:0 @!@!@
  ||line 87, col 49 to line 87, col 59 of module full: 554852
@!@!@ENDMSG 2221 @!@!@
@!@!@STARTMSG 2221:0 @!@!@
  ||line 87, col 31 to line 87, col 45 of module full: 120438
@!@!@ENDMSG 2221 @!@!@
@!@!@STARTMSG 2221:0 @!@!@
  |line 645, col 29 to line 645, col 36 of module full: 120357
@!@!@ENDMSG 2221 @!@!@
@!@!@STARTMSG 2774:0 @!@!@
<MoreThanOneLeaderInv line 657, col 1 to line 657, col 20 of module full>
@!@!@ENDMSG 2774 @!@!@
@!@!@STARTMSG 2221:0 @!@!@
  line 658, col 5 to line 662, col 16 of module full: 299704
@!@!@ENDMSG 2221 @!@!@
@!@!@STARTMSG 2221:0 @!@!@
  |line 659, col 9 to line 662, col 16 of module full: 2697336
@!@!@ENDMSG 2221 @!@!@
@!@!@STARTMSG 2221:0 @!@!@
  ||line 659, col 10 to line 661, col 29 of module full: 2697336
@!@!@ENDMSG 2221 @!@!@
@!@!@STARTMSG 2221:0 @!@!@
  |||line 659, col 13 to line 659, col 43 of module full: 2697336
@!@!@ENDMSG 2221 @!@!@
@!@!@STARTMSG 2221:0 @!@!@
  |||line 660, col 13 to line 660, col 29 of module full: 2697336
@!@!@ENDMSG 2221 @!@!@
@!@!@STARTMSG 2221:0 @!@!@
  |||line 661, col 13 to line 661, col 29 of module full: 899112
@!@!@ENDMSG 2221 @!@!@
@!@!@STARTMSG 2221:0 @!@!@
  ||line 662, col 12 to line 662, col 16 of module full: 299704
@!@!@ENDMSG 2221 @!@!@
@!@!@STARTMSG 2221:0 @!@!@
  |line 658, col 16 to line 658, col 22 of module full: 299704
@!@!@ENDMSG 2221 @!@!@
@!@!@STARTMSG 2774:0 @!@!@
<LogMatchingInv line 664, col 1 to line 664, col 14 of module full>
@!@!@ENDMSG 2774 @!@!@
@!@!@STARTMSG 2221:0 @!@!@
  line 665, col 5 to line 668, col 51 of module full: 299704
@!@!@ENDMSG 2221 @!@!@
@!@!@STARTMSG 2221:0 @!@!@
  |line 665, col 27 to line 668, col 51 of module full: 2697336
@!@!@ENDMSG 2221 @!@!@
@!@!@STARTMSG 2221:0 @!@!@
  ||line 665, col 27 to line 665, col 32 of module full: 2697336
@!@!@ENDMSG 2221 @!@!@
@!@!@STARTMSG 2221:0 @!@!@
  ||line 666, col 9 to line 668, col 51 of module full: 1798224
@!@!@ENDMSG 2221 @!@!@
@!@!@STARTMSG 2221:0 @!@!@
  |||line 667, col 13 to line 668, col 51 of module full: 763340
@!@!@ENDMSG 2221 @!@!@
@!@!@STARTMSG 2221:0 @!@!@
  |||line 666, col 18 to line 666, col 49 of module full: 1798224
@!@!@ENDMSG 2221 @!@!@
@!@!@STARTMSG 2221:0 @!@!@
  ||||line 666, col 21 to line 666, col 49 of module full: 1798224
@!@!@ENDMSG 2221 @!@!@
@!@!@STARTMSG 2221:0 @!@!@
  |||||line 85, col 14 to line 85, col 35 of module full: 1798224
@!@!@ENDMSG 2221 @!@!@
@!@!@STARTMSG 2221:0 @!@!@
  ||||||line 85, col 17 to line 85, col 21 of module full: 1798224
@!@!@ENDMSG 2221 @!@!@
@!@!@STARTMSG 2221:0 @!@!@
  ||||||line 85, col 28 to line 85, col 28 of module full: 664738
@!@!@ENDMSG 2221 @!@!@
@!@!@STARTMSG 2221:0 @!@!@
  ||||||line 85, col 35 to line 85, col 35 of module full: 1133486
@!@!@ENDMSG 2221 @!@!@
@!@!@STARTMSG 2221:0 @!@!@
  |||||line 666, col 25 to line 666, col 35 of module full: 1798224
@!@!@ENDMSG 2221 @!@!@
@!@!@STARTMSG 2221:0 @!@!@
  |||||line 666, col 38 to line 666, col 48 of module full: 1798224
@!@!@ENDMSG 2221 @!@!@
@!@!@STARTMSG 2221:0 @!@!@
  |line 665, col 17 to line 665, col 23 of module full: 299704
@!@!@ENDMSG 2221 @!@!@
@!@!@STARTMSG 2774:0 @!@!@
<LeaderCompletenessInv line 670, col 1 to line 670, col 21 of module full>
@!@!@ENDMSG 2774 @!@!@
@!@!@STARTMSG 2221:0 @!@!@
  line 671, col 5 to line 674, col 72 of module full: 299704
@!@!@ENDMSG 2221 @!@!@
@!@!@STARTMSG 2221:0 @!@!@
  |line 672, col 9 to line 674, col 72 of module full: 899112
@!@!@ENDMSG 2221 @!@!@
@!@!@STARTMSG 2221:0 @!@!@
  ||line 672, col 9 to line 672, col 25 of module full: 899112
@!@!@ENDMSG 2221 @!@!@
@!@!@STARTMSG 2221:0 @!@!@
  ||line 673, col 9 to line 674, col 72 of module full: 299704
@!@!@ENDMSG 2221 @!@!@
@!@!@STARTMSG 2221:0 @!@!@
  |||line 673, col 28 to line 674, col 72 of module full: 899112
@!@!@ENDMSG 2221 @!@!@
@!@!@STARTMSG 2221:0 @!@!@
  ||||line 673, col 28 to line 673, col 33 of module full: 899112
@!@!@ENDMSG 2221 @!@!@
@!@!@STARTMSG 2221:0 @!@!@
  ||||line 674, col 13 to line 674, col 72 of module full: 599408
@!@!@ENDMSG 2221 @!@!@
@!@!@STARTMSG 2221:0 @!@!@
  |||||line 99, col 5 to line 100, col 48 of module full: 599408
@!@!@ENDMSG 2221 @!@!@
@!@!@STARTMSG 2221:0 @!@!@
  ||||||line 99, col 8 to line 99, col 29 of module full: 599408
@!@!@ENDMSG 2221 @!@!@
@!@!@STARTMSG 2221:0 @!@!@
  ||||||line 100, col 8 to line 100, col 48 of module full: 599408
@!@!@ENDMSG 2221 @!@!@
@!@!@STARTMSG 2221:0 @!@!@
  |||||||line 100, col 32 to line 100, col 48 of module full: 7781
@!@!@ENDMSG 2221 @!@!@
@!@!@STARTMSG 2221:0 @!@!@
  |||||||line 100, col 17 to line 100, col 28 of module full: 599408
@!@!@ENDMSG 2221 @!@!@
@!@!@STARTMSG 2221:0 @!@!@
  |||||line 674, col 27 to line 674, col 64 of module full: 599408
@!@!@ENDMSG 2221 @!@!@
@!@!@STARTMSG 2221:0 @!@!@
  ||||||line 90, col 5 to line 96, col 14 of module full: 599408
@!@!@ENDMSG 2221 @!@!@
@!@!@STARTMSG 2221:0 @!@!@
  |||||||line 90, col 8 to line 90, col 71 of module full: 599408
@!@!@ENDMSG 2221 @!@!@
@!@!@STARTMSG 2221:0 @!@!@
  ||||||||line 90, col 8 to line 90, col 23 of module full: 599408
@!@!@ENDMSG 2221 @!@!@
@!@!@STARTMSG 2221:0 @!@!@
  ||||||||line 90, col 28 to line 90, col 71 of module full: 317975
@!@!@ENDMSG 2221 @!@!@
@!@!@STARTMSG 2221:0 @!@!@
  |||||||line 92, col 27 to line 94, col 88 of module full: 317975
@!@!@ENDMSG 2221 @!@!@
@!@!@STARTMSG 2221:0 @!@!@
  ||||||||line 93, col 31 to line 94, col 88 of module full: 326264
@!@!@ENDMSG 2221 @!@!@
@!@!@STARTMSG 2221:0 @!@!@
  |||||||||line 93, col 34 to line 93, col 52 of module full: 326264
@!@!@ENDMSG 2221 @!@!@
@!@!@STARTMSG 2221:0 @!@!@
  |||||||||line 94, col 34 to line 94, col 88 of module full: 326264
@!@!@ENDMSG 2221 @!@!@
@!@!@STARTMSG 2221:0 @!@!@
  ||||||||||line 94, col 59 to line 94, col 88 of module full: 342842
@!@!@ENDMSG 2221 @!@!@
@!@!@STARTMSG 2221:0 @!@!@
  ||||||||||line 94, col 43 to line 94, col 55 of module full: 326264
@!@!@ENDMSG 2221 @!@!@
@!@!@STARTMSG 2221:0 @!@!@
  ||||||||line 92, col 40 to line 92, col 52 of module full: 317975
@!@!@ENDMSG 2221 @!@!@
@!@!@STARTMSG 2221:0 @!@!@
  |||||||line 95, col 10 to line 95, col 61 of module full: 317975
@!@!@ENDMSG 2221 @!@!@
@!@!@STARTMSG 2221:0 @!@!@
  |||||||line 96, col 10 to line 96, col 14 of module full: 281433
@!@!@ENDMSG 2221 @!@!@
@!@!@STARTMSG 2221:0 @!@!@
  ||||||line 674, col 47 to line 674, col 47 of module full: 599408
@!@!@ENDMSG 2221 @!@!@
@!@!@STARTMSG 2221:0 @!@!@
  ||||||line 674, col 50 to line 674, col 63 of module full: 317975
@!@!@ENDMSG 2221 @!@!@
@!@!@STARTMSG 2221:0 @!@!@
  |||||line 674, col 66 to line 674, col 71 of module full: 599408
@!@!@ENDMSG 2221 @!@!@
@!@!@STARTMSG 2221:0 @!@!@
  |||line 673, col 18 to line 673, col 24 of module full: 299704
@!@!@ENDMSG 2221 @!@!@
@!@!@STARTMSG 2221:0 @!@!@
  |line 671, col 14 to line 671, col 20 of module full: 299704
@!@!@ENDMSG 2221 @!@!@
@!@!@STARTMSG 2774:0 @!@!@
<LogInv line 676, col 1 to line 676, col 6 of module full>
@!@!@ENDMSG 2774 @!@!@
@!@!@STARTMSG 2221:0 @!@!@
  line 677, col 5 to line 679, col 51 of module full: 299704
@!@!@ENDMSG 2221 @!@!@
@!@!@STARTMSG 2221:0 @!@!@
  |line 678, col 9 to line 679, col 51 of module full: 2697336
@!@!@ENDMSG 2221 @!@!@
@!@!@STARTMSG 2221:0 @!@!@
  ||line 678, col 12 to line 678, col 51 of module full: 2697336
@!@!@ENDMSG 2221 @!@!@
@!@!@STARTMSG 2221:0 @!@!@
  |||line 99, col 5 to line 100, col 48 of module full: 2697336
@!@!@ENDMSG 2221 @!@!@
@!@!@STARTMSG 2221:0 @!@!@
  ||||line 99, col 8 to line 99, col 29 of module full: 2697336
@!@!@ENDMSG 2221 @!@!@
@!@!@STARTMSG 2221:0 @!@!@
  ||||line 100, col 8 to line 100, col 48 of module full: 2569990
@!@!@ENDMSG 2221 @!@!@
@!@!@STARTMSG 2221:0 @!@!@
  |||||line 100, col 32 to line 100, col 48 of module full: 87136
@!@!@ENDMSG 2221 @!@!@
@!@!@STARTMSG 2221:0 @!@!@
  |||||line 100, col 17 to line 100, col 28 of module full: 2569990
@!@!@ENDMSG 2221 @!@!@
@!@!@STARTMSG 2221:0 @!@!@
  |||line 678, col 26 to line 678, col 37 of module full: 2697336
@!@!@ENDMSG 2221 @!@!@
@!@!@STARTMSG 2221:0 @!@!@
  ||||line 103, col 5 to line 105, col 40 of module full: 2697336
@!@!@ENDMSG 2221 @!@!@
@!@!@STARTMSG 2221:0 @!@!@
  |||||line 103, col 8 to line 103, col 25 of module full: 2697336
@!@!@ENDMSG 2221 @!@!@
@!@!@STARTMSG 2221:0 @!@!@
  |||||line 104, col 10 to line 104, col 14 of module full: 2482968
@!@!@ENDMSG 2221 @!@!@
@!@!@STARTMSG 2221:0 @!@!@
  |||||line 105, col 10 to line 105, col 40 of module full: 214368
@!@!@ENDMSG 2221 @!@!@
@!@!@STARTMSG 2221:0 @!@!@
  ||||line 678, col 36 to line 678, col 36 of module full: 2697336
@!@!@ENDMSG 2221 @!@!@
@!@!@STARTMSG 2221:0 @!@!@
  |||line 678, col 39 to line 678, col 50 of module full: 2697336
@!@!@ENDMSG 2221 @!@!@
@!@!@STARTMSG 2221:0 @!@!@
  ||||line 103, col 5 to line 105, col 40 of module full: 2697336
@!@!@ENDMSG 2221 @!@!@
@!@!@STARTMSG 2221:0 @!@!@
  |||||line 103, col 8 to line 103, col 25 of module full: 2697336
@!@!@ENDMSG 2221 @!@!@
@!@!@STARTMSG 2221:0 @!@!@
  |||||line 104, col 10 to line 104, col 14 of module full: 2482968
@!@!@ENDMSG 2221 @!@!@
@!@!@STARTMSG 2221:0 @!@!@
  |||||line 105, col 10 to line 105, col 40 of module full: 214368
@!@!@ENDMSG 2221 @!@!@
@!@!@STARTMSG 2221:0 @!@!@
  ||||line 678, col 49 to line 678, col 49 of module full: 2697336
@!@!@ENDMSG 2221 @!@!@
@!@!@STARTMSG 2221:0 @!@!@
  ||line 679, col 12 to line 679, col 51 of module full: 127346
@!@!@ENDMSG 2221 @!@!@
@!@!@STARTMSG 2221:0 @!@!@
  |||line 99, col 5 to line 100, col 48 of module full: 127346
@!@!@ENDMSG 2221 @!@!@
@!@!@STARTMSG 2221:0 @!@!@
  ||||line 99, col 8 to line 99, col 29 of module full: 127346
@!@!@ENDMSG 2221 @!@!@
@!@!@STARTMSG 2221:0 @!@!@
  ||||line 100, col 8 to line 100, col 48 of module full: 127346
@!@!@ENDMSG 2221 @!@!@
@!@!@STARTMSG 2221:0 @!@!@
  |||||line 100, col 32 to line 100, col 48 of module full: 4
@!@!@ENDMSG 2221 @!@!@
@!@!@STARTMSG 2221:0 @!@!@
  |||||line 100, col 17 to line 100, col 28 of module full: 127346
@!@!@ENDMSG 2221 @!@!@
@!@!@STARTMSG 2221:0 @!@!@
  |||line 679, col 26 to line 679, col 37 of module full: 127346
@!@!@ENDMSG 2221 @!@!@
@!@!@STARTMSG 2221:0 @!@!@
  ||||line 103, col 5 to line 105, col 40 of module full: 127346
@!@!@ENDMSG 2221 @!@!@
@!@!@STARTMSG 2221:0 @!@!@
  |||||line 103, col 8 to line 103, col 25 of module full: 127346
@!@!@ENDMSG 2221 @!@!@
@!@!@STARTMSG 2221:0 @!@!@
  |||||line 104, col 10 to line 104, col 14 of module full: 127342
@!@!@ENDMSG 2221 @!@!@
@!@!@STARTMSG 2221:0 @!@!@
  |||||line 105, col 10 to line 105, col 40 of module full: 4
@!@!@ENDMSG 2221 @!@!@
@!@!@STARTMSG 2221:0 @!@!@
  ||||line 679, col 36 to line 679, col 36 of module full: 127346
@!@!@ENDMSG 2221 @!@!@
@!@!@STARTMSG 2221:0 @!@!@
  |||line 679, col 39 to line 679, col 50 of module full: 127346
@!@!@ENDMSG 2221 @!@!@
@!@!@STARTMSG 2221:0 @!@!@
  |line 677, col 17 to line 677, col 23 of module full: 299704
@!@!@ENDMSG 2221 @!@!@
@!@!@STARTMSG 2774:0 @!@!@
<LeaderCommitted line 708, col 1 to line 708, col 15 of module full>
@!@!@ENDMSG 2774 @!@!@
@!@!@STARTMSG 2221:0 @!@!@
  line 709, col 5 to line 709, col 42 of module full: 299704
@!@!@ENDMSG 2221 @!@!@
@!@!@STARTMSG 2221:0 @!@!@
  |line 709, col 24 to line 709, col 42 of module full: 367124
@!@!@ENDMSG 2221 @!@!@
@!@!@STARTMSG 2221:0 @!@!@
  |line 709, col 14 to line 709, col 20 of module full: 299704
@!@!@ENDMSG 2221 @!@!@
@!@!@STARTMSG 2774:0 @!@!@
<MaxCInv line 686, col 1 to line 686, col 7 of module full>
@!@!@ENDMSG 2774 @!@!@
@!@!@STARTMSG 2221:0 @!@!@
  line 686, col 12 to line 686, col 78 of module full: 299700
@!@!@ENDMSG 2221 @!@!@
@!@!@STARTMSG 2774:0 @!@!@
<LeaderCountInv line 687, col 1 to line 687, col 14 of module full>
@!@!@ENDMSG 2774 @!@!@
@!@!@STARTMSG 2221:0 @!@!@
  line 687, col 19 to line 687, col 93 of module full: 299700
@!@!@ENDMSG 2221 @!@!@
@!@!@STARTMSG 2221:0 @!@!@
  |line 687, col 39 to line 687, col 92 of module full: 899100
@!@!@ENDMSG 2221 @!@!@
@!@!@STARTMSG 2221:0 @!@!@
  ||line 687, col 39 to line 687, col 55 of module full: 899100
@!@!@ENDMSG 2221 @!@!@
@!@!@STARTMSG 2221:0 @!@!@
  ||line 687, col 60 to line 687, col 92 of module full: 299700
@!@!@ENDMSG 2221 @!@!@
@!@!@STARTMSG 2221:0 @!@!@
  |line 687, col 28 to line 687, col 34 of module full: 299700
@!@!@ENDMSG 2221 @!@!@
@!@!@STARTMSG 2774:0 @!@!@
<MaxTermInv line 688, col 1 to line 688, col 10 of module full>
@!@!@ENDMSG 2774 @!@!@
@!@!@STARTMSG 2221:0 @!@!@
  line 688, col 15 to line 688, col 58 of module full: 299700
@!@!@ENDMSG 2221 @!@!@
@!@!@STARTMSG 2221:0 @!@!@
  |line 688, col 34 to line 688, col 58 of module full: 899100
@!@!@ENDMSG 2221 @!@!@
@!@!@STARTMSG 2221:0 @!@!@
  |line 688, col 24 to line 688, col 30 of module full: 299700
@!@!@ENDMSG 2221 @!@!@
@!@!@STARTMSG 2774:0 @!@!@
<EntryCommitMessageCountInv line 690, col 1 to line 690, col 26 of module full>
@!@!@ENDMSG 2774 @!@!@
@!@!@STARTMSG 2221:0 @!@!@
  line 692, col 25 to line 692, col 76 of module full: 63671
@!@!@ENDMSG 2221 @!@!@
@!@!@STARTMSG 2221:0 @!@!@
  line 693, col 36 to line 693, col 90 of module full: 63671
@!@!@ENDMSG 2221 @!@!@
@!@!@STARTMSG 2221:0 @!@!@
  line 691, col 27 to line 691, col 46 of module full: 63671
@!@!@ENDMSG 2221 @!@!@
@!@!@STARTMSG 2221:0 @!@!@
  line 694, col 8 to line 699, col 20 of module full: 299700
@!@!@ENDMSG 2221 @!@!@
@!@!@STARTMSG 2221:0 @!@!@
  |line 695, col 22 to line 695, col 42 of module full: 490920
@!@!@ENDMSG 2221 @!@!@
@!@!@STARTMSG 2221:0 @!@!@
  |line 696, col 12 to line 699, col 20 of module full: 490920
@!@!@ENDMSG 2221 @!@!@
@!@!@STARTMSG 2221:0 @!@!@
  ||line 696, col 15 to line 696, col 29 of module full: 490920
@!@!@ENDMSG 2221 @!@!@
@!@!@STARTMSG 2221:0 @!@!@
  ||line 697, col 17 to line 698, col 96 of module full: 63785
@!@!@ENDMSG 2221 @!@!@
@!@!@STARTMSG 2221:0 @!@!@
  |||line 697, col 18 to line 697, col 94 of module full: 63785
@!@!@ENDMSG 2221 @!@!@
@!@!@STARTMSG 2221:0 @!@!@
  |||line 698, col 21 to line 698, col 95 of module full: 25523
@!@!@ENDMSG 2221 @!@!@
@!@!@STARTMSG 2221:0 @!@!@
  ||line 699, col 17 to line 699, col 20 of module full: 427135
@!@!@ENDMSG 2221 @!@!@
@!@!@STARTMSG 2221:0 @!@!@
  |line 694, col 19 to line 694, col 41 of module full: 299700
@!@!@ENDMSG 2221 @!@!@
@!@!@STARTMSG 2202:0 @!@!@
End of statistics.
@!@!@ENDMSG 2202 @!@!@
@!@!@STARTMSG 2200:0 @!@!@
Progress(16) at 2025-05-26 04:14:39: 933,195 states generated (7,606,534 s/min), 299,704 distinct states found (2,442,907 ds/min), 179,266 states left on queue.
@!@!@ENDMSG 2200 @!@!@
@!@!@STARTMSG 2199:0 @!@!@
933195 states generated, 299704 distinct states found, 179266 states left on queue.
@!@!@ENDMSG 2199 @!@!@
@!@!@STARTMSG 2194:0 @!@!@
The depth of the complete state graph search is 16.
@!@!@ENDMSG 2194 @!@!@
@!@!@STARTMSG 2268:0 @!@!@
The average outdegree of the complete state graph is 2 (minimum is 0, the maximum 8 and the 95th percentile is 5).
@!@!@ENDMSG 2268 @!@!@
@!@!@STARTMSG 2186:0 @!@!@
Finished in 7384ms at (2025-05-26 04:14:39)
@!@!@ENDMSG 2186 @!@!@
