@!@!@STARTMSG 2262:0 @!@!@
TLC2 Version 2.19 of 08 August 2024 (rev: 5a47802)
@!@!@ENDMSG 2262 @!@!@
@!@!@STARTMSG 2187:0 @!@!@
Running breadth-first search Model-Checking with fp 120 and seed 6277572830078660069 with 8 workers on 16 cores with 1163MB heap and 2612MB offheap memory [pid: 21288] (Windows 10 10.0 amd64, AdoptOpenJDK 14.0.1 x86_64, OffHeapDiskFPSet, DiskStateQueue).
@!@!@ENDMSG 2187 @!@!@
@!@!@STARTMSG 2220:0 @!@!@
Starting SANY...
@!@!@ENDMSG 2220 @!@!@
Parsing file C:\Users\kusek\Documents\TLA+\raft.tla\full.toolbox\Model_1\MC.tla
Parsing file C:\Users\kusek\Documents\TLA+\raft.tla\full.toolbox\Model_1\full.tla
Parsing file C:\Users\kusek\Desktop\Toolbox\TLAToolbox-1.7.4-win32.win32.x86_64\toolbox\plugins\org.lamport.tlatools_1.0.0.202408081326\tla2sany\StandardModules\TLC.tla
Parsing file C:\Users\kusek\Desktop\Toolbox\TLAToolbox-1.7.4-win32.win32.x86_64\toolbox\plugins\org.lamport.tlatools_1.0.0.202408081326\tla2sany\StandardModules\Naturals.tla
Parsing file C:\Users\kusek\Desktop\Toolbox\TLAToolbox-1.7.4-win32.win32.x86_64\toolbox\plugins\org.lamport.tlatools_1.0.0.202408081326\tla2sany\StandardModules\FiniteSets.tla
Parsing file C:\Users\kusek\Desktop\Toolbox\TLAToolbox-1.7.4-win32.win32.x86_64\toolbox\plugins\org.lamport.tlatools_1.0.0.202408081326\tla2sany\StandardModules\Sequences.tla
Semantic processing of module Naturals
Semantic processing of module Sequences
Semantic processing of module FiniteSets
Semantic processing of module TLC
Semantic processing of module full
Semantic processing of module MC
@!@!@STARTMSG 2219:0 @!@!@
SANY finished.
@!@!@ENDMSG 2219 @!@!@
@!@!@STARTMSG 2185:0 @!@!@
Starting... (2025-05-26 03:54:55)
@!@!@ENDMSG 2185 @!@!@
@!@!@STARTMSG 2189:0 @!@!@
Computing initial states...
@!@!@ENDMSG 2189 @!@!@
@!@!@STARTMSG 2190:0 @!@!@
Finished computing initial states: 1 distinct state generated at 2025-05-26 03:54:55.
@!@!@ENDMSG 2190 @!@!@
@!@!@STARTMSG 2143:3 @!@!@
The variable messages was changed while it is specified as UNCHANGED at
line 365, col 72 to line 365, col 79 of module full
@!@!@ENDMSG 2143 @!@!@
@!@!@STARTMSG 2200:0 @!@!@
Progress(15) at 2025-05-26 03:54:58: 426,223 states generated (426,223 s/min), 133,927 distinct states found (133,927 ds/min), 78,327 states left on queue.
@!@!@ENDMSG 2200 @!@!@
@!@!@STARTMSG 2110:1 @!@!@
Invariant EntryCommitMessageCountInv is violated.
@!@!@ENDMSG 2110 @!@!@
@!@!@STARTMSG 2121:1 @!@!@
The behavior up to this point is:
@!@!@ENDMSG 2121 @!@!@
@!@!@STARTMSG 2217:4 @!@!@
1: <Initial predicate>
/\ messages = <<>>
/\ matchIndex = [ r2 |-> [r2 |-> 0, r3 |-> 0, r4 |-> 0, r1 |-> 0, r5 |-> 0],
  r3 |-> [r2 |-> 0, r3 |-> 0, r4 |-> 0, r1 |-> 0, r5 |-> 0],
  r4 |-> [r2 |-> 0, r3 |-> 0, r4 |-> 0, r1 |-> 0, r5 |-> 0],
  r1 |-> [r2 |-> 0, r3 |-> 0, r4 |-> 0, r1 |-> 0, r5 |-> 0],
  r5 |-> [r2 |-> 0, r3 |-> 0, r4 |-> 0, r1 |-> 0, r5 |-> 0] ]
/\ log = [r2 |-> <<>>, r3 |-> <<>>, r4 |-> <<>>, r1 |-> <<>>, r5 |-> <<>>]
/\ switchSentRecord = [r2 |-> {}, r3 |-> {}, r4 |-> {}, r1 |-> {}, r5 |-> {}]
/\ state = [r2 |-> Leader, r3 |-> Follower, r4 |-> Follower, r1 |-> Switch, r5 |-> NetAgg]
/\ netAggSentCache = << >>
/\ leaderCount = [r2 |-> 1, r3 |-> 0, r4 |-> 0, r1 |-> 0, r5 |-> 0]
/\ entryCommitStats = <<>>
/\ commitIndex = [r2 |-> 0, r3 |-> 0, r4 |-> 0, r1 |-> 0, r5 |-> 0]
/\ currentTerm = [r2 |-> 2, r3 |-> 2, r4 |-> 2, r1 |-> 2, r5 |-> 2]
/\ votesResponded = [r2 |-> {"r3", "r4"}, r3 |-> {}, r4 |-> {}, r1 |-> {}, r5 |-> {}]
/\ maxc = 0
/\ nextIndex = [ r2 |-> [r2 |-> 1, r3 |-> 1, r4 |-> 1, r1 |-> 1, r5 |-> 1],
  r3 |-> [r2 |-> 1, r3 |-> 1, r4 |-> 1, r1 |-> 1, r5 |-> 1],
  r4 |-> [r2 |-> 1, r3 |-> 1, r4 |-> 1, r1 |-> 1, r5 |-> 1],
  r1 |-> [r2 |-> 1, r3 |-> 1, r4 |-> 1, r1 |-> 1, r5 |-> 1],
  r5 |-> [r2 |-> 1, r3 |-> 1, r4 |-> 1, r1 |-> 1, r5 |-> 1] ]
/\ votesGranted = [r2 |-> {"r3", "r4"}, r3 |-> {}, r4 |-> {}, r1 |-> {}, r5 |-> {}]
/\ switchBuffer = << >>
/\ voterLog = [ r2 |-> [r3 |-> <<>>, r4 |-> <<>>],
  r3 |-> << >>,
  r4 |-> << >>,
  r1 |-> << >>,
  r5 |-> << >> ]
/\ votedFor = [r2 |-> Nil, r3 |-> "r2", r4 |-> "r2", r1 |-> Nil, r5 |-> Nil]
/\ unorderedRequests = [r2 |-> {}, r3 |-> {}, r4 |-> {}, r1 |-> {}, r5 |-> {}]

@!@!@ENDMSG 2217 @!@!@
@!@!@STARTMSG 2217:4 @!@!@
2: <MySwitchNext line 625, col 8 to line 625, col 70 of module full>
/\ messages = <<>>
/\ matchIndex = [ r2 |-> [r2 |-> 0, r3 |-> 0, r4 |-> 0, r1 |-> 0, r5 |-> 0],
  r3 |-> [r2 |-> 0, r3 |-> 0, r4 |-> 0, r1 |-> 0, r5 |-> 0],
  r4 |-> [r2 |-> 0, r3 |-> 0, r4 |-> 0, r1 |-> 0, r5 |-> 0],
  r1 |-> [r2 |-> 0, r3 |-> 0, r4 |-> 0, r1 |-> 0, r5 |-> 0],
  r5 |-> [r2 |-> 0, r3 |-> 0, r4 |-> 0, r1 |-> 0, r5 |-> 0] ]
/\ log = [r2 |-> <<>>, r3 |-> <<>>, r4 |-> <<>>, r1 |-> <<>>, r5 |-> <<>>]
/\ switchSentRecord = [r2 |-> {}, r3 |-> {}, r4 |-> {}, r1 |-> {}, r5 |-> {}]
/\ state = [r2 |-> Leader, r3 |-> Follower, r4 |-> Follower, r1 |-> Switch, r5 |-> NetAgg]
/\ netAggSentCache = << >>
/\ leaderCount = [r2 |-> 1, r3 |-> 0, r4 |-> 0, r1 |-> 0, r5 |-> 0]
/\ entryCommitStats = <<>>
/\ commitIndex = [r2 |-> 0, r3 |-> 0, r4 |-> 0, r1 |-> 0, r5 |-> 0]
/\ currentTerm = [r2 |-> 2, r3 |-> 2, r4 |-> 2, r1 |-> 2, r5 |-> 2]
/\ votesResponded = [r2 |-> {"r3", "r4"}, r3 |-> {}, r4 |-> {}, r1 |-> {}, r5 |-> {}]
/\ maxc = 1
/\ nextIndex = [ r2 |-> [r2 |-> 1, r3 |-> 1, r4 |-> 1, r1 |-> 1, r5 |-> 1],
  r3 |-> [r2 |-> 1, r3 |-> 1, r4 |-> 1, r1 |-> 1, r5 |-> 1],
  r4 |-> [r2 |-> 1, r3 |-> 1, r4 |-> 1, r1 |-> 1, r5 |-> 1],
  r1 |-> [r2 |-> 1, r3 |-> 1, r4 |-> 1, r1 |-> 1, r5 |-> 1],
  r5 |-> [r2 |-> 1, r3 |-> 1, r4 |-> 1, r1 |-> 1, r5 |-> 1] ]
/\ votesGranted = [r2 |-> {"r3", "r4"}, r3 |-> {}, r4 |-> {}, r1 |-> {}, r5 |-> {}]
/\ switchBuffer = [v1 |-> [term |-> 2, value |-> "v1", payload |-> "v1"]]
/\ voterLog = [ r2 |-> [r3 |-> <<>>, r4 |-> <<>>],
  r3 |-> << >>,
  r4 |-> << >>,
  r1 |-> << >>,
  r5 |-> << >> ]
/\ votedFor = [r2 |-> Nil, r3 |-> "r2", r4 |-> "r2", r1 |-> Nil, r5 |-> Nil]
/\ unorderedRequests = [r2 |-> {}, r3 |-> {}, r4 |-> {}, r1 |-> {}, r5 |-> {}]

@!@!@ENDMSG 2217 @!@!@
@!@!@STARTMSG 2217:4 @!@!@
3: <MySwitchNext line 626, col 7 to line 627, col 60 of module full>
/\ messages = <<>>
/\ matchIndex = [ r2 |-> [r2 |-> 0, r3 |-> 0, r4 |-> 0, r1 |-> 0, r5 |-> 0],
  r3 |-> [r2 |-> 0, r3 |-> 0, r4 |-> 0, r1 |-> 0, r5 |-> 0],
  r4 |-> [r2 |-> 0, r3 |-> 0, r4 |-> 0, r1 |-> 0, r5 |-> 0],
  r1 |-> [r2 |-> 0, r3 |-> 0, r4 |-> 0, r1 |-> 0, r5 |-> 0],
  r5 |-> [r2 |-> 0, r3 |-> 0, r4 |-> 0, r1 |-> 0, r5 |-> 0] ]
/\ log = [r2 |-> <<>>, r3 |-> <<>>, r4 |-> <<>>, r1 |-> <<>>, r5 |-> <<>>]
/\ switchSentRecord = [r2 |-> {<<"v1", 2>>}, r3 |-> {}, r4 |-> {}, r1 |-> {}, r5 |-> {}]
/\ state = [r2 |-> Leader, r3 |-> Follower, r4 |-> Follower, r1 |-> Switch, r5 |-> NetAgg]
/\ netAggSentCache = << >>
/\ leaderCount = [r2 |-> 1, r3 |-> 0, r4 |-> 0, r1 |-> 0, r5 |-> 0]
/\ entryCommitStats = <<>>
/\ commitIndex = [r2 |-> 0, r3 |-> 0, r4 |-> 0, r1 |-> 0, r5 |-> 0]
/\ currentTerm = [r2 |-> 2, r3 |-> 2, r4 |-> 2, r1 |-> 2, r5 |-> 2]
/\ votesResponded = [r2 |-> {"r3", "r4"}, r3 |-> {}, r4 |-> {}, r1 |-> {}, r5 |-> {}]
/\ maxc = 1
/\ nextIndex = [ r2 |-> [r2 |-> 1, r3 |-> 1, r4 |-> 1, r1 |-> 1, r5 |-> 1],
  r3 |-> [r2 |-> 1, r3 |-> 1, r4 |-> 1, r1 |-> 1, r5 |-> 1],
  r4 |-> [r2 |-> 1, r3 |-> 1, r4 |-> 1, r1 |-> 1, r5 |-> 1],
  r1 |-> [r2 |-> 1, r3 |-> 1, r4 |-> 1, r1 |-> 1, r5 |-> 1],
  r5 |-> [r2 |-> 1, r3 |-> 1, r4 |-> 1, r1 |-> 1, r5 |-> 1] ]
/\ votesGranted = [r2 |-> {"r3", "r4"}, r3 |-> {}, r4 |-> {}, r1 |-> {}, r5 |-> {}]
/\ switchBuffer = [v1 |-> [term |-> 2, value |-> "v1", payload |-> "v1"]]
/\ voterLog = [ r2 |-> [r3 |-> <<>>, r4 |-> <<>>],
  r3 |-> << >>,
  r4 |-> << >>,
  r1 |-> << >>,
  r5 |-> << >> ]
/\ votedFor = [r2 |-> Nil, r3 |-> "r2", r4 |-> "r2", r1 |-> Nil, r5 |-> Nil]
/\ unorderedRequests = [r2 |-> {"v1"}, r3 |-> {}, r4 |-> {}, r1 |-> {}, r5 |-> {}]

@!@!@ENDMSG 2217 @!@!@
@!@!@STARTMSG 2217:4 @!@!@
4: <MySwitchNext line 628, col 7 to line 629, col 68 of module full>
/\ messages = ( [ mtype |-> AppendEntriesRequest,
    mterm |-> 2,
    msource |-> "r2",
    mdest |-> "r5",
    mprevLogIndex |-> 0,
    mprevLogTerm |-> 0,
    mentries |-> <<[term |-> 2, value |-> "v1"]>>,
    mcommitIndex |-> 0 ] :>
      1 )
/\ matchIndex = [ r2 |-> [r2 |-> 0, r3 |-> 0, r4 |-> 0, r1 |-> 0, r5 |-> 0],
  r3 |-> [r2 |-> 0, r3 |-> 0, r4 |-> 0, r1 |-> 0, r5 |-> 0],
  r4 |-> [r2 |-> 0, r3 |-> 0, r4 |-> 0, r1 |-> 0, r5 |-> 0],
  r1 |-> [r2 |-> 0, r3 |-> 0, r4 |-> 0, r1 |-> 0, r5 |-> 0],
  r5 |-> [r2 |-> 0, r3 |-> 0, r4 |-> 0, r1 |-> 0, r5 |-> 0] ]
/\ log = [ r2 |-> <<[term |-> 2, value |-> "v1", payload |-> "v1"]>>,
  r3 |-> <<>>,
  r4 |-> <<>>,
  r1 |-> <<>>,
  r5 |-> <<>> ]
/\ switchSentRecord = [r2 |-> {<<"v1", 2>>}, r3 |-> {}, r4 |-> {}, r1 |-> {}, r5 |-> {}]
/\ state = [r2 |-> Leader, r3 |-> Follower, r4 |-> Follower, r1 |-> Switch, r5 |-> NetAgg]
/\ netAggSentCache = << >>
/\ leaderCount = [r2 |-> 1, r3 |-> 0, r4 |-> 0, r1 |-> 0, r5 |-> 0]
/\ entryCommitStats = (<<1, 2>> :> [sentCount |-> 0, ackCount |-> 0, committed |-> FALSE])
/\ commitIndex = [r2 |-> 0, r3 |-> 0, r4 |-> 0, r1 |-> 0, r5 |-> 0]
/\ currentTerm = [r2 |-> 2, r3 |-> 2, r4 |-> 2, r1 |-> 2, r5 |-> 2]
/\ votesResponded = [r2 |-> {"r3", "r4"}, r3 |-> {}, r4 |-> {}, r1 |-> {}, r5 |-> {}]
/\ maxc = 1
/\ nextIndex = [ r2 |-> [r2 |-> 1, r3 |-> 1, r4 |-> 1, r1 |-> 1, r5 |-> 1],
  r3 |-> [r2 |-> 1, r3 |-> 1, r4 |-> 1, r1 |-> 1, r5 |-> 1],
  r4 |-> [r2 |-> 1, r3 |-> 1, r4 |-> 1, r1 |-> 1, r5 |-> 1],
  r1 |-> [r2 |-> 1, r3 |-> 1, r4 |-> 1, r1 |-> 1, r5 |-> 1],
  r5 |-> [r2 |-> 1, r3 |-> 1, r4 |-> 1, r1 |-> 1, r5 |-> 1] ]
/\ votesGranted = [r2 |-> {"r3", "r4"}, r3 |-> {}, r4 |-> {}, r1 |-> {}, r5 |-> {}]
/\ switchBuffer = [v1 |-> [term |-> 2, value |-> "v1", payload |-> "v1"]]
/\ voterLog = [ r2 |-> [r3 |-> <<>>, r4 |-> <<>>],
  r3 |-> << >>,
  r4 |-> << >>,
  r1 |-> << >>,
  r5 |-> << >> ]
/\ votedFor = [r2 |-> Nil, r3 |-> "r2", r4 |-> "r2", r1 |-> Nil, r5 |-> Nil]
/\ unorderedRequests = [r2 |-> {}, r3 |-> {}, r4 |-> {}, r1 |-> {}, r5 |-> {}]

@!@!@ENDMSG 2217 @!@!@
@!@!@STARTMSG 2217:4 @!@!@
5: <MySwitchNext line 634, col 8 to line 634, col 84 of module full>
/\ messages = ( [ mtype |-> AppendEntriesRequest,
    mterm |-> 2,
    msource |-> "r2",
    mdest |-> "r5",
    mprevLogIndex |-> 0,
    mprevLogTerm |-> 0,
    mentries |-> <<[term |-> 2, value |-> "v1"]>>,
    mcommitIndex |-> 0 ] :>
      1 @@
  [ mtype |-> AppendEntriesRequest,
    mterm |-> 2,
    msource |-> "r2",
    mdest |-> "r3",
    mprevLogIndex |-> 0,
    mprevLogTerm |-> 0,
    mentries |-> <<[term |-> 2, value |-> "v1", payload |-> "v1"]>>,
    mlog |-> <<[term |-> 2, value |-> "v1", payload |-> "v1"]>>,
    mcommitIndex |-> 0 ] :>
      1 )
/\ matchIndex = [ r2 |-> [r2 |-> 0, r3 |-> 0, r4 |-> 0, r1 |-> 0, r5 |-> 0],
  r3 |-> [r2 |-> 0, r3 |-> 0, r4 |-> 0, r1 |-> 0, r5 |-> 0],
  r4 |-> [r2 |-> 0, r3 |-> 0, r4 |-> 0, r1 |-> 0, r5 |-> 0],
  r1 |-> [r2 |-> 0, r3 |-> 0, r4 |-> 0, r1 |-> 0, r5 |-> 0],
  r5 |-> [r2 |-> 0, r3 |-> 0, r4 |-> 0, r1 |-> 0, r5 |-> 0] ]
/\ log = [ r2 |-> <<[term |-> 2, value |-> "v1", payload |-> "v1"]>>,
  r3 |-> <<>>,
  r4 |-> <<>>,
  r1 |-> <<>>,
  r5 |-> <<>> ]
/\ switchSentRecord = [r2 |-> {<<"v1", 2>>}, r3 |-> {}, r4 |-> {}, r1 |-> {}, r5 |-> {}]
/\ state = [r2 |-> Leader, r3 |-> Follower, r4 |-> Follower, r1 |-> Switch, r5 |-> NetAgg]
/\ netAggSentCache = << >>
/\ leaderCount = [r2 |-> 1, r3 |-> 0, r4 |-> 0, r1 |-> 0, r5 |-> 0]
/\ entryCommitStats = (<<1, 2>> :> [sentCount |-> 1, ackCount |-> 0, committed |-> FALSE])
/\ commitIndex = [r2 |-> 0, r3 |-> 0, r4 |-> 0, r1 |-> 0, r5 |-> 0]
/\ currentTerm = [r2 |-> 2, r3 |-> 2, r4 |-> 2, r1 |-> 2, r5 |-> 2]
/\ votesResponded = [r2 |-> {"r3", "r4"}, r3 |-> {}, r4 |-> {}, r1 |-> {}, r5 |-> {}]
/\ maxc = 1
/\ nextIndex = [ r2 |-> [r2 |-> 1, r3 |-> 1, r4 |-> 1, r1 |-> 1, r5 |-> 1],
  r3 |-> [r2 |-> 1, r3 |-> 1, r4 |-> 1, r1 |-> 1, r5 |-> 1],
  r4 |-> [r2 |-> 1, r3 |-> 1, r4 |-> 1, r1 |-> 1, r5 |-> 1],
  r1 |-> [r2 |-> 1, r3 |-> 1, r4 |-> 1, r1 |-> 1, r5 |-> 1],
  r5 |-> [r2 |-> 1, r3 |-> 1, r4 |-> 1, r1 |-> 1, r5 |-> 1] ]
/\ votesGranted = [r2 |-> {"r3", "r4"}, r3 |-> {}, r4 |-> {}, r1 |-> {}, r5 |-> {}]
/\ switchBuffer = [v1 |-> [term |-> 2, value |-> "v1", payload |-> "v1"]]
/\ voterLog = [ r2 |-> [r3 |-> <<>>, r4 |-> <<>>],
  r3 |-> << >>,
  r4 |-> << >>,
  r1 |-> << >>,
  r5 |-> << >> ]
/\ votedFor = [r2 |-> Nil, r3 |-> "r2", r4 |-> "r2", r1 |-> Nil, r5 |-> Nil]
/\ unorderedRequests = [r2 |-> {}, r3 |-> {}, r4 |-> {}, r1 |-> {}, r5 |-> {}]

@!@!@ENDMSG 2217 @!@!@
@!@!@STARTMSG 2217:4 @!@!@
6: <MySwitchNext line 634, col 8 to line 634, col 84 of module full>
/\ messages = ( [ mtype |-> AppendEntriesRequest,
    mterm |-> 2,
    msource |-> "r2",
    mdest |-> "r5",
    mprevLogIndex |-> 0,
    mprevLogTerm |-> 0,
    mentries |-> <<[term |-> 2, value |-> "v1"]>>,
    mcommitIndex |-> 0 ] :>
      1 @@
  [ mtype |-> AppendEntriesRequest,
    mterm |-> 2,
    msource |-> "r2",
    mdest |-> "r3",
    mprevLogIndex |-> 0,
    mprevLogTerm |-> 0,
    mentries |-> <<[term |-> 2, value |-> "v1", payload |-> "v1"]>>,
    mlog |-> <<[term |-> 2, value |-> "v1", payload |-> "v1"]>>,
    mcommitIndex |-> 0 ] :>
      2 )
/\ matchIndex = [ r2 |-> [r2 |-> 0, r3 |-> 0, r4 |-> 0, r1 |-> 0, r5 |-> 0],
  r3 |-> [r2 |-> 0, r3 |-> 0, r4 |-> 0, r1 |-> 0, r5 |-> 0],
  r4 |-> [r2 |-> 0, r3 |-> 0, r4 |-> 0, r1 |-> 0, r5 |-> 0],
  r1 |-> [r2 |-> 0, r3 |-> 0, r4 |-> 0, r1 |-> 0, r5 |-> 0],
  r5 |-> [r2 |-> 0, r3 |-> 0, r4 |-> 0, r1 |-> 0, r5 |-> 0] ]
/\ log = [ r2 |-> <<[term |-> 2, value |-> "v1", payload |-> "v1"]>>,
  r3 |-> <<>>,
  r4 |-> <<>>,
  r1 |-> <<>>,
  r5 |-> <<>> ]
/\ switchSentRecord = [r2 |-> {<<"v1", 2>>}, r3 |-> {}, r4 |-> {}, r1 |-> {}, r5 |-> {}]
/\ state = [r2 |-> Leader, r3 |-> Follower, r4 |-> Follower, r1 |-> Switch, r5 |-> NetAgg]
/\ netAggSentCache = << >>
/\ leaderCount = [r2 |-> 1, r3 |-> 0, r4 |-> 0, r1 |-> 0, r5 |-> 0]
/\ entryCommitStats = (<<1, 2>> :> [sentCount |-> 2, ackCount |-> 0, committed |-> FALSE])
/\ commitIndex = [r2 |-> 0, r3 |-> 0, r4 |-> 0, r1 |-> 0, r5 |-> 0]
/\ currentTerm = [r2 |-> 2, r3 |-> 2, r4 |-> 2, r1 |-> 2, r5 |-> 2]
/\ votesResponded = [r2 |-> {"r3", "r4"}, r3 |-> {}, r4 |-> {}, r1 |-> {}, r5 |-> {}]
/\ maxc = 1
/\ nextIndex = [ r2 |-> [r2 |-> 1, r3 |-> 1, r4 |-> 1, r1 |-> 1, r5 |-> 1],
  r3 |-> [r2 |-> 1, r3 |-> 1, r4 |-> 1, r1 |-> 1, r5 |-> 1],
  r4 |-> [r2 |-> 1, r3 |-> 1, r4 |-> 1, r1 |-> 1, r5 |-> 1],
  r1 |-> [r2 |-> 1, r3 |-> 1, r4 |-> 1, r1 |-> 1, r5 |-> 1],
  r5 |-> [r2 |-> 1, r3 |-> 1, r4 |-> 1, r1 |-> 1, r5 |-> 1] ]
/\ votesGranted = [r2 |-> {"r3", "r4"}, r3 |-> {}, r4 |-> {}, r1 |-> {}, r5 |-> {}]
/\ switchBuffer = [v1 |-> [term |-> 2, value |-> "v1", payload |-> "v1"]]
/\ voterLog = [ r2 |-> [r3 |-> <<>>, r4 |-> <<>>],
  r3 |-> << >>,
  r4 |-> << >>,
  r1 |-> << >>,
  r5 |-> << >> ]
/\ votedFor = [r2 |-> Nil, r3 |-> "r2", r4 |-> "r2", r1 |-> Nil, r5 |-> Nil]
/\ unorderedRequests = [r2 |-> {}, r3 |-> {}, r4 |-> {}, r1 |-> {}, r5 |-> {}]

@!@!@ENDMSG 2217 @!@!@
@!@!@STARTMSG 2217:4 @!@!@
7: <MySwitchNext line 634, col 8 to line 634, col 84 of module full>
/\ messages = ( [ mtype |-> AppendEntriesRequest,
    mterm |-> 2,
    msource |-> "r2",
    mdest |-> "r5",
    mprevLogIndex |-> 0,
    mprevLogTerm |-> 0,
    mentries |-> <<[term |-> 2, value |-> "v1"]>>,
    mcommitIndex |-> 0 ] :>
      1 @@
  [ mtype |-> AppendEntriesRequest,
    mterm |-> 2,
    msource |-> "r2",
    mdest |-> "r3",
    mprevLogIndex |-> 0,
    mprevLogTerm |-> 0,
    mentries |-> <<[term |-> 2, value |-> "v1", payload |-> "v1"]>>,
    mlog |-> <<[term |-> 2, value |-> "v1", payload |-> "v1"]>>,
    mcommitIndex |-> 0 ] :>
      2 @@
  [ mtype |-> AppendEntriesRequest,
    mterm |-> 2,
    msource |-> "r2",
    mdest |-> "r4",
    mprevLogIndex |-> 0,
    mprevLogTerm |-> 0,
    mentries |-> <<[term |-> 2, value |-> "v1", payload |-> "v1"]>>,
    mlog |-> <<[term |-> 2, value |-> "v1", payload |-> "v1"]>>,
    mcommitIndex |-> 0 ] :>
      1 )
/\ matchIndex = [ r2 |-> [r2 |-> 0, r3 |-> 0, r4 |-> 0, r1 |-> 0, r5 |-> 0],
  r3 |-> [r2 |-> 0, r3 |-> 0, r4 |-> 0, r1 |-> 0, r5 |-> 0],
  r4 |-> [r2 |-> 0, r3 |-> 0, r4 |-> 0, r1 |-> 0, r5 |-> 0],
  r1 |-> [r2 |-> 0, r3 |-> 0, r4 |-> 0, r1 |-> 0, r5 |-> 0],
  r5 |-> [r2 |-> 0, r3 |-> 0, r4 |-> 0, r1 |-> 0, r5 |-> 0] ]
/\ log = [ r2 |-> <<[term |-> 2, value |-> "v1", payload |-> "v1"]>>,
  r3 |-> <<>>,
  r4 |-> <<>>,
  r1 |-> <<>>,
  r5 |-> <<>> ]
/\ switchSentRecord = [r2 |-> {<<"v1", 2>>}, r3 |-> {}, r4 |-> {}, r1 |-> {}, r5 |-> {}]
/\ state = [r2 |-> Leader, r3 |-> Follower, r4 |-> Follower, r1 |-> Switch, r5 |-> NetAgg]
/\ netAggSentCache = << >>
/\ leaderCount = [r2 |-> 1, r3 |-> 0, r4 |-> 0, r1 |-> 0, r5 |-> 0]
/\ entryCommitStats = (<<1, 2>> :> [sentCount |-> 3, ackCount |-> 0, committed |-> FALSE])
/\ commitIndex = [r2 |-> 0, r3 |-> 0, r4 |-> 0, r1 |-> 0, r5 |-> 0]
/\ currentTerm = [r2 |-> 2, r3 |-> 2, r4 |-> 2, r1 |-> 2, r5 |-> 2]
/\ votesResponded = [r2 |-> {"r3", "r4"}, r3 |-> {}, r4 |-> {}, r1 |-> {}, r5 |-> {}]
/\ maxc = 1
/\ nextIndex = [ r2 |-> [r2 |-> 1, r3 |-> 1, r4 |-> 1, r1 |-> 1, r5 |-> 1],
  r3 |-> [r2 |-> 1, r3 |-> 1, r4 |-> 1, r1 |-> 1, r5 |-> 1],
  r4 |-> [r2 |-> 1, r3 |-> 1, r4 |-> 1, r1 |-> 1, r5 |-> 1],
  r1 |-> [r2 |-> 1, r3 |-> 1, r4 |-> 1, r1 |-> 1, r5 |-> 1],
  r5 |-> [r2 |-> 1, r3 |-> 1, r4 |-> 1, r1 |-> 1, r5 |-> 1] ]
/\ votesGranted = [r2 |-> {"r3", "r4"}, r3 |-> {}, r4 |-> {}, r1 |-> {}, r5 |-> {}]
/\ switchBuffer = [v1 |-> [term |-> 2, value |-> "v1", payload |-> "v1"]]
/\ voterLog = [ r2 |-> [r3 |-> <<>>, r4 |-> <<>>],
  r3 |-> << >>,
  r4 |-> << >>,
  r1 |-> << >>,
  r5 |-> << >> ]
/\ votedFor = [r2 |-> Nil, r3 |-> "r2", r4 |-> "r2", r1 |-> Nil, r5 |-> Nil]
/\ unorderedRequests = [r2 |-> {}, r3 |-> {}, r4 |-> {}, r1 |-> {}, r5 |-> {}]

@!@!@ENDMSG 2217 @!@!@
@!@!@STARTMSG 2217:4 @!@!@
8: <MySwitchNext line 635, col 7 to line 635, col 50 of module full>
/\ messages = ( [ mtype |-> AppendEntriesResponse,
    mterm |-> 2,
    msource |-> "r3",
    mdest |-> "r2",
    msuccess |-> TRUE,
    mmatchIndex |-> 1 ] :>
      1 @@
  [ mtype |-> AppendEntriesRequest,
    mterm |-> 2,
    msource |-> "r2",
    mdest |-> "r5",
    mprevLogIndex |-> 0,
    mprevLogTerm |-> 0,
    mentries |-> <<[term |-> 2, value |-> "v1"]>>,
    mcommitIndex |-> 0 ] :>
      1 @@
  [ mtype |-> AppendEntriesRequest,
    mterm |-> 2,
    msource |-> "r2",
    mdest |-> "r3",
    mprevLogIndex |-> 0,
    mprevLogTerm |-> 0,
    mentries |-> <<[term |-> 2, value |-> "v1", payload |-> "v1"]>>,
    mlog |-> <<[term |-> 2, value |-> "v1", payload |-> "v1"]>>,
    mcommitIndex |-> 0 ] :>
      1 @@
  [ mtype |-> AppendEntriesRequest,
    mterm |-> 2,
    msource |-> "r2",
    mdest |-> "r4",
    mprevLogIndex |-> 0,
    mprevLogTerm |-> 0,
    mentries |-> <<[term |-> 2, value |-> "v1", payload |-> "v1"]>>,
    mlog |-> <<[term |-> 2, value |-> "v1", payload |-> "v1"]>>,
    mcommitIndex |-> 0 ] :>
      1 )
/\ matchIndex = [ r2 |-> [r2 |-> 0, r3 |-> 0, r4 |-> 0, r1 |-> 0, r5 |-> 0],
  r3 |-> [r2 |-> 0, r3 |-> 0, r4 |-> 0, r1 |-> 0, r5 |-> 0],
  r4 |-> [r2 |-> 0, r3 |-> 0, r4 |-> 0, r1 |-> 0, r5 |-> 0],
  r1 |-> [r2 |-> 0, r3 |-> 0, r4 |-> 0, r1 |-> 0, r5 |-> 0],
  r5 |-> [r2 |-> 0, r3 |-> 0, r4 |-> 0, r1 |-> 0, r5 |-> 0] ]
/\ log = [ r2 |-> <<[term |-> 2, value |-> "v1", payload |-> "v1"]>>,
  r3 |-> <<[term |-> 2, value |-> "v1", payload |-> "v1"]>>,
  r4 |-> <<>>,
  r1 |-> <<>>,
  r5 |-> <<>> ]
/\ switchSentRecord = [r2 |-> {<<"v1", 2>>}, r3 |-> {}, r4 |-> {}, r1 |-> {}, r5 |-> {}]
/\ state = [r2 |-> Leader, r3 |-> Follower, r4 |-> Follower, r1 |-> Switch, r5 |-> NetAgg]
/\ netAggSentCache = << >>
/\ leaderCount = [r2 |-> 1, r3 |-> 0, r4 |-> 0, r1 |-> 0, r5 |-> 0]
/\ entryCommitStats = (<<1, 2>> :> [sentCount |-> 3, ackCount |-> 0, committed |-> FALSE])
/\ commitIndex = [r2 |-> 0, r3 |-> 0, r4 |-> 0, r1 |-> 0, r5 |-> 0]
/\ currentTerm = [r2 |-> 2, r3 |-> 2, r4 |-> 2, r1 |-> 2, r5 |-> 2]
/\ votesResponded = [r2 |-> {"r3", "r4"}, r3 |-> {}, r4 |-> {}, r1 |-> {}, r5 |-> {}]
/\ maxc = 1
/\ nextIndex = [ r2 |-> [r2 |-> 1, r3 |-> 1, r4 |-> 1, r1 |-> 1, r5 |-> 1],
  r3 |-> [r2 |-> 1, r3 |-> 1, r4 |-> 1, r1 |-> 1, r5 |-> 1],
  r4 |-> [r2 |-> 1, r3 |-> 1, r4 |-> 1, r1 |-> 1, r5 |-> 1],
  r1 |-> [r2 |-> 1, r3 |-> 1, r4 |-> 1, r1 |-> 1, r5 |-> 1],
  r5 |-> [r2 |-> 1, r3 |-> 1, r4 |-> 1, r1 |-> 1, r5 |-> 1] ]
/\ votesGranted = [r2 |-> {"r3", "r4"}, r3 |-> {}, r4 |-> {}, r1 |-> {}, r5 |-> {}]
/\ switchBuffer = [v1 |-> [term |-> 2, value |-> "v1", payload |-> "v1"]]
/\ voterLog = [ r2 |-> [r3 |-> <<>>, r4 |-> <<>>],
  r3 |-> << >>,
  r4 |-> << >>,
  r1 |-> << >>,
  r5 |-> << >> ]
/\ votedFor = [r2 |-> Nil, r3 |-> "r2", r4 |-> "r2", r1 |-> Nil, r5 |-> Nil]
/\ unorderedRequests = [r2 |-> {}, r3 |-> {}, r4 |-> {}, r1 |-> {}, r5 |-> {}]

@!@!@ENDMSG 2217 @!@!@
@!@!@STARTMSG 2217:4 @!@!@
9: <MySwitchNext line 635, col 7 to line 635, col 50 of module full>
/\ messages = ( [ mtype |-> AppendEntriesResponse,
    mterm |-> 2,
    msource |-> "r3",
    mdest |-> "r2",
    msuccess |-> TRUE,
    mmatchIndex |-> 1 ] :>
      2 @@
  [ mtype |-> AppendEntriesRequest,
    mterm |-> 2,
    msource |-> "r2",
    mdest |-> "r5",
    mprevLogIndex |-> 0,
    mprevLogTerm |-> 0,
    mentries |-> <<[term |-> 2, value |-> "v1"]>>,
    mcommitIndex |-> 0 ] :>
      1 @@
  [ mtype |-> AppendEntriesRequest,
    mterm |-> 2,
    msource |-> "r2",
    mdest |-> "r3",
    mprevLogIndex |-> 0,
    mprevLogTerm |-> 0,
    mentries |-> <<[term |-> 2, value |-> "v1", payload |-> "v1"]>>,
    mlog |-> <<[term |-> 2, value |-> "v1", payload |-> "v1"]>>,
    mcommitIndex |-> 0 ] :>
      0 @@
  [ mtype |-> AppendEntriesRequest,
    mterm |-> 2,
    msource |-> "r2",
    mdest |-> "r4",
    mprevLogIndex |-> 0,
    mprevLogTerm |-> 0,
    mentries |-> <<[term |-> 2, value |-> "v1", payload |-> "v1"]>>,
    mlog |-> <<[term |-> 2, value |-> "v1", payload |-> "v1"]>>,
    mcommitIndex |-> 0 ] :>
      1 )
/\ matchIndex = [ r2 |-> [r2 |-> 0, r3 |-> 0, r4 |-> 0, r1 |-> 0, r5 |-> 0],
  r3 |-> [r2 |-> 0, r3 |-> 0, r4 |-> 0, r1 |-> 0, r5 |-> 0],
  r4 |-> [r2 |-> 0, r3 |-> 0, r4 |-> 0, r1 |-> 0, r5 |-> 0],
  r1 |-> [r2 |-> 0, r3 |-> 0, r4 |-> 0, r1 |-> 0, r5 |-> 0],
  r5 |-> [r2 |-> 0, r3 |-> 0, r4 |-> 0, r1 |-> 0, r5 |-> 0] ]
/\ log = [ r2 |-> <<[term |-> 2, value |-> "v1", payload |-> "v1"]>>,
  r3 |-> <<[term |-> 2, value |-> "v1", payload |-> "v1"]>>,
  r4 |-> <<>>,
  r1 |-> <<>>,
  r5 |-> <<>> ]
/\ switchSentRecord = [r2 |-> {<<"v1", 2>>}, r3 |-> {}, r4 |-> {}, r1 |-> {}, r5 |-> {}]
/\ state = [r2 |-> Leader, r3 |-> Follower, r4 |-> Follower, r1 |-> Switch, r5 |-> NetAgg]
/\ netAggSentCache = << >>
/\ leaderCount = [r2 |-> 1, r3 |-> 0, r4 |-> 0, r1 |-> 0, r5 |-> 0]
/\ entryCommitStats = (<<1, 2>> :> [sentCount |-> 3, ackCount |-> 0, committed |-> FALSE])
/\ commitIndex = [r2 |-> 0, r3 |-> 0, r4 |-> 0, r1 |-> 0, r5 |-> 0]
/\ currentTerm = [r2 |-> 2, r3 |-> 2, r4 |-> 2, r1 |-> 2, r5 |-> 2]
/\ votesResponded = [r2 |-> {"r3", "r4"}, r3 |-> {}, r4 |-> {}, r1 |-> {}, r5 |-> {}]
/\ maxc = 1
/\ nextIndex = [ r2 |-> [r2 |-> 1, r3 |-> 1, r4 |-> 1, r1 |-> 1, r5 |-> 1],
  r3 |-> [r2 |-> 1, r3 |-> 1, r4 |-> 1, r1 |-> 1, r5 |-> 1],
  r4 |-> [r2 |-> 1, r3 |-> 1, r4 |-> 1, r1 |-> 1, r5 |-> 1],
  r1 |-> [r2 |-> 1, r3 |-> 1, r4 |-> 1, r1 |-> 1, r5 |-> 1],
  r5 |-> [r2 |-> 1, r3 |-> 1, r4 |-> 1, r1 |-> 1, r5 |-> 1] ]
/\ votesGranted = [r2 |-> {"r3", "r4"}, r3 |-> {}, r4 |-> {}, r1 |-> {}, r5 |-> {}]
/\ switchBuffer = [v1 |-> [term |-> 2, value |-> "v1", payload |-> "v1"]]
/\ voterLog = [ r2 |-> [r3 |-> <<>>, r4 |-> <<>>],
  r3 |-> << >>,
  r4 |-> << >>,
  r1 |-> << >>,
  r5 |-> << >> ]
/\ votedFor = [r2 |-> Nil, r3 |-> "r2", r4 |-> "r2", r1 |-> Nil, r5 |-> Nil]
/\ unorderedRequests = [r2 |-> {}, r3 |-> {}, r4 |-> {}, r1 |-> {}, r5 |-> {}]

@!@!@ENDMSG 2217 @!@!@
@!@!@STARTMSG 2217:4 @!@!@
10: <MySwitchNext line 635, col 7 to line 635, col 50 of module full>
/\ messages = ( [ mtype |-> AppendEntriesResponse,
    mterm |-> 2,
    msource |-> "r3",
    mdest |-> "r2",
    msuccess |-> TRUE,
    mmatchIndex |-> 1 ] :>
      1 @@
  [ mtype |-> AppendEntriesRequest,
    mterm |-> 2,
    msource |-> "r2",
    mdest |-> "r5",
    mprevLogIndex |-> 0,
    mprevLogTerm |-> 0,
    mentries |-> <<[term |-> 2, value |-> "v1"]>>,
    mcommitIndex |-> 0 ] :>
      1 @@
  [ mtype |-> AppendEntriesRequest,
    mterm |-> 2,
    msource |-> "r2",
    mdest |-> "r3",
    mprevLogIndex |-> 0,
    mprevLogTerm |-> 0,
    mentries |-> <<[term |-> 2, value |-> "v1", payload |-> "v1"]>>,
    mlog |-> <<[term |-> 2, value |-> "v1", payload |-> "v1"]>>,
    mcommitIndex |-> 0 ] :>
      0 @@
  [ mtype |-> AppendEntriesRequest,
    mterm |-> 2,
    msource |-> "r2",
    mdest |-> "r4",
    mprevLogIndex |-> 0,
    mprevLogTerm |-> 0,
    mentries |-> <<[term |-> 2, value |-> "v1", payload |-> "v1"]>>,
    mlog |-> <<[term |-> 2, value |-> "v1", payload |-> "v1"]>>,
    mcommitIndex |-> 0 ] :>
      1 )
/\ matchIndex = [ r2 |-> [r2 |-> 0, r3 |-> 1, r4 |-> 0, r1 |-> 0, r5 |-> 0],
  r3 |-> [r2 |-> 0, r3 |-> 0, r4 |-> 0, r1 |-> 0, r5 |-> 0],
  r4 |-> [r2 |-> 0, r3 |-> 0, r4 |-> 0, r1 |-> 0, r5 |-> 0],
  r1 |-> [r2 |-> 0, r3 |-> 0, r4 |-> 0, r1 |-> 0, r5 |-> 0],
  r5 |-> [r2 |-> 0, r3 |-> 0, r4 |-> 0, r1 |-> 0, r5 |-> 0] ]
/\ log = [ r2 |-> <<[term |-> 2, value |-> "v1", payload |-> "v1"]>>,
  r3 |-> <<[term |-> 2, value |-> "v1", payload |-> "v1"]>>,
  r4 |-> <<>>,
  r1 |-> <<>>,
  r5 |-> <<>> ]
/\ switchSentRecord = [r2 |-> {<<"v1", 2>>}, r3 |-> {}, r4 |-> {}, r1 |-> {}, r5 |-> {}]
/\ state = [r2 |-> Leader, r3 |-> Follower, r4 |-> Follower, r1 |-> Switch, r5 |-> NetAgg]
/\ netAggSentCache = << >>
/\ leaderCount = [r2 |-> 1, r3 |-> 0, r4 |-> 0, r1 |-> 0, r5 |-> 0]
/\ entryCommitStats = (<<1, 2>> :> [sentCount |-> 3, ackCount |-> 1, committed |-> FALSE])
/\ commitIndex = [r2 |-> 0, r3 |-> 0, r4 |-> 0, r1 |-> 0, r5 |-> 0]
/\ currentTerm = [r2 |-> 2, r3 |-> 2, r4 |-> 2, r1 |-> 2, r5 |-> 2]
/\ votesResponded = [r2 |-> {"r3", "r4"}, r3 |-> {}, r4 |-> {}, r1 |-> {}, r5 |-> {}]
/\ maxc = 1
/\ nextIndex = [ r2 |-> [r2 |-> 1, r3 |-> 2, r4 |-> 1, r1 |-> 1, r5 |-> 1],
  r3 |-> [r2 |-> 1, r3 |-> 1, r4 |-> 1, r1 |-> 1, r5 |-> 1],
  r4 |-> [r2 |-> 1, r3 |-> 1, r4 |-> 1, r1 |-> 1, r5 |-> 1],
  r1 |-> [r2 |-> 1, r3 |-> 1, r4 |-> 1, r1 |-> 1, r5 |-> 1],
  r5 |-> [r2 |-> 1, r3 |-> 1, r4 |-> 1, r1 |-> 1, r5 |-> 1] ]
/\ votesGranted = [r2 |-> {"r3", "r4"}, r3 |-> {}, r4 |-> {}, r1 |-> {}, r5 |-> {}]
/\ switchBuffer = [v1 |-> [term |-> 2, value |-> "v1", payload |-> "v1"]]
/\ voterLog = [ r2 |-> [r3 |-> <<>>, r4 |-> <<>>],
  r3 |-> << >>,
  r4 |-> << >>,
  r1 |-> << >>,
  r5 |-> << >> ]
/\ votedFor = [r2 |-> Nil, r3 |-> "r2", r4 |-> "r2", r1 |-> Nil, r5 |-> Nil]
/\ unorderedRequests = [r2 |-> {}, r3 |-> {}, r4 |-> {}, r1 |-> {}, r5 |-> {}]

@!@!@ENDMSG 2217 @!@!@
@!@!@STARTMSG 2217:4 @!@!@
11: <MySwitchNext line 635, col 7 to line 635, col 50 of module full>
/\ messages = ( [ mtype |-> AppendEntriesResponse,
    mterm |-> 2,
    msource |-> "r3",
    mdest |-> "r2",
    msuccess |-> TRUE,
    mmatchIndex |-> 1 ] :>
      0 @@
  [ mtype |-> AppendEntriesRequest,
    mterm |-> 2,
    msource |-> "r2",
    mdest |-> "r5",
    mprevLogIndex |-> 0,
    mprevLogTerm |-> 0,
    mentries |-> <<[term |-> 2, value |-> "v1"]>>,
    mcommitIndex |-> 0 ] :>
      1 @@
  [ mtype |-> AppendEntriesRequest,
    mterm |-> 2,
    msource |-> "r2",
    mdest |-> "r3",
    mprevLogIndex |-> 0,
    mprevLogTerm |-> 0,
    mentries |-> <<[term |-> 2, value |-> "v1", payload |-> "v1"]>>,
    mlog |-> <<[term |-> 2, value |-> "v1", payload |-> "v1"]>>,
    mcommitIndex |-> 0 ] :>
      0 @@
  [ mtype |-> AppendEntriesRequest,
    mterm |-> 2,
    msource |-> "r2",
    mdest |-> "r4",
    mprevLogIndex |-> 0,
    mprevLogTerm |-> 0,
    mentries |-> <<[term |-> 2, value |-> "v1", payload |-> "v1"]>>,
    mlog |-> <<[term |-> 2, value |-> "v1", payload |-> "v1"]>>,
    mcommitIndex |-> 0 ] :>
      1 )
/\ matchIndex = [ r2 |-> [r2 |-> 0, r3 |-> 1, r4 |-> 0, r1 |-> 0, r5 |-> 0],
  r3 |-> [r2 |-> 0, r3 |-> 0, r4 |-> 0, r1 |-> 0, r5 |-> 0],
  r4 |-> [r2 |-> 0, r3 |-> 0, r4 |-> 0, r1 |-> 0, r5 |-> 0],
  r1 |-> [r2 |-> 0, r3 |-> 0, r4 |-> 0, r1 |-> 0, r5 |-> 0],
  r5 |-> [r2 |-> 0, r3 |-> 0, r4 |-> 0, r1 |-> 0, r5 |-> 0] ]
/\ log = [ r2 |-> <<[term |-> 2, value |-> "v1", payload |-> "v1"]>>,
  r3 |-> <<[term |-> 2, value |-> "v1", payload |-> "v1"]>>,
  r4 |-> <<>>,
  r1 |-> <<>>,
  r5 |-> <<>> ]
/\ switchSentRecord = [r2 |-> {<<"v1", 2>>}, r3 |-> {}, r4 |-> {}, r1 |-> {}, r5 |-> {}]
/\ state = [r2 |-> Leader, r3 |-> Follower, r4 |-> Follower, r1 |-> Switch, r5 |-> NetAgg]
/\ netAggSentCache = << >>
/\ leaderCount = [r2 |-> 1, r3 |-> 0, r4 |-> 0, r1 |-> 0, r5 |-> 0]
/\ entryCommitStats = (<<1, 2>> :> [sentCount |-> 3, ackCount |-> 2, committed |-> FALSE])
/\ commitIndex = [r2 |-> 0, r3 |-> 0, r4 |-> 0, r1 |-> 0, r5 |-> 0]
/\ currentTerm = [r2 |-> 2, r3 |-> 2, r4 |-> 2, r1 |-> 2, r5 |-> 2]
/\ votesResponded = [r2 |-> {"r3", "r4"}, r3 |-> {}, r4 |-> {}, r1 |-> {}, r5 |-> {}]
/\ maxc = 1
/\ nextIndex = [ r2 |-> [r2 |-> 1, r3 |-> 2, r4 |-> 1, r1 |-> 1, r5 |-> 1],
  r3 |-> [r2 |-> 1, r3 |-> 1, r4 |-> 1, r1 |-> 1, r5 |-> 1],
  r4 |-> [r2 |-> 1, r3 |-> 1, r4 |-> 1, r1 |-> 1, r5 |-> 1],
  r1 |-> [r2 |-> 1, r3 |-> 1, r4 |-> 1, r1 |-> 1, r5 |-> 1],
  r5 |-> [r2 |-> 1, r3 |-> 1, r4 |-> 1, r1 |-> 1, r5 |-> 1] ]
/\ votesGranted = [r2 |-> {"r3", "r4"}, r3 |-> {}, r4 |-> {}, r1 |-> {}, r5 |-> {}]
/\ switchBuffer = [v1 |-> [term |-> 2, value |-> "v1", payload |-> "v1"]]
/\ voterLog = [ r2 |-> [r3 |-> <<>>, r4 |-> <<>>],
  r3 |-> << >>,
  r4 |-> << >>,
  r1 |-> << >>,
  r5 |-> << >> ]
/\ votedFor = [r2 |-> Nil, r3 |-> "r2", r4 |-> "r2", r1 |-> Nil, r5 |-> Nil]
/\ unorderedRequests = [r2 |-> {}, r3 |-> {}, r4 |-> {}, r1 |-> {}, r5 |-> {}]

@!@!@ENDMSG 2217 @!@!@
@!@!@STARTMSG 2217:4 @!@!@
12: <MySwitchNext line 635, col 7 to line 635, col 50 of module full>
/\ messages = ( [ mtype |-> AppendEntriesResponse,
    mterm |-> 2,
    msource |-> "r3",
    mdest |-> "r2",
    msuccess |-> TRUE,
    mmatchIndex |-> 1 ] :>
      0 @@
  [ mtype |-> AppendEntriesResponse,
    mterm |-> 2,
    msource |-> "r4",
    mdest |-> "r2",
    msuccess |-> TRUE,
    mmatchIndex |-> 1 ] :>
      1 @@
  [ mtype |-> AppendEntriesRequest,
    mterm |-> 2,
    msource |-> "r2",
    mdest |-> "r5",
    mprevLogIndex |-> 0,
    mprevLogTerm |-> 0,
    mentries |-> <<[term |-> 2, value |-> "v1"]>>,
    mcommitIndex |-> 0 ] :>
      1 @@
  [ mtype |-> AppendEntriesRequest,
    mterm |-> 2,
    msource |-> "r2",
    mdest |-> "r3",
    mprevLogIndex |-> 0,
    mprevLogTerm |-> 0,
    mentries |-> <<[term |-> 2, value |-> "v1", payload |-> "v1"]>>,
    mlog |-> <<[term |-> 2, value |-> "v1", payload |-> "v1"]>>,
    mcommitIndex |-> 0 ] :>
      0 @@
  [ mtype |-> AppendEntriesRequest,
    mterm |-> 2,
    msource |-> "r2",
    mdest |-> "r4",
    mprevLogIndex |-> 0,
    mprevLogTerm |-> 0,
    mentries |-> <<[term |-> 2, value |-> "v1", payload |-> "v1"]>>,
    mlog |-> <<[term |-> 2, value |-> "v1", payload |-> "v1"]>>,
    mcommitIndex |-> 0 ] :>
      0 )
/\ matchIndex = [ r2 |-> [r2 |-> 0, r3 |-> 1, r4 |-> 0, r1 |-> 0, r5 |-> 0],
  r3 |-> [r2 |-> 0, r3 |-> 0, r4 |-> 0, r1 |-> 0, r5 |-> 0],
  r4 |-> [r2 |-> 0, r3 |-> 0, r4 |-> 0, r1 |-> 0, r5 |-> 0],
  r1 |-> [r2 |-> 0, r3 |-> 0, r4 |-> 0, r1 |-> 0, r5 |-> 0],
  r5 |-> [r2 |-> 0, r3 |-> 0, r4 |-> 0, r1 |-> 0, r5 |-> 0] ]
/\ log = [ r2 |-> <<[term |-> 2, value |-> "v1", payload |-> "v1"]>>,
  r3 |-> <<[term |-> 2, value |-> "v1", payload |-> "v1"]>>,
  r4 |-> <<[term |-> 2, value |-> "v1", payload |-> "v1"]>>,
  r1 |-> <<>>,
  r5 |-> <<>> ]
/\ switchSentRecord = [r2 |-> {<<"v1", 2>>}, r3 |-> {}, r4 |-> {}, r1 |-> {}, r5 |-> {}]
/\ state = [r2 |-> Leader, r3 |-> Follower, r4 |-> Follower, r1 |-> Switch, r5 |-> NetAgg]
/\ netAggSentCache = << >>
/\ leaderCount = [r2 |-> 1, r3 |-> 0, r4 |-> 0, r1 |-> 0, r5 |-> 0]
/\ entryCommitStats = (<<1, 2>> :> [sentCount |-> 3, ackCount |-> 2, committed |-> FALSE])
/\ commitIndex = [r2 |-> 0, r3 |-> 0, r4 |-> 0, r1 |-> 0, r5 |-> 0]
/\ currentTerm = [r2 |-> 2, r3 |-> 2, r4 |-> 2, r1 |-> 2, r5 |-> 2]
/\ votesResponded = [r2 |-> {"r3", "r4"}, r3 |-> {}, r4 |-> {}, r1 |-> {}, r5 |-> {}]
/\ maxc = 1
/\ nextIndex = [ r2 |-> [r2 |-> 1, r3 |-> 2, r4 |-> 1, r1 |-> 1, r5 |-> 1],
  r3 |-> [r2 |-> 1, r3 |-> 1, r4 |-> 1, r1 |-> 1, r5 |-> 1],
  r4 |-> [r2 |-> 1, r3 |-> 1, r4 |-> 1, r1 |-> 1, r5 |-> 1],
  r1 |-> [r2 |-> 1, r3 |-> 1, r4 |-> 1, r1 |-> 1, r5 |-> 1],
  r5 |-> [r2 |-> 1, r3 |-> 1, r4 |-> 1, r1 |-> 1, r5 |-> 1] ]
/\ votesGranted = [r2 |-> {"r3", "r4"}, r3 |-> {}, r4 |-> {}, r1 |-> {}, r5 |-> {}]
/\ switchBuffer = [v1 |-> [term |-> 2, value |-> "v1", payload |-> "v1"]]
/\ voterLog = [ r2 |-> [r3 |-> <<>>, r4 |-> <<>>],
  r3 |-> << >>,
  r4 |-> << >>,
  r1 |-> << >>,
  r5 |-> << >> ]
/\ votedFor = [r2 |-> Nil, r3 |-> "r2", r4 |-> "r2", r1 |-> Nil, r5 |-> Nil]
/\ unorderedRequests = [r2 |-> {}, r3 |-> {}, r4 |-> {}, r1 |-> {}, r5 |-> {}]

@!@!@ENDMSG 2217 @!@!@
@!@!@STARTMSG 2217:4 @!@!@
13: <MySwitchNext line 635, col 7 to line 635, col 50 of module full>
/\ messages = ( [ mtype |-> AppendEntriesResponse,
    mterm |-> 2,
    msource |-> "r3",
    mdest |-> "r2",
    msuccess |-> TRUE,
    mmatchIndex |-> 1 ] :>
      0 @@
  [ mtype |-> AppendEntriesResponse,
    mterm |-> 2,
    msource |-> "r4",
    mdest |-> "r2",
    msuccess |-> TRUE,
    mmatchIndex |-> 1 ] :>
      0 @@
  [ mtype |-> AppendEntriesRequest,
    mterm |-> 2,
    msource |-> "r2",
    mdest |-> "r5",
    mprevLogIndex |-> 0,
    mprevLogTerm |-> 0,
    mentries |-> <<[term |-> 2, value |-> "v1"]>>,
    mcommitIndex |-> 0 ] :>
      1 @@
  [ mtype |-> AppendEntriesRequest,
    mterm |-> 2,
    msource |-> "r2",
    mdest |-> "r3",
    mprevLogIndex |-> 0,
    mprevLogTerm |-> 0,
    mentries |-> <<[term |-> 2, value |-> "v1", payload |-> "v1"]>>,
    mlog |-> <<[term |-> 2, value |-> "v1", payload |-> "v1"]>>,
    mcommitIndex |-> 0 ] :>
      0 @@
  [ mtype |-> AppendEntriesRequest,
    mterm |-> 2,
    msource |-> "r2",
    mdest |-> "r4",
    mprevLogIndex |-> 0,
    mprevLogTerm |-> 0,
    mentries |-> <<[term |-> 2, value |-> "v1", payload |-> "v1"]>>,
    mlog |-> <<[term |-> 2, value |-> "v1", payload |-> "v1"]>>,
    mcommitIndex |-> 0 ] :>
      0 )
/\ matchIndex = [ r2 |-> [r2 |-> 0, r3 |-> 1, r4 |-> 1, r1 |-> 0, r5 |-> 0],
  r3 |-> [r2 |-> 0, r3 |-> 0, r4 |-> 0, r1 |-> 0, r5 |-> 0],
  r4 |-> [r2 |-> 0, r3 |-> 0, r4 |-> 0, r1 |-> 0, r5 |-> 0],
  r1 |-> [r2 |-> 0, r3 |-> 0, r4 |-> 0, r1 |-> 0, r5 |-> 0],
  r5 |-> [r2 |-> 0, r3 |-> 0, r4 |-> 0, r1 |-> 0, r5 |-> 0] ]
/\ log = [ r2 |-> <<[term |-> 2, value |-> "v1", payload |-> "v1"]>>,
  r3 |-> <<[term |-> 2, value |-> "v1", payload |-> "v1"]>>,
  r4 |-> <<[term |-> 2, value |-> "v1", payload |-> "v1"]>>,
  r1 |-> <<>>,
  r5 |-> <<>> ]
/\ switchSentRecord = [r2 |-> {<<"v1", 2>>}, r3 |-> {}, r4 |-> {}, r1 |-> {}, r5 |-> {}]
/\ state = [r2 |-> Leader, r3 |-> Follower, r4 |-> Follower, r1 |-> Switch, r5 |-> NetAgg]
/\ netAggSentCache = << >>
/\ leaderCount = [r2 |-> 1, r3 |-> 0, r4 |-> 0, r1 |-> 0, r5 |-> 0]
/\ entryCommitStats = (<<1, 2>> :> [sentCount |-> 3, ackCount |-> 3, committed |-> FALSE])
/\ commitIndex = [r2 |-> 0, r3 |-> 0, r4 |-> 0, r1 |-> 0, r5 |-> 0]
/\ currentTerm = [r2 |-> 2, r3 |-> 2, r4 |-> 2, r1 |-> 2, r5 |-> 2]
/\ votesResponded = [r2 |-> {"r3", "r4"}, r3 |-> {}, r4 |-> {}, r1 |-> {}, r5 |-> {}]
/\ maxc = 1
/\ nextIndex = [ r2 |-> [r2 |-> 1, r3 |-> 2, r4 |-> 2, r1 |-> 1, r5 |-> 1],
  r3 |-> [r2 |-> 1, r3 |-> 1, r4 |-> 1, r1 |-> 1, r5 |-> 1],
  r4 |-> [r2 |-> 1, r3 |-> 1, r4 |-> 1, r1 |-> 1, r5 |-> 1],
  r1 |-> [r2 |-> 1, r3 |-> 1, r4 |-> 1, r1 |-> 1, r5 |-> 1],
  r5 |-> [r2 |-> 1, r3 |-> 1, r4 |-> 1, r1 |-> 1, r5 |-> 1] ]
/\ votesGranted = [r2 |-> {"r3", "r4"}, r3 |-> {}, r4 |-> {}, r1 |-> {}, r5 |-> {}]
/\ switchBuffer = [v1 |-> [term |-> 2, value |-> "v1", payload |-> "v1"]]
/\ voterLog = [ r2 |-> [r3 |-> <<>>, r4 |-> <<>>],
  r3 |-> << >>,
  r4 |-> << >>,
  r1 |-> << >>,
  r5 |-> << >> ]
/\ votedFor = [r2 |-> Nil, r3 |-> "r2", r4 |-> "r2", r1 |-> Nil, r5 |-> Nil]
/\ unorderedRequests = [r2 |-> {}, r3 |-> {}, r4 |-> {}, r1 |-> {}, r5 |-> {}]

@!@!@ENDMSG 2217 @!@!@
@!@!@STARTMSG 2217:4 @!@!@
14: <MySwitchNext line 632, col 33 to line 632, col 80 of module full>
/\ messages = ( [ mtype |-> AppendEntriesResponse,
    mterm |-> 2,
    msource |-> "r3",
    mdest |-> "r2",
    msuccess |-> TRUE,
    mmatchIndex |-> 1 ] :>
      0 @@
  [ mtype |-> AppendEntriesResponse,
    mterm |-> 2,
    msource |-> "r4",
    mdest |-> "r2",
    msuccess |-> TRUE,
    mmatchIndex |-> 1 ] :>
      0 @@
  [ mtype |-> AppendEntriesRequest,
    mterm |-> 2,
    msource |-> "r2",
    mdest |-> "r5",
    mprevLogIndex |-> 0,
    mprevLogTerm |-> 0,
    mentries |-> <<[term |-> 2, value |-> "v1"]>>,
    mcommitIndex |-> 0 ] :>
      1 @@
  [ mtype |-> AppendEntriesRequest,
    mterm |-> 2,
    msource |-> "r2",
    mdest |-> "r3",
    mprevLogIndex |-> 0,
    mprevLogTerm |-> 0,
    mentries |-> <<[term |-> 2, value |-> "v1", payload |-> "v1"]>>,
    mlog |-> <<[term |-> 2, value |-> "v1", payload |-> "v1"]>>,
    mcommitIndex |-> 0 ] :>
      0 @@
  [ mtype |-> AppendEntriesRequest,
    mterm |-> 2,
    msource |-> "r2",
    mdest |-> "r4",
    mprevLogIndex |-> 0,
    mprevLogTerm |-> 0,
    mentries |-> <<[term |-> 2, value |-> "v1", payload |-> "v1"]>>,
    mlog |-> <<[term |-> 2, value |-> "v1", payload |-> "v1"]>>,
    mcommitIndex |-> 0 ] :>
      0 )
/\ matchIndex = [ r2 |-> [r2 |-> 0, r3 |-> 1, r4 |-> 1, r1 |-> 0, r5 |-> 0],
  r3 |-> [r2 |-> 0, r3 |-> 0, r4 |-> 0, r1 |-> 0, r5 |-> 0],
  r4 |-> [r2 |-> 0, r3 |-> 0, r4 |-> 0, r1 |-> 0, r5 |-> 0],
  r1 |-> [r2 |-> 0, r3 |-> 0, r4 |-> 0, r1 |-> 0, r5 |-> 0],
  r5 |-> [r2 |-> 0, r3 |-> 0, r4 |-> 0, r1 |-> 0, r5 |-> 0] ]
/\ log = [ r2 |-> <<[term |-> 2, value |-> "v1", payload |-> "v1"]>>,
  r3 |-> <<[term |-> 2, value |-> "v1", payload |-> "v1"]>>,
  r4 |-> <<[term |-> 2, value |-> "v1", payload |-> "v1"]>>,
  r1 |-> <<>>,
  r5 |-> <<>> ]
/\ switchSentRecord = [r2 |-> {<<"v1", 2>>}, r3 |-> {}, r4 |-> {}, r1 |-> {}, r5 |-> {}]
/\ state = [r2 |-> Leader, r3 |-> Follower, r4 |-> Follower, r1 |-> Switch, r5 |-> NetAgg]
/\ netAggSentCache = << >>
/\ leaderCount = [r2 |-> 1, r3 |-> 0, r4 |-> 0, r1 |-> 0, r5 |-> 0]
/\ entryCommitStats = (<<1, 2>> :> [sentCount |-> 3, ackCount |-> 3, committed |-> TRUE])
/\ commitIndex = [r2 |-> 1, r3 |-> 0, r4 |-> 0, r1 |-> 0, r5 |-> 0]
/\ currentTerm = [r2 |-> 2, r3 |-> 2, r4 |-> 2, r1 |-> 2, r5 |-> 2]
/\ votesResponded = [r2 |-> {"r3", "r4"}, r3 |-> {}, r4 |-> {}, r1 |-> {}, r5 |-> {}]
/\ maxc = 1
/\ nextIndex = [ r2 |-> [r2 |-> 1, r3 |-> 2, r4 |-> 2, r1 |-> 1, r5 |-> 1],
  r3 |-> [r2 |-> 1, r3 |-> 1, r4 |-> 1, r1 |-> 1, r5 |-> 1],
  r4 |-> [r2 |-> 1, r3 |-> 1, r4 |-> 1, r1 |-> 1, r5 |-> 1],
  r1 |-> [r2 |-> 1, r3 |-> 1, r4 |-> 1, r1 |-> 1, r5 |-> 1],
  r5 |-> [r2 |-> 1, r3 |-> 1, r4 |-> 1, r1 |-> 1, r5 |-> 1] ]
/\ votesGranted = [r2 |-> {"r3", "r4"}, r3 |-> {}, r4 |-> {}, r1 |-> {}, r5 |-> {}]
/\ switchBuffer = [v1 |-> [term |-> 2, value |-> "v1", payload |-> "v1"]]
/\ voterLog = [ r2 |-> [r3 |-> <<>>, r4 |-> <<>>],
  r3 |-> << >>,
  r4 |-> << >>,
  r1 |-> << >>,
  r5 |-> << >> ]
/\ votedFor = [r2 |-> Nil, r3 |-> "r2", r4 |-> "r2", r1 |-> Nil, r5 |-> Nil]
/\ unorderedRequests = [r2 |-> {}, r3 |-> {}, r4 |-> {}, r1 |-> {}, r5 |-> {}]

@!@!@ENDMSG 2217 @!@!@
@!@!@STARTMSG 2201:0 @!@!@
The coverage statistics at 2025-05-26 03:54:59
@!@!@ENDMSG 2201 @!@!@
@!@!@STARTMSG 2773:0 @!@!@
<MyInit line 139, col 1 to line 139, col 6 of module full>: 2:2
@!@!@ENDMSG 2773 @!@!@
@!@!@STARTMSG 2221:0 @!@!@
  line 143, col 7 to line 167, col 85 of module full: 2
@!@!@ENDMSG 2221 @!@!@
@!@!@STARTMSG 2772:0 @!@!@
<MySwitchNext line 623, col 1 to line 623, col 12 of module full (625 8 625 70)>: 7:9967
@!@!@ENDMSG 2772 @!@!@
@!@!@STARTMSG 2221:0 @!@!@
  line 625, col 8 to line 625, col 26 of module full: 515660
@!@!@ENDMSG 2221 @!@!@
@!@!@STARTMSG 2221:0 @!@!@
  |line 625, col 8 to line 625, col 17 of module full: 505693
@!@!@ENDMSG 2221 @!@!@
@!@!@STARTMSG 2221:0 @!@!@
  |line 625, col 21 to line 625, col 26 of module full: 505693
@!@!@ENDMSG 2221 @!@!@
@!@!@STARTMSG 2221:0 @!@!@
  line 250, col 8 to line 250, col 23 of module full: 178532
@!@!@ENDMSG 2221 @!@!@
@!@!@STARTMSG 2221:0 @!@!@
  |line 250, col 8 to line 250, col 9 of module full: 168565
@!@!@ENDMSG 2221 @!@!@
@!@!@STARTMSG 2221:0 @!@!@
  |line 250, col 13 to line 250, col 23 of module full: 168565
@!@!@ENDMSG 2221 @!@!@
@!@!@STARTMSG 2221:0 @!@!@
  line 251, col 8 to line 251, col 22 of module full: 178532
@!@!@ENDMSG 2221 @!@!@
@!@!@STARTMSG 2221:0 @!@!@
  |line 251, col 8 to line 251, col 10 of module full: 168565
@!@!@ENDMSG 2221 @!@!@
@!@!@STARTMSG 2221:0 @!@!@
  |line 251, col 16 to line 251, col 22 of module full: 168565
@!@!@ENDMSG 2221 @!@!@
@!@!@STARTMSG 2221:0 @!@!@
  line 252, col 8 to line 252, col 26 of module full: 178532
@!@!@ENDMSG 2221 @!@!@
@!@!@STARTMSG 2221:0 @!@!@
  |line 252, col 8 to line 252, col 17 of module full: 168565
@!@!@ENDMSG 2221 @!@!@
@!@!@STARTMSG 2221:0 @!@!@
  |line 252, col 21 to line 252, col 26 of module full: 168565
@!@!@ENDMSG 2221 @!@!@
@!@!@STARTMSG 2221:0 @!@!@
  line 253, col 8 to line 253, col 18 of module full: 178532
@!@!@ENDMSG 2221 @!@!@
@!@!@STARTMSG 2221:0 @!@!@
  |line 253, col 8 to line 253, col 8 of module full: 168565
@!@!@ENDMSG 2221 @!@!@
@!@!@STARTMSG 2221:0 @!@!@
  |line 253, col 14 to line 253, col 18 of module full: 168565
@!@!@ENDMSG 2221 @!@!@
@!@!@STARTMSG 2221:0 @!@!@
  line 254, col 8 to line 254, col 31 of module full: 9967
@!@!@ENDMSG 2221 @!@!@
@!@!@STARTMSG 2221:0 @!@!@
  |line 254, col 8 to line 254, col 11 of module full: 168565
@!@!@ENDMSG 2221 @!@!@
@!@!@STARTMSG 2221:0 @!@!@
  |line 254, col 15 to line 254, col 31 of module full: 168565
@!@!@ENDMSG 2221 @!@!@
@!@!@STARTMSG 2221:0 @!@!@
  line 255, col 8 to line 255, col 35 of module full: 29898
@!@!@ENDMSG 2221 @!@!@
@!@!@STARTMSG 2221:0 @!@!@
  |line 255, col 8 to line 255, col 8 of module full: 19931
@!@!@ENDMSG 2221 @!@!@
@!@!@STARTMSG 2221:0 @!@!@
  |line 255, col 17 to line 255, col 35 of module full: 19931
@!@!@ENDMSG 2221 @!@!@
@!@!@STARTMSG 2221:0 @!@!@
  line 260, col 11 to line 261, col 29 of module full: 9967
@!@!@ENDMSG 2221 @!@!@
@!@!@STARTMSG 2221:0 @!@!@
  line 264, col 8 to line 265, col 119 of module full: 9967
@!@!@ENDMSG 2221 @!@!@
@!@!@STARTMSG 2221:0 @!@!@
  line 625, col 51 to line 625, col 61 of module full: 168565
@!@!@ENDMSG 2221 @!@!@
@!@!@STARTMSG 2221:0 @!@!@
  line 625, col 64 to line 625, col 66 of module full: 168565
@!@!@ENDMSG 2221 @!@!@
@!@!@STARTMSG 2221:0 @!@!@
  line 625, col 69 to line 625, col 69 of module full: 168565
@!@!@ENDMSG 2221 @!@!@
@!@!@STARTMSG 2772:0 @!@!@
<MySwitchNext line 623, col 1 to line 623, col 12 of module full (626 7 627 60)>: 11121:201773
@!@!@ENDMSG 2772 @!@!@
@!@!@STARTMSG 2221:0 @!@!@
  line 268, col 8 to line 268, col 23 of module full: 677567
@!@!@ENDMSG 2221 @!@!@
@!@!@STARTMSG 2221:0 @!@!@
  |line 268, col 8 to line 268, col 9 of module full: 475794
@!@!@ENDMSG 2221 @!@!@
@!@!@STARTMSG 2221:0 @!@!@
  |line 268, col 13 to line 268, col 23 of module full: 475794
@!@!@ENDMSG 2221 @!@!@
@!@!@STARTMSG 2221:0 @!@!@
  line 269, col 8 to line 269, col 26 of module full: 677567
@!@!@ENDMSG 2221 @!@!@
@!@!@STARTMSG 2221:0 @!@!@
  |line 269, col 8 to line 269, col 14 of module full: 475794
@!@!@ENDMSG 2221 @!@!@
@!@!@STARTMSG 2221:0 @!@!@
  |line 269, col 20 to line 269, col 26 of module full: 475794
@!@!@ENDMSG 2221 @!@!@
@!@!@STARTMSG 2221:0 @!@!@
  line 270, col 8 to line 270, col 34 of module full: 677567
@!@!@ENDMSG 2221 @!@!@
@!@!@STARTMSG 2221:0 @!@!@
  |line 270, col 8 to line 270, col 10 of module full: 475794
@!@!@ENDMSG 2221 @!@!@
@!@!@STARTMSG 2221:0 @!@!@
  |line 270, col 16 to line 270, col 34 of module full: 475794
@!@!@ENDMSG 2221 @!@!@
@!@!@STARTMSG 2221:0 @!@!@
  line 274, col 14 to line 274, col 58 of module full: 677567
@!@!@ENDMSG 2221 @!@!@
@!@!@STARTMSG 2221:0 @!@!@
  |line 274, col 14 to line 274, col 25 of module full: 475794
@!@!@ENDMSG 2221 @!@!@
@!@!@STARTMSG 2221:0 @!@!@
  |line 274, col 34 to line 274, col 58 of module full: 475794
@!@!@ENDMSG 2221 @!@!@
@!@!@STARTMSG 2221:0 @!@!@
  line 275, col 14 to line 275, col 113 of module full: 201773
@!@!@ENDMSG 2221 @!@!@
@!@!@STARTMSG 2221:0 @!@!@
  line 276, col 14 to line 276, col 119 of module full: 201773
@!@!@ENDMSG 2221 @!@!@
@!@!@STARTMSG 2221:0 @!@!@
  line 277, col 8 to line 278, col 103 of module full: 201773
@!@!@ENDMSG 2221 @!@!@
@!@!@STARTMSG 2221:0 @!@!@
  line 627, col 37 to line 627, col 47 of module full: 475794
@!@!@ENDMSG 2221 @!@!@
@!@!@STARTMSG 2221:0 @!@!@
  line 627, col 50 to line 627, col 56 of module full: 475794
@!@!@ENDMSG 2221 @!@!@
@!@!@STARTMSG 2221:0 @!@!@
  line 627, col 59 to line 627, col 59 of module full: 475794
@!@!@ENDMSG 2221 @!@!@
@!@!@STARTMSG 2221:0 @!@!@
  line 626, col 22 to line 626, col 28 of module full: 84282
@!@!@ENDMSG 2221 @!@!@
@!@!@STARTMSG 2221:0 @!@!@
  line 626, col 37 to line 626, col 55 of module full: 84282
@!@!@ENDMSG 2221 @!@!@
@!@!@STARTMSG 2772:0 @!@!@
<MySwitchNext line 623, col 1 to line 623, col 12 of module full (628 7 629 68)>: 3592:11957
@!@!@ENDMSG 2772 @!@!@
@!@!@STARTMSG 2221:0 @!@!@
  line 629, col 8 to line 629, col 26 of module full: 487748
@!@!@ENDMSG 2221 @!@!@
@!@!@STARTMSG 2221:0 @!@!@
  |line 629, col 8 to line 629, col 17 of module full: 475791
@!@!@ENDMSG 2221 @!@!@
@!@!@STARTMSG 2221:0 @!@!@
  |line 629, col 21 to line 629, col 26 of module full: 475791
@!@!@ENDMSG 2221 @!@!@
@!@!@STARTMSG 2221:0 @!@!@
  line 282, col 8 to line 282, col 20 of module full: 170554
@!@!@ENDMSG 2221 @!@!@
@!@!@STARTMSG 2221:0 @!@!@
  |line 282, col 8 to line 282, col 8 of module full: 158597
@!@!@ENDMSG 2221 @!@!@
@!@!@STARTMSG 2221:0 @!@!@
  |line 282, col 14 to line 282, col 20 of module full: 158597
@!@!@ENDMSG 2221 @!@!@
@!@!@STARTMSG 2221:0 @!@!@
  line 283, col 8 to line 283, col 24 of module full: 170554
@!@!@ENDMSG 2221 @!@!@
@!@!@STARTMSG 2221:0 @!@!@
  |line 283, col 8 to line 283, col 15 of module full: 158597
@!@!@ENDMSG 2221 @!@!@
@!@!@STARTMSG 2221:0 @!@!@
  |line 283, col 19 to line 283, col 24 of module full: 158597
@!@!@ENDMSG 2221 @!@!@
@!@!@STARTMSG 2221:0 @!@!@
  line 284, col 8 to line 284, col 32 of module full: 170554
@!@!@ENDMSG 2221 @!@!@
@!@!@STARTMSG 2221:0 @!@!@
  |line 284, col 8 to line 284, col 8 of module full: 158597
@!@!@ENDMSG 2221 @!@!@
@!@!@STARTMSG 2221:0 @!@!@
  |line 284, col 14 to line 284, col 32 of module full: 158597
@!@!@ENDMSG 2221 @!@!@
@!@!@STARTMSG 2221:0 @!@!@
  line 285, col 8 to line 285, col 33 of module full: 170554
@!@!@ENDMSG 2221 @!@!@
@!@!@STARTMSG 2221:0 @!@!@
  |line 285, col 8 to line 285, col 8 of module full: 158597
@!@!@ENDMSG 2221 @!@!@
@!@!@STARTMSG 2221:0 @!@!@
  |line 285, col 14 to line 285, col 33 of module full: 158597
@!@!@ENDMSG 2221 @!@!@
@!@!@STARTMSG 2221:0 @!@!@
  line 292, col 26 to line 292, col 55 of module full: 23914
@!@!@ENDMSG 2221 @!@!@
@!@!@STARTMSG 2221:0 @!@!@
  |line 292, col 27 to line 292, col 55 of module full: 11957
@!@!@ENDMSG 2221 @!@!@
@!@!@STARTMSG 2221:0 @!@!@
  ||line 291, col 45 to line 291, col 93 of module full: 11957
@!@!@ENDMSG 2221 @!@!@
@!@!@STARTMSG 2221:0 @!@!@
  |||line 291, col 73 to line 291, col 93 of module full: 11884
@!@!@ENDMSG 2221 @!@!@
@!@!@STARTMSG 2221:0 @!@!@
  |||line 291, col 56 to line 291, col 69 of module full: 11957
@!@!@ENDMSG 2221 @!@!@
@!@!@STARTMSG 2221:0 @!@!@
  line 309, col 14 to line 309, col 73 of module full: 11957
@!@!@ENDMSG 2221 @!@!@
@!@!@STARTMSG 2221:0 @!@!@
  line 310, col 14 to line 310, col 94 of module full: 11957
@!@!@ENDMSG 2221 @!@!@
@!@!@STARTMSG 2221:0 @!@!@
  line 311, col 14 to line 314, col 37 of module full: 11957
@!@!@ENDMSG 2221 @!@!@
@!@!@STARTMSG 2221:0 @!@!@
  line 79, col 12 to line 79, col 47 of module full: 11957
@!@!@ENDMSG 2221 @!@!@
@!@!@STARTMSG 2221:0 @!@!@
  line 315, col 19 to line 315, col 29 of module full: 11957
@!@!@ENDMSG 2221 @!@!@
@!@!@STARTMSG 2221:0 @!@!@
  |line 300, col 27 to line 307, col 57 of module full: 11957
@!@!@ENDMSG 2221 @!@!@
@!@!@STARTMSG 2221:0 @!@!@
  ||line 300, col 28 to line 300, col 65 of module full: 11957
@!@!@ENDMSG 2221 @!@!@
@!@!@STARTMSG 2221:0 @!@!@
  ||line 301, col 28 to line 301, col 55 of module full: 11957
@!@!@ENDMSG 2221 @!@!@
@!@!@STARTMSG 2221:0 @!@!@
  ||line 302, col 28 to line 302, col 69 of module full: 11957
@!@!@ENDMSG 2221 @!@!@
@!@!@STARTMSG 2221:0 @!@!@
  ||line 303, col 46 to line 303, col 68 of module full: 11957
@!@!@ENDMSG 2221 @!@!@
@!@!@STARTMSG 2221:0 @!@!@
  |||line 296, col 39 to line 296, col 54 of module full: 11957
@!@!@ENDMSG 2221 @!@!@
@!@!@STARTMSG 2221:0 @!@!@
  ||||line 65, col 19 to line 65, col 67 of module full: 11957
@!@!@ENDMSG 2221 @!@!@
@!@!@STARTMSG 2221:0 @!@!@
  |||||line 65, col 22 to line 65, col 34 of module full: 11957
@!@!@ENDMSG 2221 @!@!@
@!@!@STARTMSG 2221:0 @!@!@
  |||||line 65, col 48 to line 65, col 67 of module full: 11884
@!@!@ENDMSG 2221 @!@!@
@!@!@STARTMSG 2221:0 @!@!@
  ||||line 296, col 48 to line 296, col 53 of module full: 11957
@!@!@ENDMSG 2221 @!@!@
@!@!@STARTMSG 2221:0 @!@!@
  ||line 304, col 28 to line 304, col 73 of module full: 11957
@!@!@ENDMSG 2221 @!@!@
@!@!@STARTMSG 2221:0 @!@!@
  ||line 305, col 28 to line 305, col 59 of module full: 11957
@!@!@ENDMSG 2221 @!@!@
@!@!@STARTMSG 2221:0 @!@!@
  ||line 306, col 28 to line 306, col 46 of module full: 11957
@!@!@ENDMSG 2221 @!@!@
@!@!@STARTMSG 2221:0 @!@!@
  ||line 307, col 28 to line 307, col 56 of module full: 11957
@!@!@ENDMSG 2221 @!@!@
@!@!@STARTMSG 2221:0 @!@!@
  line 316, col 8 to line 317, col 102 of module full: 11957
@!@!@ENDMSG 2221 @!@!@
@!@!@STARTMSG 2221:0 @!@!@
  line 629, col 62 to line 629, col 64 of module full: 158597
@!@!@ENDMSG 2221 @!@!@
@!@!@STARTMSG 2221:0 @!@!@
  line 629, col 67 to line 629, col 67 of module full: 158597
@!@!@ENDMSG 2221 @!@!@
@!@!@STARTMSG 2221:0 @!@!@
  line 628, col 18 to line 628, col 24 of module full: 84281
@!@!@ENDMSG 2221 @!@!@
@!@!@STARTMSG 2221:0 @!@!@
  line 628, col 33 to line 628, col 51 of module full: 84281
@!@!@ENDMSG 2221 @!@!@
@!@!@STARTMSG 2772:0 @!@!@
<MySwitchNext line 623, col 1 to line 623, col 12 of module full (630 7 631 67)>: 0:0
@!@!@ENDMSG 2772 @!@!@
@!@!@STARTMSG 2221:0 @!@!@
  line 631, col 8 to line 631, col 16 of module full: 109623
@!@!@ENDMSG 2221 @!@!@
@!@!@STARTMSG 2221:0 @!@!@
  line 336, col 8 to line 336, col 23 of module full: 109623
@!@!@ENDMSG 2221 @!@!@
@!@!@STARTMSG 2221:0 @!@!@
  line 337, col 8 to line 337, col 25 of module full: 109623
@!@!@ENDMSG 2221 @!@!@
@!@!@STARTMSG 2221:0 @!@!@
  line 338, col 8 to line 338, col 22 of module full: 109623
@!@!@ENDMSG 2221 @!@!@
@!@!@STARTMSG 2221:0 @!@!@
  line 339, col 8 to line 339, col 56 of module full: 109623
@!@!@ENDMSG 2221 @!@!@
@!@!@STARTMSG 2221:0 @!@!@
  line 340, col 8 to line 340, col 57 of module full: 109623
@!@!@ENDMSG 2221 @!@!@
@!@!@STARTMSG 2221:0 @!@!@
  line 343, col 14 to line 343, col 54 of module full: 109623
@!@!@ENDMSG 2221 @!@!@
@!@!@STARTMSG 2221:0 @!@!@
  line 79, col 12 to line 79, col 47 of module full: 0
@!@!@ENDMSG 2221 @!@!@
@!@!@STARTMSG 2221:0 @!@!@
  |line 79, col 24 to line 79, col 47 of module full: 23914
@!@!@ENDMSG 2221 @!@!@
@!@!@STARTMSG 2221:0 @!@!@
  line 355, col 22 to line 355, col 40 of module full: 23914
@!@!@ENDMSG 2221 @!@!@
@!@!@STARTMSG 2221:0 @!@!@
  line 356, col 20 to line 356, col 105 of module full: 0
@!@!@ENDMSG 2221 @!@!@
@!@!@STARTMSG 2221:0 @!@!@
  |line 356, col 39 to line 356, col 105 of module full: 23914
@!@!@ENDMSG 2221 @!@!@
@!@!@STARTMSG 2221:0 @!@!@
  line 360, col 23 to line 363, col 45 of module full: 0
@!@!@ENDMSG 2221 @!@!@
@!@!@STARTMSG 2221:0 @!@!@
  |line 361, col 25 to line 363, col 45 of module full: 23914
@!@!@ENDMSG 2221 @!@!@
@!@!@STARTMSG 2221:0 @!@!@
  ||line 361, col 28 to line 361, col 120 of module full: 23914
@!@!@ENDMSG 2221 @!@!@
@!@!@STARTMSG 2221:0 @!@!@
  ||line 362, col 30 to line 362, col 92 of module full: 22494
@!@!@ENDMSG 2221 @!@!@
@!@!@STARTMSG 2221:0 @!@!@
  ||line 363, col 30 to line 363, col 45 of module full: 1420
@!@!@ENDMSG 2221 @!@!@
@!@!@STARTMSG 2221:0 @!@!@
  line 364, col 8 to line 365, col 82 of module full: 0
@!@!@ENDMSG 2221 @!@!@
@!@!@STARTMSG 2221:0 @!@!@
  line 631, col 45 to line 631, col 46 of module full: 109623
@!@!@ENDMSG 2221 @!@!@
@!@!@STARTMSG 2221:0 @!@!@
  line 631, col 49 to line 631, col 51 of module full: 109623
@!@!@ENDMSG 2221 @!@!@
@!@!@STARTMSG 2221:0 @!@!@
  line 631, col 54 to line 631, col 66 of module full: 109623
@!@!@ENDMSG 2221 @!@!@
@!@!@STARTMSG 2775:0 @!@!@
  line 630, col 17 to line 630, col 29 of module full: 84280:303526
@!@!@ENDMSG 2775 @!@!@
@!@!@STARTMSG 2221:0 @!@!@
  line 630, col 50 to line 630, col 71 of module full: 84280
@!@!@ENDMSG 2221 @!@!@
@!@!@STARTMSG 2221:0 @!@!@
  line 630, col 82 to line 630, col 88 of module full: 84280
@!@!@ENDMSG 2221 @!@!@
@!@!@STARTMSG 2772:0 @!@!@
<MySwitchNext line 623, col 1 to line 623, col 12 of module full (632 33 632 80)>: 15731:21251
@!@!@ENDMSG 2772 @!@!@
@!@!@STARTMSG 2221:0 @!@!@
  line 632, col 33 to line 632, col 48 of module full: 105529
@!@!@ENDMSG 2221 @!@!@
@!@!@STARTMSG 2221:0 @!@!@
  |line 632, col 33 to line 632, col 41 of module full: 84280
@!@!@ENDMSG 2221 @!@!@
@!@!@STARTMSG 2221:0 @!@!@
  |line 632, col 43 to line 632, col 48 of module full: 84280
@!@!@ENDMSG 2221 @!@!@
@!@!@STARTMSG 2221:0 @!@!@
  line 369, col 8 to line 369, col 23 of module full: 105529
@!@!@ENDMSG 2221 @!@!@
@!@!@STARTMSG 2221:0 @!@!@
  |line 369, col 8 to line 369, col 9 of module full: 84280
@!@!@ENDMSG 2221 @!@!@
@!@!@STARTMSG 2221:0 @!@!@
  |line 369, col 13 to line 369, col 23 of module full: 84280
@!@!@ENDMSG 2221 @!@!@
@!@!@STARTMSG 2221:0 @!@!@
  line 370, col 8 to line 370, col 25 of module full: 105529
@!@!@ENDMSG 2221 @!@!@
@!@!@STARTMSG 2221:0 @!@!@
  |line 370, col 8 to line 370, col 16 of module full: 84280
@!@!@ENDMSG 2221 @!@!@
@!@!@STARTMSG 2221:0 @!@!@
  |line 370, col 20 to line 370, col 25 of module full: 84280
@!@!@ENDMSG 2221 @!@!@
@!@!@STARTMSG 2221:0 @!@!@
  line 371, col 28 to line 371, col 46 of module full: 274085
@!@!@ENDMSG 2221 @!@!@
@!@!@STARTMSG 2221:0 @!@!@
  |line 371, col 28 to line 371, col 37 of module full: 252836
@!@!@ENDMSG 2221 @!@!@
@!@!@STARTMSG 2221:0 @!@!@
  |line 371, col 41 to line 371, col 46 of module full: 252836
@!@!@ENDMSG 2221 @!@!@
@!@!@STARTMSG 2221:0 @!@!@
  line 371, col 19 to line 371, col 25 of module full: 84280
@!@!@ENDMSG 2221 @!@!@
@!@!@STARTMSG 2221:0 @!@!@
  line 378, col 23 to line 378, col 64 of module full: 21249
@!@!@ENDMSG 2221 @!@!@
@!@!@STARTMSG 2221:0 @!@!@
  |line 378, col 23 to line 378, col 42 of module full: 84280
@!@!@ENDMSG 2221 @!@!@
@!@!@STARTMSG 2221:0 @!@!@
  ||line 377, col 36 to line 377, col 104 of module full: 84280
@!@!@ENDMSG 2221 @!@!@
@!@!@STARTMSG 2221:0 @!@!@
  |||line 377, col 39 to line 377, col 56 of module full: 84280
@!@!@ENDMSG 2221 @!@!@
@!@!@STARTMSG 2221:0 @!@!@
  ||||line 377, col 39 to line 377, col 50 of module full: 84280
@!@!@ENDMSG 2221 @!@!@
@!@!@STARTMSG 2221:0 @!@!@
  |||||line 374, col 28 to line 376, col 81 of module full: 84280
@!@!@ENDMSG 2221 @!@!@
@!@!@STARTMSG 2221:0 @!@!@
  ||||||line 375, col 33 to line 376, col 80 of module full: 128396
@!@!@ENDMSG 2221 @!@!@
@!@!@STARTMSG 2221:0 @!@!@
  |||||||line 375, col 36 to line 375, col 58 of module full: 128396
@!@!@ENDMSG 2221 @!@!@
@!@!@STARTMSG 2221:0 @!@!@
  ||||||||line 375, col 36 to line 375, col 47 of module full: 128396
@!@!@ENDMSG 2221 @!@!@
@!@!@STARTMSG 2221:0 @!@!@
  |||||||||line 373, col 28 to line 373, col 89 of module full: 128396
@!@!@ENDMSG 2221 @!@!@
@!@!@STARTMSG 2221:0 @!@!@
  ||||||||||line 373, col 28 to line 373, col 35 of module full: 128396
@!@!@ENDMSG 2221 @!@!@
@!@!@STARTMSG 2775:0 @!@!@
  ||||||||||line 373, col 42 to line 373, col 89 of module full: 128396:164116
@!@!@ENDMSG 2775 @!@!@
@!@!@STARTMSG 2221:0 @!@!@
  |||||||||||line 373, col 59 to line 373, col 88 of module full: 385188
@!@!@ENDMSG 2221 @!@!@
@!@!@STARTMSG 2221:0 @!@!@
  |||||||||||line 373, col 49 to line 373, col 55 of module full: 128396
@!@!@ENDMSG 2221 @!@!@
@!@!@STARTMSG 2221:0 @!@!@
  |||||||||line 375, col 42 to line 375, col 46 of module full: 128396
@!@!@ENDMSG 2221 @!@!@
@!@!@STARTMSG 2221:0 @!@!@
  ||||||||line 375, col 53 to line 375, col 58 of module full: 128396
@!@!@ENDMSG 2221 @!@!@
@!@!@STARTMSG 2221:0 @!@!@
  |||||||line 376, col 36 to line 376, col 80 of module full: 34828
@!@!@ENDMSG 2221 @!@!@
@!@!@STARTMSG 2221:0 @!@!@
  ||||||line 374, col 39 to line 374, col 57 of module full: 84280
@!@!@ENDMSG 2221 @!@!@
@!@!@STARTMSG 2221:0 @!@!@
  ||||line 377, col 55 to line 377, col 56 of module full: 84280
@!@!@ENDMSG 2221 @!@!@
@!@!@STARTMSG 2221:0 @!@!@
  |||line 377, col 63 to line 377, col 79 of module full: 34792
@!@!@ENDMSG 2221 @!@!@
@!@!@STARTMSG 2221:0 @!@!@
  ||||line 84, col 11 to line 84, col 46 of module full: 34792
@!@!@ENDMSG 2221 @!@!@
@!@!@STARTMSG 2221:0 @!@!@
  |||||line 84, col 28 to line 84, col 46 of module full: 34828
@!@!@ENDMSG 2221 @!@!@
@!@!@STARTMSG 2221:0 @!@!@
  ||||||line 84, col 41 to line 84, col 46 of module full: 34900
@!@!@ENDMSG 2221 @!@!@
@!@!@STARTMSG 2221:0 @!@!@
  ||||||line 84, col 37 to line 84, col 37 of module full: 34828
@!@!@ENDMSG 2221 @!@!@
@!@!@STARTMSG 2221:0 @!@!@
  |||||line 84, col 24 to line 84, col 24 of module full: 34792
@!@!@ENDMSG 2221 @!@!@
@!@!@STARTMSG 2221:0 @!@!@
  ||||line 377, col 67 to line 377, col 78 of module full: 34792
@!@!@ENDMSG 2221 @!@!@
@!@!@STARTMSG 2775:0 @!@!@
  |||||line 374, col 28 to line 376, col 81 of module full: 34792:104556
@!@!@ENDMSG 2775 @!@!@
@!@!@STARTMSG 2221:0 @!@!@
  ||||||line 375, col 33 to line 376, col 80 of module full: 48987
@!@!@ENDMSG 2221 @!@!@
@!@!@STARTMSG 2221:0 @!@!@
  |||||||line 375, col 36 to line 375, col 58 of module full: 48987
@!@!@ENDMSG 2221 @!@!@
@!@!@STARTMSG 2221:0 @!@!@
  ||||||||line 375, col 36 to line 375, col 47 of module full: 48987
@!@!@ENDMSG 2221 @!@!@
@!@!@STARTMSG 2221:0 @!@!@
  |||||||||line 373, col 28 to line 373, col 89 of module full: 48987
@!@!@ENDMSG 2221 @!@!@
@!@!@STARTMSG 2221:0 @!@!@
  ||||||||||line 373, col 28 to line 373, col 35 of module full: 48987
@!@!@ENDMSG 2221 @!@!@
@!@!@STARTMSG 2775:0 @!@!@
  ||||||||||line 373, col 42 to line 373, col 89 of module full: 48987:84707
@!@!@ENDMSG 2775 @!@!@
@!@!@STARTMSG 2221:0 @!@!@
  |||||||||||line 373, col 59 to line 373, col 88 of module full: 146961
@!@!@ENDMSG 2221 @!@!@
@!@!@STARTMSG 2221:0 @!@!@
  |||||||||||line 373, col 49 to line 373, col 55 of module full: 48987
@!@!@ENDMSG 2221 @!@!@
@!@!@STARTMSG 2221:0 @!@!@
  |||||||||line 375, col 42 to line 375, col 46 of module full: 48987
@!@!@ENDMSG 2221 @!@!@
@!@!@STARTMSG 2221:0 @!@!@
  ||||||||line 375, col 53 to line 375, col 58 of module full: 48987
@!@!@ENDMSG 2221 @!@!@
@!@!@STARTMSG 2221:0 @!@!@
  |||||||line 376, col 36 to line 376, col 80 of module full: 34828
@!@!@ENDMSG 2221 @!@!@
@!@!@STARTMSG 2221:0 @!@!@
  ||||||line 374, col 39 to line 374, col 57 of module full: 34792
@!@!@ENDMSG 2221 @!@!@
@!@!@STARTMSG 2221:0 @!@!@
  |||line 377, col 86 to line 377, col 104 of module full: 49488
@!@!@ENDMSG 2221 @!@!@
@!@!@STARTMSG 2221:0 @!@!@
  |line 378, col 46 to line 378, col 64 of module full: 84280
@!@!@ENDMSG 2221 @!@!@
@!@!@STARTMSG 2221:0 @!@!@
  line 383, col 14 to line 383, col 81 of module full: 21249
@!@!@ENDMSG 2221 @!@!@
@!@!@STARTMSG 2221:0 @!@!@
  |line 383, col 29 to line 383, col 81 of module full: 21251
@!@!@ENDMSG 2221 @!@!@
@!@!@STARTMSG 2221:0 @!@!@
  ||line 383, col 30 to line 383, col 40 of module full: 21251
@!@!@ENDMSG 2221 @!@!@
@!@!@STARTMSG 2221:0 @!@!@
  ||line 383, col 49 to line 383, col 80 of module full: 21251
@!@!@ENDMSG 2221 @!@!@
@!@!@STARTMSG 2221:0 @!@!@
  ||line 383, col 61 to line 383, col 80 of module full: 21251
@!@!@ENDMSG 2221 @!@!@
@!@!@STARTMSG 2221:0 @!@!@
  |||line 377, col 36 to line 377, col 104 of module full: 21251
@!@!@ENDMSG 2221 @!@!@
@!@!@STARTMSG 2221:0 @!@!@
  ||||line 377, col 39 to line 377, col 56 of module full: 21251
@!@!@ENDMSG 2221 @!@!@
@!@!@STARTMSG 2221:0 @!@!@
  |||||line 377, col 39 to line 377, col 50 of module full: 21251
@!@!@ENDMSG 2221 @!@!@
@!@!@STARTMSG 2221:0 @!@!@
  ||||||line 374, col 28 to line 376, col 81 of module full: 21251
@!@!@ENDMSG 2221 @!@!@
@!@!@STARTMSG 2221:0 @!@!@
  |||||||line 375, col 33 to line 376, col 80 of module full: 31058
@!@!@ENDMSG 2221 @!@!@
@!@!@STARTMSG 2221:0 @!@!@
  ||||||||line 375, col 36 to line 375, col 58 of module full: 31058
@!@!@ENDMSG 2221 @!@!@
@!@!@STARTMSG 2221:0 @!@!@
  |||||||||line 375, col 36 to line 375, col 47 of module full: 31058
@!@!@ENDMSG 2221 @!@!@
@!@!@STARTMSG 2221:0 @!@!@
  ||||||||||line 373, col 28 to line 373, col 89 of module full: 31058
@!@!@ENDMSG 2221 @!@!@
@!@!@STARTMSG 2221:0 @!@!@
  |||||||||||line 373, col 28 to line 373, col 35 of module full: 31058
@!@!@ENDMSG 2221 @!@!@
@!@!@STARTMSG 2775:0 @!@!@
  |||||||||||line 373, col 42 to line 373, col 89 of module full: 31058:52792
@!@!@ENDMSG 2775 @!@!@
@!@!@STARTMSG 2221:0 @!@!@
  ||||||||||||line 373, col 59 to line 373, col 88 of module full: 93174
@!@!@ENDMSG 2221 @!@!@
@!@!@STARTMSG 2221:0 @!@!@
  ||||||||||||line 373, col 49 to line 373, col 55 of module full: 31058
@!@!@ENDMSG 2221 @!@!@
@!@!@STARTMSG 2221:0 @!@!@
  ||||||||||line 375, col 42 to line 375, col 46 of module full: 31058
@!@!@ENDMSG 2221 @!@!@
@!@!@STARTMSG 2221:0 @!@!@
  |||||||||line 375, col 53 to line 375, col 58 of module full: 31058
@!@!@ENDMSG 2221 @!@!@
@!@!@STARTMSG 2221:0 @!@!@
  ||||||||line 376, col 36 to line 376, col 80 of module full: 21287
@!@!@ENDMSG 2221 @!@!@
@!@!@STARTMSG 2221:0 @!@!@
  |||||||line 374, col 39 to line 374, col 57 of module full: 21251
@!@!@ENDMSG 2221 @!@!@
@!@!@STARTMSG 2221:0 @!@!@
  |||||line 377, col 55 to line 377, col 56 of module full: 21251
@!@!@ENDMSG 2221 @!@!@
@!@!@STARTMSG 2221:0 @!@!@
  ||||line 377, col 63 to line 377, col 79 of module full: 21251
@!@!@ENDMSG 2221 @!@!@
@!@!@STARTMSG 2221:0 @!@!@
  |||||line 84, col 11 to line 84, col 46 of module full: 21251
@!@!@ENDMSG 2221 @!@!@
@!@!@STARTMSG 2221:0 @!@!@
  ||||||line 84, col 28 to line 84, col 46 of module full: 21287
@!@!@ENDMSG 2221 @!@!@
@!@!@STARTMSG 2221:0 @!@!@
  |||||||line 84, col 41 to line 84, col 46 of module full: 21359
@!@!@ENDMSG 2221 @!@!@
@!@!@STARTMSG 2221:0 @!@!@
  |||||||line 84, col 37 to line 84, col 37 of module full: 21287
@!@!@ENDMSG 2221 @!@!@
@!@!@STARTMSG 2221:0 @!@!@
  ||||||line 84, col 24 to line 84, col 24 of module full: 21251
@!@!@ENDMSG 2221 @!@!@
@!@!@STARTMSG 2221:0 @!@!@
  |||||line 377, col 67 to line 377, col 78 of module full: 21251
@!@!@ENDMSG 2221 @!@!@
@!@!@STARTMSG 2775:0 @!@!@
  ||||||line 374, col 28 to line 376, col 81 of module full: 21251:63933
@!@!@ENDMSG 2775 @!@!@
@!@!@STARTMSG 2221:0 @!@!@
  |||||||line 375, col 33 to line 376, col 80 of module full: 31058
@!@!@ENDMSG 2221 @!@!@
@!@!@STARTMSG 2221:0 @!@!@
  ||||||||line 375, col 36 to line 375, col 58 of module full: 31058
@!@!@ENDMSG 2221 @!@!@
@!@!@STARTMSG 2221:0 @!@!@
  |||||||||line 375, col 36 to line 375, col 47 of module full: 31058
@!@!@ENDMSG 2221 @!@!@
@!@!@STARTMSG 2221:0 @!@!@
  ||||||||||line 373, col 28 to line 373, col 89 of module full: 31058
@!@!@ENDMSG 2221 @!@!@
@!@!@STARTMSG 2221:0 @!@!@
  |||||||||||line 373, col 28 to line 373, col 35 of module full: 31058
@!@!@ENDMSG 2221 @!@!@
@!@!@STARTMSG 2775:0 @!@!@
  |||||||||||line 373, col 42 to line 373, col 89 of module full: 31058:52792
@!@!@ENDMSG 2775 @!@!@
@!@!@STARTMSG 2221:0 @!@!@
  ||||||||||||line 373, col 59 to line 373, col 88 of module full: 93174
@!@!@ENDMSG 2221 @!@!@
@!@!@STARTMSG 2221:0 @!@!@
  ||||||||||||line 373, col 49 to line 373, col 55 of module full: 31058
@!@!@ENDMSG 2221 @!@!@
@!@!@STARTMSG 2221:0 @!@!@
  ||||||||||line 375, col 42 to line 375, col 46 of module full: 31058
@!@!@ENDMSG 2221 @!@!@
@!@!@STARTMSG 2221:0 @!@!@
  |||||||||line 375, col 53 to line 375, col 58 of module full: 31058
@!@!@ENDMSG 2221 @!@!@
@!@!@STARTMSG 2221:0 @!@!@
  ||||||||line 376, col 36 to line 376, col 80 of module full: 21287
@!@!@ENDMSG 2221 @!@!@
@!@!@STARTMSG 2221:0 @!@!@
  |||||||line 374, col 39 to line 374, col 57 of module full: 21251
@!@!@ENDMSG 2221 @!@!@
@!@!@STARTMSG 2221:0 @!@!@
  line 384, col 14 to line 388, col 47 of module full: 21249
@!@!@ENDMSG 2221 @!@!@
@!@!@STARTMSG 2775:0 @!@!@
  |line 385, col 16 to line 388, col 47 of module full: 21251:31058
@!@!@ENDMSG 2775 @!@!@
@!@!@STARTMSG 2221:0 @!@!@
  line 389, col 8 to line 389, col 119 of module full: 21249
@!@!@ENDMSG 2221 @!@!@
@!@!@STARTMSG 2221:0 @!@!@
  line 632, col 78 to line 632, col 79 of module full: 84280
@!@!@ENDMSG 2221 @!@!@
@!@!@STARTMSG 2772:0 @!@!@
<MySwitchNext line 623, col 1 to line 623, col 12 of module full (634 8 634 84)>: 39566:146907
@!@!@ENDMSG 2772 @!@!@
@!@!@STARTMSG 2221:0 @!@!@
  line 634, col 8 to line 634, col 19 of module full: 905388
@!@!@ENDMSG 2221 @!@!@
@!@!@STARTMSG 2221:0 @!@!@
  |line 634, col 8 to line 634, col 11 of module full: 758481
@!@!@ENDMSG 2221 @!@!@
@!@!@STARTMSG 2221:0 @!@!@
  |line 634, col 16 to line 634, col 19 of module full: 758481
@!@!@ENDMSG 2221 @!@!@
@!@!@STARTMSG 2221:0 @!@!@
  line 634, col 24 to line 634, col 41 of module full: 652562
@!@!@ENDMSG 2221 @!@!@
@!@!@STARTMSG 2221:0 @!@!@
  |line 634, col 24 to line 634, col 34 of module full: 505655
@!@!@ENDMSG 2221 @!@!@
@!@!@STARTMSG 2221:0 @!@!@
  |line 634, col 36 to line 634, col 41 of module full: 505655
@!@!@ENDMSG 2221 @!@!@
@!@!@STARTMSG 2221:0 @!@!@
  line 213, col 8 to line 213, col 20 of module full: 315459
@!@!@ENDMSG 2221 @!@!@
@!@!@STARTMSG 2221:0 @!@!@
  |line 213, col 8 to line 213, col 8 of module full: 168552
@!@!@ENDMSG 2221 @!@!@
@!@!@STARTMSG 2221:0 @!@!@
  |line 213, col 14 to line 213, col 20 of module full: 168552
@!@!@ENDMSG 2221 @!@!@
@!@!@STARTMSG 2221:0 @!@!@
  line 214, col 8 to line 214, col 20 of module full: 315459
@!@!@ENDMSG 2221 @!@!@
@!@!@STARTMSG 2221:0 @!@!@
  |line 214, col 8 to line 214, col 8 of module full: 168552
@!@!@ENDMSG 2221 @!@!@
@!@!@STARTMSG 2221:0 @!@!@
  |line 214, col 14 to line 214, col 20 of module full: 168552
@!@!@ENDMSG 2221 @!@!@
@!@!@STARTMSG 2221:0 @!@!@
  line 215, col 8 to line 215, col 13 of module full: 315459
@!@!@ENDMSG 2221 @!@!@
@!@!@STARTMSG 2221:0 @!@!@
  |line 215, col 8 to line 215, col 8 of module full: 168552
@!@!@ENDMSG 2221 @!@!@
@!@!@STARTMSG 2221:0 @!@!@
  |line 215, col 13 to line 215, col 13 of module full: 168552
@!@!@ENDMSG 2221 @!@!@
@!@!@STARTMSG 2221:0 @!@!@
  line 216, col 8 to line 216, col 24 of module full: 315459
@!@!@ENDMSG 2221 @!@!@
@!@!@STARTMSG 2221:0 @!@!@
  |line 216, col 8 to line 216, col 15 of module full: 168552
@!@!@ENDMSG 2221 @!@!@
@!@!@STARTMSG 2221:0 @!@!@
  |line 216, col 19 to line 216, col 24 of module full: 168552
@!@!@ENDMSG 2221 @!@!@
@!@!@STARTMSG 2221:0 @!@!@
  line 217, col 8 to line 217, col 37 of module full: 146907
@!@!@ENDMSG 2221 @!@!@
@!@!@STARTMSG 2221:0 @!@!@
  |line 217, col 8 to line 217, col 22 of module full: 168552
@!@!@ENDMSG 2221 @!@!@
@!@!@STARTMSG 2221:0 @!@!@
  |line 217, col 27 to line 217, col 37 of module full: 168552
@!@!@ENDMSG 2221 @!@!@
@!@!@STARTMSG 2221:0 @!@!@
  line 79, col 12 to line 79, col 47 of module full: 146907
@!@!@ENDMSG 2221 @!@!@
@!@!@STARTMSG 2221:0 @!@!@
  |line 79, col 24 to line 79, col 47 of module full: 146907
@!@!@ENDMSG 2221 @!@!@
@!@!@STARTMSG 2221:0 @!@!@
  ||line 68, col 5 to line 71, col 24 of module full: 146907
@!@!@ENDMSG 2221 @!@!@
@!@!@STARTMSG 2221:0 @!@!@
  |||line 68, col 8 to line 68, col 24 of module full: 146907
@!@!@ENDMSG 2221 @!@!@
@!@!@STARTMSG 2221:0 @!@!@
  |||line 69, col 9 to line 69, col 68 of module full: 79592
@!@!@ENDMSG 2221 @!@!@
@!@!@STARTMSG 2221:0 @!@!@
  ||||line 69, col 10 to line 69, col 13 of module full: 79592
@!@!@ENDMSG 2221 @!@!@
@!@!@STARTMSG 2221:0 @!@!@
  ||||line 69, col 22 to line 69, col 66 of module full: 79592
@!@!@ENDMSG 2221 @!@!@
@!@!@STARTMSG 2221:0 @!@!@
  ||||line 69, col 29 to line 69, col 66 of module full: 79592
@!@!@ENDMSG 2221 @!@!@
@!@!@STARTMSG 2221:0 @!@!@
  |||||line 69, col 32 to line 69, col 42 of module full: 79592
@!@!@ENDMSG 2221 @!@!@
@!@!@STARTMSG 2221:0 @!@!@
  |||||line 69, col 49 to line 69, col 59 of module full: 57399
@!@!@ENDMSG 2221 @!@!@
@!@!@STARTMSG 2221:0 @!@!@
  |||line 71, col 9 to line 71, col 24 of module full: 67315
@!@!@ENDMSG 2221 @!@!@
@!@!@STARTMSG 2221:0 @!@!@
  ||line 79, col 39 to line 79, col 46 of module full: 146907
@!@!@ENDMSG 2221 @!@!@
@!@!@STARTMSG 2221:0 @!@!@
  line 223, col 16 to line 231, col 37 of module full: 146907
@!@!@ENDMSG 2221 @!@!@
@!@!@STARTMSG 2221:0 @!@!@
  |line 223, col 17 to line 223, col 55 of module full: 146907
@!@!@ENDMSG 2221 @!@!@
@!@!@STARTMSG 2221:0 @!@!@
  |line 224, col 17 to line 224, col 49 of module full: 146907
@!@!@ENDMSG 2221 @!@!@
@!@!@STARTMSG 2221:0 @!@!@
  |line 225, col 17 to line 225, col 47 of module full: 146907
@!@!@ENDMSG 2221 @!@!@
@!@!@STARTMSG 2221:0 @!@!@
  |line 226, col 36 to line 226, col 46 of module full: 146907
@!@!@ENDMSG 2221 @!@!@
@!@!@STARTMSG 2221:0 @!@!@
  ||line 221, col 27 to line 221, col 83 of module full: 146907
@!@!@ENDMSG 2221 @!@!@
@!@!@STARTMSG 2221:0 @!@!@
  |||line 221, col 30 to line 221, col 45 of module full: 146907
@!@!@ENDMSG 2221 @!@!@
@!@!@STARTMSG 2221:0 @!@!@
  |||line 221, col 52 to line 221, col 76 of module full: 14196
@!@!@ENDMSG 2221 @!@!@
@!@!@STARTMSG 2221:0 @!@!@
  |line 227, col 17 to line 227, col 48 of module full: 146907
@!@!@ENDMSG 2221 @!@!@
@!@!@STARTMSG 2221:0 @!@!@
  |line 228, col 17 to line 228, col 41 of module full: 146907
@!@!@ENDMSG 2221 @!@!@
@!@!@STARTMSG 2221:0 @!@!@
  |line 229, col 17 to line 229, col 49 of module full: 146907
@!@!@ENDMSG 2221 @!@!@
@!@!@STARTMSG 2221:0 @!@!@
  |line 230, col 17 to line 230, col 36 of module full: 146907
@!@!@ENDMSG 2221 @!@!@
@!@!@STARTMSG 2221:0 @!@!@
  |line 231, col 17 to line 231, col 36 of module full: 146907
@!@!@ENDMSG 2221 @!@!@
@!@!@STARTMSG 2221:0 @!@!@
  line 232, col 11 to line 235, col 33 of module full: 146907
@!@!@ENDMSG 2221 @!@!@
@!@!@STARTMSG 2221:0 @!@!@
  |line 233, col 13 to line 235, col 33 of module full: 146907
@!@!@ENDMSG 2221 @!@!@
@!@!@STARTMSG 2221:0 @!@!@
  ||line 233, col 16 to line 233, col 118 of module full: 146907
@!@!@ENDMSG 2221 @!@!@
@!@!@STARTMSG 2221:0 @!@!@
  ||line 234, col 18 to line 234, col 72 of module full: 133811
@!@!@ENDMSG 2221 @!@!@
@!@!@STARTMSG 2221:0 @!@!@
  ||line 235, col 18 to line 235, col 33 of module full: 13096
@!@!@ENDMSG 2221 @!@!@
@!@!@STARTMSG 2221:0 @!@!@
  line 236, col 8 to line 236, col 122 of module full: 146907
@!@!@ENDMSG 2221 @!@!@
@!@!@STARTMSG 2221:0 @!@!@
  line 634, col 74 to line 634, col 77 of module full: 168552
@!@!@ENDMSG 2221 @!@!@
@!@!@STARTMSG 2221:0 @!@!@
  line 634, col 80 to line 634, col 83 of module full: 168552
@!@!@ENDMSG 2221 @!@!@
@!@!@STARTMSG 2772:0 @!@!@
<MySwitchNext line 623, col 1 to line 623, col 12 of module full (635 7 635 50)>: 129393:249973
@!@!@ENDMSG 2772 @!@!@
@!@!@STARTMSG 2221:0 @!@!@
  line 555, col 8 to line 555, col 39 of module full: 249973
@!@!@ENDMSG 2221 @!@!@
@!@!@STARTMSG 2221:0 @!@!@
  line 556, col 8 to line 556, col 19 of module full: 249973
@!@!@ENDMSG 2221 @!@!@
@!@!@STARTMSG 2221:0 @!@!@
  line 557, col 8 to line 557, col 31 of module full: 249973
@!@!@ENDMSG 2221 @!@!@
@!@!@STARTMSG 2221:0 @!@!@
  line 559, col 8 to line 559, col 60 of module full: 0
@!@!@ENDMSG 2221 @!@!@
@!@!@STARTMSG 2221:0 @!@!@
  line 560, col 8 to line 560, col 88 of module full: 0
@!@!@ENDMSG 2221 @!@!@
@!@!@STARTMSG 2221:0 @!@!@
  line 561, col 8 to line 561, col 89 of module full: 0
@!@!@ENDMSG 2221 @!@!@
@!@!@STARTMSG 2221:0 @!@!@
  line 562, col 8 to line 562, col 102 of module full: 0
@!@!@ENDMSG 2221 @!@!@
@!@!@STARTMSG 2221:0 @!@!@
  line 586, col 22 to line 586, col 22 of module full: 249973
@!@!@ENDMSG 2221 @!@!@
@!@!@STARTMSG 2221:0 @!@!@
  line 586, col 25 to line 586, col 25 of module full: 249973
@!@!@ENDMSG 2221 @!@!@
@!@!@STARTMSG 2221:0 @!@!@
  line 587, col 14 to line 587, col 41 of module full: 249973
@!@!@ENDMSG 2221 @!@!@
@!@!@STARTMSG 2221:0 @!@!@
  line 401, col 24 to line 401, col 61 of module full: 0
@!@!@ENDMSG 2221 @!@!@
@!@!@STARTMSG 2221:0 @!@!@
  line 402, col 24 to line 402, col 41 of module full: 0
@!@!@ENDMSG 2221 @!@!@
@!@!@STARTMSG 2221:0 @!@!@
  line 81, col 29 to line 81, col 96 of module full: 0
@!@!@ENDMSG 2221 @!@!@
@!@!@STARTMSG 2221:0 @!@!@
  line 410, col 11 to line 410, col 115 of module full: 0
@!@!@ENDMSG 2221 @!@!@
@!@!@STARTMSG 2221:0 @!@!@
  line 588, col 14 to line 588, col 42 of module full: 249973
@!@!@ENDMSG 2221 @!@!@
@!@!@STARTMSG 2221:0 @!@!@
  line 80, col 15 to line 80, col 53 of module full: 0
@!@!@ENDMSG 2221 @!@!@
@!@!@STARTMSG 2221:0 @!@!@
  line 569, col 8 to line 569, col 104 of module full: 0
@!@!@ENDMSG 2221 @!@!@
@!@!@STARTMSG 2221:0 @!@!@
  line 416, col 8 to line 417, col 57 of module full: 0
@!@!@ENDMSG 2221 @!@!@
@!@!@STARTMSG 2221:0 @!@!@
  line 419, col 14 to line 420, col 59 of module full: 0
@!@!@ENDMSG 2221 @!@!@
@!@!@STARTMSG 2221:0 @!@!@
  line 421, col 14 to line 422, col 59 of module full: 0
@!@!@ENDMSG 2221 @!@!@
@!@!@STARTMSG 2221:0 @!@!@
  line 424, col 14 to line 424, col 49 of module full: 0
@!@!@ENDMSG 2221 @!@!@
@!@!@STARTMSG 2221:0 @!@!@
  line 80, col 15 to line 80, col 53 of module full: 0
@!@!@ENDMSG 2221 @!@!@
@!@!@STARTMSG 2221:0 @!@!@
  line 426, col 8 to line 426, col 99 of module full: 0
@!@!@ENDMSG 2221 @!@!@
@!@!@STARTMSG 2221:0 @!@!@
  line 590, col 14 to line 590, col 43 of module full: 341822
@!@!@ENDMSG 2221 @!@!@
@!@!@STARTMSG 2221:0 @!@!@
  |line 590, col 14 to line 590, col 20 of module full: 249973
@!@!@ENDMSG 2221 @!@!@
@!@!@STARTMSG 2221:0 @!@!@
  |line 590, col 24 to line 590, col 43 of module full: 249973
@!@!@ENDMSG 2221 @!@!@
@!@!@STARTMSG 2221:0 @!@!@
  line 591, col 14 to line 591, col 28 of module full: 290977
@!@!@ENDMSG 2221 @!@!@
@!@!@STARTMSG 2221:0 @!@!@
  |line 591, col 14 to line 591, col 14 of module full: 199128
@!@!@ENDMSG 2221 @!@!@
@!@!@STARTMSG 2221:0 @!@!@
  |line 591, col 18 to line 591, col 28 of module full: 199128
@!@!@ENDMSG 2221 @!@!@
@!@!@STARTMSG 2221:0 @!@!@
  line 591, col 33 to line 591, col 45 of module full: 183698
@!@!@ENDMSG 2221 @!@!@
@!@!@STARTMSG 2221:0 @!@!@
  |line 591, col 33 to line 591, col 33 of module full: 91849
@!@!@ENDMSG 2221 @!@!@
@!@!@STARTMSG 2221:0 @!@!@
  |line 591, col 39 to line 591, col 45 of module full: 91849
@!@!@ENDMSG 2221 @!@!@
@!@!@STARTMSG 2221:0 @!@!@
  line 321, col 8 to line 321, col 23 of module full: 183698
@!@!@ENDMSG 2221 @!@!@
@!@!@STARTMSG 2221:0 @!@!@
  |line 321, col 8 to line 321, col 9 of module full: 91849
@!@!@ENDMSG 2221 @!@!@
@!@!@STARTMSG 2221:0 @!@!@
  |line 321, col 13 to line 321, col 23 of module full: 91849
@!@!@ENDMSG 2221 @!@!@
@!@!@STARTMSG 2221:0 @!@!@
  line 322, col 8 to line 322, col 25 of module full: 183698
@!@!@ENDMSG 2221 @!@!@
@!@!@STARTMSG 2221:0 @!@!@
  |line 322, col 8 to line 322, col 16 of module full: 91849
@!@!@ENDMSG 2221 @!@!@
@!@!@STARTMSG 2221:0 @!@!@
  |line 322, col 20 to line 322, col 25 of module full: 91849
@!@!@ENDMSG 2221 @!@!@
@!@!@STARTMSG 2221:0 @!@!@
  line 323, col 8 to line 323, col 19 of module full: 183698
@!@!@ENDMSG 2221 @!@!@
@!@!@STARTMSG 2221:0 @!@!@
  |line 323, col 8 to line 323, col 14 of module full: 91849
@!@!@ENDMSG 2221 @!@!@
@!@!@STARTMSG 2221:0 @!@!@
  |line 323, col 18 to line 323, col 19 of module full: 91849
@!@!@ENDMSG 2221 @!@!@
@!@!@STARTMSG 2221:0 @!@!@
  line 324, col 8 to line 324, col 28 of module full: 183698
@!@!@ENDMSG 2221 @!@!@
@!@!@STARTMSG 2221:0 @!@!@
  |line 324, col 8 to line 324, col 16 of module full: 91849
@!@!@ENDMSG 2221 @!@!@
@!@!@STARTMSG 2221:0 @!@!@
  |line 324, col 22 to line 324, col 28 of module full: 91849
@!@!@ENDMSG 2221 @!@!@
@!@!@STARTMSG 2221:0 @!@!@
  line 325, col 8 to line 325, col 32 of module full: 183698
@!@!@ENDMSG 2221 @!@!@
@!@!@STARTMSG 2221:0 @!@!@
  |line 325, col 8 to line 325, col 23 of module full: 91849
@!@!@ENDMSG 2221 @!@!@
@!@!@STARTMSG 2221:0 @!@!@
  |line 325, col 27 to line 325, col 32 of module full: 91849
@!@!@ENDMSG 2221 @!@!@
@!@!@STARTMSG 2221:0 @!@!@
  line 326, col 8 to line 326, col 37 of module full: 183698
@!@!@ENDMSG 2221 @!@!@
@!@!@STARTMSG 2221:0 @!@!@
  |line 326, col 8 to line 326, col 14 of module full: 91849
@!@!@ENDMSG 2221 @!@!@
@!@!@STARTMSG 2221:0 @!@!@
  |line 326, col 18 to line 326, col 37 of module full: 91849
@!@!@ENDMSG 2221 @!@!@
@!@!@STARTMSG 2221:0 @!@!@
  line 327, col 8 to line 327, col 26 of module full: 183698
@!@!@ENDMSG 2221 @!@!@
@!@!@STARTMSG 2221:0 @!@!@
  |line 327, col 8 to line 327, col 17 of module full: 91849
@!@!@ENDMSG 2221 @!@!@
@!@!@STARTMSG 2221:0 @!@!@
  |line 327, col 22 to line 327, col 26 of module full: 91849
@!@!@ENDMSG 2221 @!@!@
@!@!@STARTMSG 2221:0 @!@!@
  line 328, col 8 to line 328, col 38 of module full: 183698
@!@!@ENDMSG 2221 @!@!@
@!@!@STARTMSG 2221:0 @!@!@
  |line 328, col 8 to line 328, col 8 of module full: 91849
@!@!@ENDMSG 2221 @!@!@
@!@!@STARTMSG 2221:0 @!@!@
  |line 328, col 17 to line 328, col 38 of module full: 91849
@!@!@ENDMSG 2221 @!@!@
@!@!@STARTMSG 2221:0 @!@!@
  line 329, col 8 to line 329, col 54 of module full: 91849
@!@!@ENDMSG 2221 @!@!@
@!@!@STARTMSG 2221:0 @!@!@
  line 330, col 8 to line 330, col 17 of module full: 91849
@!@!@ENDMSG 2221 @!@!@
@!@!@STARTMSG 2221:0 @!@!@
  line 331, col 8 to line 332, col 72 of module full: 91849
@!@!@ENDMSG 2221 @!@!@
@!@!@STARTMSG 2221:0 @!@!@
  line 591, col 78 to line 591, col 78 of module full: 91849
@!@!@ENDMSG 2221 @!@!@
@!@!@STARTMSG 2221:0 @!@!@
  line 592, col 14 to line 592, col 43 of module full: 357252
@!@!@ENDMSG 2221 @!@!@
@!@!@STARTMSG 2221:0 @!@!@
  |line 592, col 14 to line 592, col 20 of module full: 249973
@!@!@ENDMSG 2221 @!@!@
@!@!@STARTMSG 2221:0 @!@!@
  |line 592, col 24 to line 592, col 43 of module full: 249973
@!@!@ENDMSG 2221 @!@!@
@!@!@STARTMSG 2221:0 @!@!@
  line 593, col 14 to line 593, col 26 of module full: 306407
@!@!@ENDMSG 2221 @!@!@
@!@!@STARTMSG 2221:0 @!@!@
  |line 593, col 14 to line 593, col 14 of module full: 199128
@!@!@ENDMSG 2221 @!@!@
@!@!@STARTMSG 2221:0 @!@!@
  |line 593, col 20 to line 593, col 26 of module full: 199128
@!@!@ENDMSG 2221 @!@!@
@!@!@STARTMSG 2221:0 @!@!@
  line 593, col 34 to line 593, col 48 of module full: 107279
@!@!@ENDMSG 2221 @!@!@
@!@!@STARTMSG 2221:0 @!@!@
  line 593, col 53 to line 593, col 65 of module full: 214558
@!@!@ENDMSG 2221 @!@!@
@!@!@STARTMSG 2221:0 @!@!@
  |line 593, col 53 to line 593, col 53 of module full: 107279
@!@!@ENDMSG 2221 @!@!@
@!@!@STARTMSG 2221:0 @!@!@
  |line 593, col 59 to line 593, col 65 of module full: 107279
@!@!@ENDMSG 2221 @!@!@
@!@!@STARTMSG 2221:0 @!@!@
  line 439, col 11 to line 439, col 35 of module full: 107279
@!@!@ENDMSG 2221 @!@!@
@!@!@STARTMSG 2221:0 @!@!@
  line 440, col 11 to line 440, col 23 of module full: 214558
@!@!@ENDMSG 2221 @!@!@
@!@!@STARTMSG 2221:0 @!@!@
  |line 440, col 11 to line 440, col 11 of module full: 107279
@!@!@ENDMSG 2221 @!@!@
@!@!@STARTMSG 2221:0 @!@!@
  |line 440, col 17 to line 440, col 23 of module full: 107279
@!@!@ENDMSG 2221 @!@!@
@!@!@STARTMSG 2221:0 @!@!@
  line 441, col 12 to line 441, col 26 of module full: 107279
@!@!@ENDMSG 2221 @!@!@
@!@!@STARTMSG 2221:0 @!@!@
  line 441, col 31 to line 441, col 43 of module full: 214558
@!@!@ENDMSG 2221 @!@!@
@!@!@STARTMSG 2221:0 @!@!@
  |line 441, col 31 to line 441, col 31 of module full: 107279
@!@!@ENDMSG 2221 @!@!@
@!@!@STARTMSG 2221:0 @!@!@
  |line 441, col 37 to line 441, col 43 of module full: 107279
@!@!@ENDMSG 2221 @!@!@
@!@!@STARTMSG 2221:0 @!@!@
  line 444, col 20 to line 444, col 43 of module full: 107279
@!@!@ENDMSG 2221 @!@!@
@!@!@STARTMSG 2221:0 @!@!@
  line 445, col 23 to line 445, col 46 of module full: 107279
@!@!@ENDMSG 2221 @!@!@
@!@!@STARTMSG 2221:0 @!@!@
  line 446, col 23 to line 446, col 41 of module full: 107279
@!@!@ENDMSG 2221 @!@!@
@!@!@STARTMSG 2221:0 @!@!@
  line 447, col 23 to line 447, col 33 of module full: 107279
@!@!@ENDMSG 2221 @!@!@
@!@!@STARTMSG 2221:0 @!@!@
  |line 447, col 29 to line 447, col 33 of module full: 107279
@!@!@ENDMSG 2221 @!@!@
@!@!@STARTMSG 2221:0 @!@!@
  ||line 429, col 18 to line 432, col 68 of module full: 107279
@!@!@ENDMSG 2221 @!@!@
@!@!@STARTMSG 2221:0 @!@!@
  |||line 429, col 21 to line 429, col 39 of module full: 107279
@!@!@ENDMSG 2221 @!@!@
@!@!@STARTMSG 2221:0 @!@!@
  |||line 430, col 21 to line 432, col 68 of module full: 3409
@!@!@ENDMSG 2221 @!@!@
@!@!@STARTMSG 2221:0 @!@!@
  line 448, col 20 to line 452, col 49 of module full: 107279
@!@!@ENDMSG 2221 @!@!@
@!@!@STARTMSG 2221:0 @!@!@
  line 81, col 29 to line 81, col 96 of module full: 0
@!@!@ENDMSG 2221 @!@!@
@!@!@STARTMSG 2221:0 @!@!@
  line 460, col 17 to line 460, col 68 of module full: 0
@!@!@ENDMSG 2221 @!@!@
@!@!@STARTMSG 2221:0 @!@!@
  line 463, col 17 to line 463, col 40 of module full: 107279
@!@!@ENDMSG 2221 @!@!@
@!@!@STARTMSG 2221:0 @!@!@
  line 464, col 17 to line 464, col 36 of module full: 107279
@!@!@ENDMSG 2221 @!@!@
@!@!@STARTMSG 2221:0 @!@!@
  line 465, col 17 to line 465, col 55 of module full: 0
@!@!@ENDMSG 2221 @!@!@
@!@!@STARTMSG 2221:0 @!@!@
  line 466, col 17 to line 466, col 89 of module full: 0
@!@!@ENDMSG 2221 @!@!@
@!@!@STARTMSG 2221:0 @!@!@
  line 469, col 17 to line 469, col 40 of module full: 214558
@!@!@ENDMSG 2221 @!@!@
@!@!@STARTMSG 2221:0 @!@!@
  |line 469, col 17 to line 469, col 23 of module full: 107279
@!@!@ENDMSG 2221 @!@!@
@!@!@STARTMSG 2221:0 @!@!@
  |line 469, col 27 to line 469, col 40 of module full: 107279
@!@!@ENDMSG 2221 @!@!@
@!@!@STARTMSG 2221:0 @!@!@
  line 470, col 17 to line 470, col 35 of module full: 214558
@!@!@ENDMSG 2221 @!@!@
@!@!@STARTMSG 2221:0 @!@!@
  |line 470, col 17 to line 470, col 24 of module full: 107279
@!@!@ENDMSG 2221 @!@!@
@!@!@STARTMSG 2221:0 @!@!@
  |line 470, col 28 to line 470, col 35 of module full: 107279
@!@!@ENDMSG 2221 @!@!@
@!@!@STARTMSG 2221:0 @!@!@
  line 429, col 21 to line 429, col 39 of module full: 211149
@!@!@ENDMSG 2221 @!@!@
@!@!@STARTMSG 2221:0 @!@!@
  |line 429, col 21 to line 429, col 35 of module full: 107279
@!@!@ENDMSG 2221 @!@!@
@!@!@STARTMSG 2221:0 @!@!@
  line 430, col 24 to line 430, col 42 of module full: 3409
@!@!@ENDMSG 2221 @!@!@
@!@!@STARTMSG 2221:0 @!@!@
  |line 430, col 24 to line 430, col 38 of module full: 107279
@!@!@ENDMSG 2221 @!@!@
@!@!@STARTMSG 2221:0 @!@!@
  line 431, col 24 to line 431, col 53 of module full: 3409
@!@!@ENDMSG 2221 @!@!@
@!@!@STARTMSG 2221:0 @!@!@
  line 432, col 24 to line 432, col 68 of module full: 6818
@!@!@ENDMSG 2221 @!@!@
@!@!@STARTMSG 2221:0 @!@!@
  |line 432, col 24 to line 432, col 37 of module full: 3409
@!@!@ENDMSG 2221 @!@!@
@!@!@STARTMSG 2221:0 @!@!@
  |line 432, col 41 to line 432, col 68 of module full: 3409
@!@!@ENDMSG 2221 @!@!@
@!@!@STARTMSG 2221:0 @!@!@
  line 472, col 20 to line 472, col 59 of module full: 107279
@!@!@ENDMSG 2221 @!@!@
@!@!@STARTMSG 2221:0 @!@!@
  line 473, col 20 to line 473, col 32 of module full: 214558
@!@!@ENDMSG 2221 @!@!@
@!@!@STARTMSG 2221:0 @!@!@
  |line 473, col 20 to line 473, col 20 of module full: 107279
@!@!@ENDMSG 2221 @!@!@
@!@!@STARTMSG 2221:0 @!@!@
  |line 473, col 26 to line 473, col 32 of module full: 107279
@!@!@ENDMSG 2221 @!@!@
@!@!@STARTMSG 2221:0 @!@!@
  line 474, col 19 to line 474, col 36 of module full: 107279
@!@!@ENDMSG 2221 @!@!@
@!@!@STARTMSG 2221:0 @!@!@
  line 480, col 30 to line 480, col 47 of module full: 107279
@!@!@ENDMSG 2221 @!@!@
@!@!@STARTMSG 2221:0 @!@!@
  line 481, col 33 to line 481, col 51 of module full: 148701
@!@!@ENDMSG 2221 @!@!@
@!@!@STARTMSG 2221:0 @!@!@
  |line 481, col 33 to line 481, col 42 of module full: 107279
@!@!@ENDMSG 2221 @!@!@
@!@!@STARTMSG 2221:0 @!@!@
  |line 481, col 47 to line 481, col 51 of module full: 107279
@!@!@ENDMSG 2221 @!@!@
@!@!@STARTMSG 2221:0 @!@!@
  line 482, col 33 to line 482, col 52 of module full: 41422
@!@!@ENDMSG 2221 @!@!@
@!@!@STARTMSG 2221:0 @!@!@
  |line 482, col 33 to line 482, col 43 of module full: 107279
@!@!@ENDMSG 2221 @!@!@
@!@!@STARTMSG 2221:0 @!@!@
  |line 482, col 48 to line 482, col 52 of module full: 107279
@!@!@ENDMSG 2221 @!@!@
@!@!@STARTMSG 2221:0 @!@!@
  line 483, col 33 to line 483, col 61 of module full: 82844
@!@!@ENDMSG 2221 @!@!@
@!@!@STARTMSG 2221:0 @!@!@
  |line 483, col 33 to line 483, col 45 of module full: 41422
@!@!@ENDMSG 2221 @!@!@
@!@!@STARTMSG 2221:0 @!@!@
  |line 483, col 49 to line 483, col 61 of module full: 41422
@!@!@ENDMSG 2221 @!@!@
@!@!@STARTMSG 2221:0 @!@!@
  line 484, col 27 to line 484, col 107 of module full: 41422
@!@!@ENDMSG 2221 @!@!@
@!@!@STARTMSG 2221:0 @!@!@
  |line 484, col 42 to line 484, col 107 of module full: 41422
@!@!@ENDMSG 2221 @!@!@
@!@!@STARTMSG 2221:0 @!@!@
  ||line 484, col 43 to line 484, col 53 of module full: 41422
@!@!@ENDMSG 2221 @!@!@
@!@!@STARTMSG 2221:0 @!@!@
  ||line 484, col 62 to line 484, col 106 of module full: 41422
@!@!@ENDMSG 2221 @!@!@
@!@!@STARTMSG 2221:0 @!@!@
  ||line 484, col 69 to line 484, col 106 of module full: 41422
@!@!@ENDMSG 2221 @!@!@
@!@!@STARTMSG 2221:0 @!@!@
  |||line 84, col 11 to line 84, col 46 of module full: 41422
@!@!@ENDMSG 2221 @!@!@
@!@!@STARTMSG 2221:0 @!@!@
  ||||line 84, col 28 to line 84, col 46 of module full: 41956
@!@!@ENDMSG 2221 @!@!@
@!@!@STARTMSG 2221:0 @!@!@
  |||||line 84, col 41 to line 84, col 46 of module full: 43024
@!@!@ENDMSG 2221 @!@!@
@!@!@STARTMSG 2221:0 @!@!@
  |||||line 84, col 37 to line 84, col 37 of module full: 41956
@!@!@ENDMSG 2221 @!@!@
@!@!@STARTMSG 2221:0 @!@!@
  ||||line 84, col 24 to line 84, col 24 of module full: 41422
@!@!@ENDMSG 2221 @!@!@
@!@!@STARTMSG 2775:0 @!@!@
  |||line 484, col 73 to line 484, col 105 of module full: 41422:126936
@!@!@ENDMSG 2775 @!@!@
@!@!@STARTMSG 2221:0 @!@!@
  ||||line 484, col 74 to line 484, col 87 of module full: 41422
@!@!@ENDMSG 2221 @!@!@
@!@!@STARTMSG 2221:0 @!@!@
  ||||line 484, col 90 to line 484, col 104 of module full: 41422
@!@!@ENDMSG 2221 @!@!@
@!@!@STARTMSG 2221:0 @!@!@
  |||||line 478, col 40 to line 478, col 77 of module full: 41422
@!@!@ENDMSG 2221 @!@!@
@!@!@STARTMSG 2221:0 @!@!@
  ||||||line 83, col 11 to line 83, col 46 of module full: 41422
@!@!@ENDMSG 2221 @!@!@
@!@!@STARTMSG 2221:0 @!@!@
  |||||||line 83, col 28 to line 83, col 46 of module full: 41422
@!@!@ENDMSG 2221 @!@!@
@!@!@STARTMSG 2221:0 @!@!@
  ||||||||line 83, col 41 to line 83, col 46 of module full: 82342
@!@!@ENDMSG 2221 @!@!@
@!@!@STARTMSG 2221:0 @!@!@
  ||||||||line 83, col 37 to line 83, col 37 of module full: 41422
@!@!@ENDMSG 2221 @!@!@
@!@!@STARTMSG 2221:0 @!@!@
  |||||||line 83, col 24 to line 83, col 24 of module full: 41422
@!@!@ENDMSG 2221 @!@!@
@!@!@STARTMSG 2775:0 @!@!@
  ||||||line 478, col 44 to line 478, col 76 of module full: 41422:165186
@!@!@ENDMSG 2775 @!@!@
@!@!@STARTMSG 2221:0 @!@!@
  line 81, col 29 to line 81, col 96 of module full: 41422
@!@!@ENDMSG 2221 @!@!@
@!@!@STARTMSG 2221:0 @!@!@
  |line 81, col 41 to line 81, col 96 of module full: 41422
@!@!@ENDMSG 2221 @!@!@
@!@!@STARTMSG 2221:0 @!@!@
  ||line 74, col 5 to line 77, col 12 of module full: 41422
@!@!@ENDMSG 2221 @!@!@
@!@!@STARTMSG 2221:0 @!@!@
  ||line 81, col 65 to line 81, col 95 of module full: 41422
@!@!@ENDMSG 2221 @!@!@
@!@!@STARTMSG 2221:0 @!@!@
  |||line 68, col 5 to line 71, col 24 of module full: 41422
@!@!@ENDMSG 2221 @!@!@
@!@!@STARTMSG 2221:0 @!@!@
  ||||line 68, col 8 to line 68, col 24 of module full: 41422
@!@!@ENDMSG 2221 @!@!@
@!@!@STARTMSG 2221:0 @!@!@
  ||||line 69, col 9 to line 69, col 68 of module full: 41422
@!@!@ENDMSG 2221 @!@!@
@!@!@STARTMSG 2221:0 @!@!@
  |||||line 69, col 10 to line 69, col 13 of module full: 41422
@!@!@ENDMSG 2221 @!@!@
@!@!@STARTMSG 2221:0 @!@!@
  |||||line 69, col 22 to line 69, col 66 of module full: 41422
@!@!@ENDMSG 2221 @!@!@
@!@!@STARTMSG 2221:0 @!@!@
  |||||line 69, col 29 to line 69, col 66 of module full: 41422
@!@!@ENDMSG 2221 @!@!@
@!@!@STARTMSG 2221:0 @!@!@
  ||||||line 69, col 32 to line 69, col 42 of module full: 41422
@!@!@ENDMSG 2221 @!@!@
@!@!@STARTMSG 2221:0 @!@!@
  ||||||line 69, col 49 to line 69, col 59 of module full: 38476
@!@!@ENDMSG 2221 @!@!@
@!@!@STARTMSG 2221:0 @!@!@
  |||line 81, col 87 to line 81, col 94 of module full: 41422
@!@!@ENDMSG 2221 @!@!@
@!@!@STARTMSG 2221:0 @!@!@
  line 485, col 33 to line 490, col 55 of module full: 41422
@!@!@ENDMSG 2221 @!@!@
@!@!@STARTMSG 2221:0 @!@!@
  line 492, col 27 to line 492, col 74 of module full: 41422
@!@!@ENDMSG 2221 @!@!@
@!@!@STARTMSG 2221:0 @!@!@
  line 495, col 27 to line 495, col 45 of module full: 107279
@!@!@ENDMSG 2221 @!@!@
@!@!@STARTMSG 2221:0 @!@!@
  line 496, col 27 to line 496, col 46 of module full: 107279
@!@!@ENDMSG 2221 @!@!@
@!@!@STARTMSG 2221:0 @!@!@
  line 497, col 27 to line 497, col 66 of module full: 41422
@!@!@ENDMSG 2221 @!@!@
@!@!@STARTMSG 2221:0 @!@!@
  line 499, col 30 to line 499, col 62 of module full: 0
@!@!@ENDMSG 2221 @!@!@
@!@!@STARTMSG 2221:0 @!@!@
  line 81, col 29 to line 81, col 96 of module full: 0
@!@!@ENDMSG 2221 @!@!@
@!@!@STARTMSG 2221:0 @!@!@
  line 505, col 27 to line 505, col 82 of module full: 0
@!@!@ENDMSG 2221 @!@!@
@!@!@STARTMSG 2221:0 @!@!@
  line 508, col 27 to line 508, col 45 of module full: 173136
@!@!@ENDMSG 2221 @!@!@
@!@!@STARTMSG 2221:0 @!@!@
  |line 508, col 27 to line 508, col 36 of module full: 107279
@!@!@ENDMSG 2221 @!@!@
@!@!@STARTMSG 2221:0 @!@!@
  |line 508, col 41 to line 508, col 45 of module full: 107279
@!@!@ENDMSG 2221 @!@!@
@!@!@STARTMSG 2221:0 @!@!@
  line 509, col 27 to line 509, col 55 of module full: 173136
@!@!@ENDMSG 2221 @!@!@
@!@!@STARTMSG 2221:0 @!@!@
  |line 509, col 27 to line 509, col 37 of module full: 107279
@!@!@ENDMSG 2221 @!@!@
@!@!@STARTMSG 2221:0 @!@!@
  |line 509, col 41 to line 509, col 55 of module full: 107279
@!@!@ENDMSG 2221 @!@!@
@!@!@STARTMSG 2221:0 @!@!@
  line 512, col 30 to line 513, col 127 of module full: 65857
@!@!@ENDMSG 2221 @!@!@
@!@!@STARTMSG 2221:0 @!@!@
  line 514, col 27 to line 514, col 107 of module full: 65857
@!@!@ENDMSG 2221 @!@!@
@!@!@STARTMSG 2221:0 @!@!@
  |line 514, col 42 to line 514, col 107 of module full: 65857
@!@!@ENDMSG 2221 @!@!@
@!@!@STARTMSG 2221:0 @!@!@
  ||line 514, col 43 to line 514, col 53 of module full: 65857
@!@!@ENDMSG 2221 @!@!@
@!@!@STARTMSG 2221:0 @!@!@
  ||line 514, col 62 to line 514, col 106 of module full: 65857
@!@!@ENDMSG 2221 @!@!@
@!@!@STARTMSG 2221:0 @!@!@
  ||line 514, col 69 to line 514, col 106 of module full: 65857
@!@!@ENDMSG 2221 @!@!@
@!@!@STARTMSG 2221:0 @!@!@
  |||line 84, col 11 to line 84, col 46 of module full: 65857
@!@!@ENDMSG 2221 @!@!@
@!@!@STARTMSG 2221:0 @!@!@
  ||||line 84, col 28 to line 84, col 46 of module full: 69756
@!@!@ENDMSG 2221 @!@!@
@!@!@STARTMSG 2221:0 @!@!@
  |||||line 84, col 41 to line 84, col 46 of module full: 77554
@!@!@ENDMSG 2221 @!@!@
@!@!@STARTMSG 2221:0 @!@!@
  |||||line 84, col 37 to line 84, col 37 of module full: 69756
@!@!@ENDMSG 2221 @!@!@
@!@!@STARTMSG 2221:0 @!@!@
  ||||line 84, col 24 to line 84, col 24 of module full: 65857
@!@!@ENDMSG 2221 @!@!@
@!@!@STARTMSG 2775:0 @!@!@
  |||line 514, col 73 to line 514, col 105 of module full: 65857:217066
@!@!@ENDMSG 2775 @!@!@
@!@!@STARTMSG 2221:0 @!@!@
  ||||line 514, col 74 to line 514, col 87 of module full: 65857
@!@!@ENDMSG 2221 @!@!@
@!@!@STARTMSG 2221:0 @!@!@
  ||||line 514, col 90 to line 514, col 104 of module full: 65857
@!@!@ENDMSG 2221 @!@!@
@!@!@STARTMSG 2221:0 @!@!@
  |||||line 478, col 40 to line 478, col 77 of module full: 65857
@!@!@ENDMSG 2221 @!@!@
@!@!@STARTMSG 2221:0 @!@!@
  ||||||line 83, col 11 to line 83, col 46 of module full: 65857
@!@!@ENDMSG 2221 @!@!@
@!@!@STARTMSG 2221:0 @!@!@
  |||||||line 83, col 28 to line 83, col 46 of module full: 65857
@!@!@ENDMSG 2221 @!@!@
@!@!@STARTMSG 2221:0 @!@!@
  ||||||||line 83, col 41 to line 83, col 46 of module full: 128473
@!@!@ENDMSG 2221 @!@!@
@!@!@STARTMSG 2221:0 @!@!@
  ||||||||line 83, col 37 to line 83, col 37 of module full: 65857
@!@!@ENDMSG 2221 @!@!@
@!@!@STARTMSG 2221:0 @!@!@
  |||||||line 83, col 24 to line 83, col 24 of module full: 65857
@!@!@ENDMSG 2221 @!@!@
@!@!@STARTMSG 2775:0 @!@!@
  ||||||line 478, col 44 to line 478, col 76 of module full: 65857:260187
@!@!@ENDMSG 2775 @!@!@
@!@!@STARTMSG 2221:0 @!@!@
  line 515, col 27 to line 521, col 35 of module full: 65857
@!@!@ENDMSG 2221 @!@!@
@!@!@STARTMSG 2221:0 @!@!@
  line 522, col 27 to line 522, col 50 of module full: 65857
@!@!@ENDMSG 2221 @!@!@
@!@!@STARTMSG 2221:0 @!@!@
  line 524, col 11 to line 525, col 72 of module full: 107279
@!@!@ENDMSG 2221 @!@!@
@!@!@STARTMSG 2221:0 @!@!@
  line 593, col 98 to line 593, col 98 of module full: 107279
@!@!@ENDMSG 2221 @!@!@
@!@!@STARTMSG 2221:0 @!@!@
  line 593, col 101 to line 593, col 101 of module full: 107279
@!@!@ENDMSG 2221 @!@!@
@!@!@STARTMSG 2221:0 @!@!@
  line 594, col 14 to line 594, col 44 of module full: 300818
@!@!@ENDMSG 2221 @!@!@
@!@!@STARTMSG 2221:0 @!@!@
  |line 594, col 14 to line 594, col 20 of module full: 249973
@!@!@ENDMSG 2221 @!@!@
@!@!@STARTMSG 2221:0 @!@!@
  |line 594, col 24 to line 594, col 44 of module full: 249973
@!@!@ENDMSG 2221 @!@!@
@!@!@STARTMSG 2221:0 @!@!@
  line 529, col 8 to line 529, col 27 of module full: 101690
@!@!@ENDMSG 2221 @!@!@
@!@!@STARTMSG 2221:0 @!@!@
  |line 529, col 8 to line 529, col 15 of module full: 50845
@!@!@ENDMSG 2221 @!@!@
@!@!@STARTMSG 2221:0 @!@!@
  |line 529, col 21 to line 529, col 27 of module full: 50845
@!@!@ENDMSG 2221 @!@!@
@!@!@STARTMSG 2221:0 @!@!@
  line 529, col 32 to line 529, col 53 of module full: 50845
@!@!@ENDMSG 2221 @!@!@
@!@!@STARTMSG 2221:0 @!@!@
  line 530, col 8 to line 530, col 25 of module full: 101690
@!@!@ENDMSG 2221 @!@!@
@!@!@STARTMSG 2221:0 @!@!@
  |line 530, col 8 to line 530, col 13 of module full: 50845
@!@!@ENDMSG 2221 @!@!@
@!@!@STARTMSG 2221:0 @!@!@
  |line 530, col 19 to line 530, col 25 of module full: 50845
@!@!@ENDMSG 2221 @!@!@
@!@!@STARTMSG 2221:0 @!@!@
  line 531, col 8 to line 531, col 38 of module full: 101690
@!@!@ENDMSG 2221 @!@!@
@!@!@STARTMSG 2221:0 @!@!@
  |line 531, col 8 to line 531, col 14 of module full: 50845
@!@!@ENDMSG 2221 @!@!@
@!@!@STARTMSG 2221:0 @!@!@
  |line 531, col 18 to line 531, col 38 of module full: 50845
@!@!@ENDMSG 2221 @!@!@
@!@!@STARTMSG 2221:0 @!@!@
  line 532, col 28 to line 532, col 46 of module full: 203380
@!@!@ENDMSG 2221 @!@!@
@!@!@STARTMSG 2221:0 @!@!@
  |line 532, col 28 to line 532, col 37 of module full: 152535
@!@!@ENDMSG 2221 @!@!@
@!@!@STARTMSG 2221:0 @!@!@
  |line 532, col 41 to line 532, col 46 of module full: 152535
@!@!@ENDMSG 2221 @!@!@
@!@!@STARTMSG 2221:0 @!@!@
  line 532, col 19 to line 532, col 25 of module full: 50845
@!@!@ENDMSG 2221 @!@!@
@!@!@STARTMSG 2221:0 @!@!@
  line 534, col 14 to line 534, col 44 of module full: 101690
@!@!@ENDMSG 2221 @!@!@
@!@!@STARTMSG 2221:0 @!@!@
  |line 534, col 14 to line 534, col 20 of module full: 50845
@!@!@ENDMSG 2221 @!@!@
@!@!@STARTMSG 2221:0 @!@!@
  |line 534, col 24 to line 534, col 44 of module full: 50845
@!@!@ENDMSG 2221 @!@!@
@!@!@STARTMSG 2221:0 @!@!@
  line 535, col 20 to line 535, col 29 of module full: 101690
@!@!@ENDMSG 2221 @!@!@
@!@!@STARTMSG 2221:0 @!@!@
  |line 535, col 20 to line 535, col 20 of module full: 50845
@!@!@ENDMSG 2221 @!@!@
@!@!@STARTMSG 2221:0 @!@!@
  line 540, col 26 to line 540, col 98 of module full: 50845
@!@!@ENDMSG 2221 @!@!@
@!@!@STARTMSG 2221:0 @!@!@
  |line 540, col 40 to line 540, col 98 of module full: 50845
@!@!@ENDMSG 2221 @!@!@
@!@!@STARTMSG 2221:0 @!@!@
  ||line 540, col 41 to line 540, col 49 of module full: 50845
@!@!@ENDMSG 2221 @!@!@
@!@!@STARTMSG 2221:0 @!@!@
  ||line 540, col 59 to line 540, col 97 of module full: 50845
@!@!@ENDMSG 2221 @!@!@
@!@!@STARTMSG 2221:0 @!@!@
  ||line 540, col 81 to line 540, col 97 of module full: 50845
@!@!@ENDMSG 2221 @!@!@
@!@!@STARTMSG 2221:0 @!@!@
  |||line 540, col 81 to line 540, col 93 of module full: 50845
@!@!@ENDMSG 2221 @!@!@
@!@!@STARTMSG 2221:0 @!@!@
  ||||line 536, col 41 to line 536, col 90 of module full: 50845
@!@!@ENDMSG 2221 @!@!@
@!@!@STARTMSG 2221:0 @!@!@
  |||||line 84, col 11 to line 84, col 46 of module full: 50845
@!@!@ENDMSG 2221 @!@!@
@!@!@STARTMSG 2221:0 @!@!@
  ||||||line 84, col 28 to line 84, col 46 of module full: 97404
@!@!@ENDMSG 2221 @!@!@
@!@!@STARTMSG 2221:0 @!@!@
  |||||||line 84, col 41 to line 84, col 46 of module full: 190522
@!@!@ENDMSG 2221 @!@!@
@!@!@STARTMSG 2221:0 @!@!@
  |||||||line 84, col 37 to line 84, col 37 of module full: 97404
@!@!@ENDMSG 2221 @!@!@
@!@!@STARTMSG 2221:0 @!@!@
  ||||||line 84, col 24 to line 84, col 24 of module full: 50845
@!@!@ENDMSG 2221 @!@!@
@!@!@STARTMSG 2775:0 @!@!@
  |||||line 536, col 45 to line 536, col 89 of module full: 50845:385330
@!@!@ENDMSG 2775 @!@!@
@!@!@STARTMSG 2221:0 @!@!@
  line 541, col 26 to line 541, col 94 of module full: 50845
@!@!@ENDMSG 2221 @!@!@
@!@!@STARTMSG 2221:0 @!@!@
  |line 541, col 40 to line 541, col 94 of module full: 50845
@!@!@ENDMSG 2221 @!@!@
@!@!@STARTMSG 2221:0 @!@!@
  ||line 541, col 41 to line 541, col 50 of module full: 50845
@!@!@ENDMSG 2221 @!@!@
@!@!@STARTMSG 2221:0 @!@!@
  ||line 541, col 59 to line 541, col 93 of module full: 50845
@!@!@ENDMSG 2221 @!@!@
@!@!@STARTMSG 2221:0 @!@!@
  ||line 541, col 81 to line 541, col 93 of module full: 50845
@!@!@ENDMSG 2221 @!@!@
@!@!@STARTMSG 2221:0 @!@!@
  |||line 536, col 41 to line 536, col 90 of module full: 50845
@!@!@ENDMSG 2221 @!@!@
@!@!@STARTMSG 2221:0 @!@!@
  ||||line 84, col 11 to line 84, col 46 of module full: 50845
@!@!@ENDMSG 2221 @!@!@
@!@!@STARTMSG 2221:0 @!@!@
  |||||line 84, col 28 to line 84, col 46 of module full: 97404
@!@!@ENDMSG 2221 @!@!@
@!@!@STARTMSG 2221:0 @!@!@
  ||||||line 84, col 41 to line 84, col 46 of module full: 190522
@!@!@ENDMSG 2221 @!@!@
@!@!@STARTMSG 2221:0 @!@!@
  ||||||line 84, col 37 to line 84, col 37 of module full: 97404
@!@!@ENDMSG 2221 @!@!@
@!@!@STARTMSG 2221:0 @!@!@
  |||||line 84, col 24 to line 84, col 24 of module full: 50845
@!@!@ENDMSG 2221 @!@!@
@!@!@STARTMSG 2775:0 @!@!@
  ||||line 536, col 45 to line 536, col 89 of module full: 50845:385330
@!@!@ENDMSG 2775 @!@!@
@!@!@STARTMSG 2221:0 @!@!@
  line 542, col 26 to line 547, col 48 of module full: 50845
@!@!@ENDMSG 2221 @!@!@
@!@!@STARTMSG 2221:0 @!@!@
  |line 543, col 28 to line 547, col 48 of module full: 50845
@!@!@ENDMSG 2221 @!@!@
@!@!@STARTMSG 2221:0 @!@!@
  ||line 543, col 31 to line 545, col 70 of module full: 50845
@!@!@ENDMSG 2221 @!@!@
@!@!@STARTMSG 2221:0 @!@!@
  |||line 543, col 34 to line 543, col 53 of module full: 50845
@!@!@ENDMSG 2221 @!@!@
@!@!@STARTMSG 2221:0 @!@!@
  ||||line 543, col 34 to line 543, col 41 of module full: 50845
@!@!@ENDMSG 2221 @!@!@
@!@!@STARTMSG 2221:0 @!@!@
  |||||line 537, col 36 to line 539, col 49 of module full: 50845
@!@!@ENDMSG 2221 @!@!@
@!@!@STARTMSG 2221:0 @!@!@
  ||||||line 537, col 39 to line 537, col 94 of module full: 50845
@!@!@ENDMSG 2221 @!@!@
@!@!@STARTMSG 2221:0 @!@!@
  |||||||line 537, col 39 to line 537, col 55 of module full: 50845
@!@!@ENDMSG 2221 @!@!@
@!@!@STARTMSG 2221:0 @!@!@
  ||||||||line 537, col 39 to line 537, col 51 of module full: 50845
@!@!@ENDMSG 2221 @!@!@
@!@!@STARTMSG 2221:0 @!@!@
  |||||||||line 536, col 41 to line 536, col 90 of module full: 50845
@!@!@ENDMSG 2221 @!@!@
@!@!@STARTMSG 2221:0 @!@!@
  ||||||||||line 84, col 11 to line 84, col 46 of module full: 50845
@!@!@ENDMSG 2221 @!@!@
@!@!@STARTMSG 2221:0 @!@!@
  |||||||||||line 84, col 28 to line 84, col 46 of module full: 97404
@!@!@ENDMSG 2221 @!@!@
@!@!@STARTMSG 2221:0 @!@!@
  ||||||||||||line 84, col 41 to line 84, col 46 of module full: 190522
@!@!@ENDMSG 2221 @!@!@
@!@!@STARTMSG 2221:0 @!@!@
  ||||||||||||line 84, col 37 to line 84, col 37 of module full: 97404
@!@!@ENDMSG 2221 @!@!@
@!@!@STARTMSG 2221:0 @!@!@
  |||||||||||line 84, col 24 to line 84, col 24 of module full: 50845
@!@!@ENDMSG 2221 @!@!@
@!@!@STARTMSG 2775:0 @!@!@
  ||||||||||line 536, col 45 to line 536, col 89 of module full: 50845:385330
@!@!@ENDMSG 2775 @!@!@
@!@!@STARTMSG 2221:0 @!@!@
  |||||||line 537, col 60 to line 537, col 94 of module full: 50845
@!@!@ENDMSG 2221 @!@!@
@!@!@STARTMSG 2221:0 @!@!@
  ||||||||line 537, col 60 to line 537, col 72 of module full: 50845
@!@!@ENDMSG 2221 @!@!@
@!@!@STARTMSG 2221:0 @!@!@
  |||||||||line 536, col 41 to line 536, col 90 of module full: 50845
@!@!@ENDMSG 2221 @!@!@
@!@!@STARTMSG 2221:0 @!@!@
  ||||||||||line 84, col 11 to line 84, col 46 of module full: 50845
@!@!@ENDMSG 2221 @!@!@
@!@!@STARTMSG 2221:0 @!@!@
  |||||||||||line 84, col 28 to line 84, col 46 of module full: 97404
@!@!@ENDMSG 2221 @!@!@
@!@!@STARTMSG 2221:0 @!@!@
  ||||||||||||line 84, col 41 to line 84, col 46 of module full: 190522
@!@!@ENDMSG 2221 @!@!@
@!@!@STARTMSG 2221:0 @!@!@
  ||||||||||||line 84, col 37 to line 84, col 37 of module full: 97404
@!@!@ENDMSG 2221 @!@!@
@!@!@STARTMSG 2221:0 @!@!@
  |||||||||||line 84, col 24 to line 84, col 24 of module full: 50845
@!@!@ENDMSG 2221 @!@!@
@!@!@STARTMSG 2775:0 @!@!@
  ||||||||||line 536, col 45 to line 536, col 89 of module full: 50845:385330
@!@!@ENDMSG 2775 @!@!@
@!@!@STARTMSG 2221:0 @!@!@
  ||||||||line 537, col 77 to line 537, col 94 of module full: 50845
@!@!@ENDMSG 2221 @!@!@
@!@!@STARTMSG 2221:0 @!@!@
  ||||||line 538, col 42 to line 538, col 93 of module full: 50845
@!@!@ENDMSG 2221 @!@!@
@!@!@STARTMSG 2221:0 @!@!@
  |||||||line 538, col 44 to line 538, col 56 of module full: 50845
@!@!@ENDMSG 2221 @!@!@
@!@!@STARTMSG 2221:0 @!@!@
  ||||||||line 536, col 41 to line 536, col 90 of module full: 50845
@!@!@ENDMSG 2221 @!@!@
@!@!@STARTMSG 2221:0 @!@!@
  |||||||||line 84, col 11 to line 84, col 46 of module full: 50845
@!@!@ENDMSG 2221 @!@!@
@!@!@STARTMSG 2221:0 @!@!@
  ||||||||||line 84, col 28 to line 84, col 46 of module full: 97404
@!@!@ENDMSG 2221 @!@!@
@!@!@STARTMSG 2221:0 @!@!@
  |||||||||||line 84, col 41 to line 84, col 46 of module full: 190522
@!@!@ENDMSG 2221 @!@!@
@!@!@STARTMSG 2221:0 @!@!@
  |||||||||||line 84, col 37 to line 84, col 37 of module full: 97404
@!@!@ENDMSG 2221 @!@!@
@!@!@STARTMSG 2221:0 @!@!@
  ||||||||||line 84, col 24 to line 84, col 24 of module full: 50845
@!@!@ENDMSG 2221 @!@!@
@!@!@STARTMSG 2775:0 @!@!@
  |||||||||line 536, col 45 to line 536, col 89 of module full: 50845:385330
@!@!@ENDMSG 2775 @!@!@
@!@!@STARTMSG 2221:0 @!@!@
  |||||||line 538, col 59 to line 538, col 91 of module full: 50845
@!@!@ENDMSG 2221 @!@!@
@!@!@STARTMSG 2221:0 @!@!@
  ||||||||line 538, col 59 to line 538, col 86 of module full: 50845
@!@!@ENDMSG 2221 @!@!@
@!@!@STARTMSG 2221:0 @!@!@
  |||||||||line 538, col 59 to line 538, col 71 of module full: 50845
@!@!@ENDMSG 2221 @!@!@
@!@!@STARTMSG 2221:0 @!@!@
  |||||||||line 538, col 73 to line 538, col 85 of module full: 50845
@!@!@ENDMSG 2221 @!@!@
@!@!@STARTMSG 2221:0 @!@!@
  ||||||||||line 536, col 41 to line 536, col 90 of module full: 50845
@!@!@ENDMSG 2221 @!@!@
@!@!@STARTMSG 2221:0 @!@!@
  |||||||||||line 84, col 11 to line 84, col 46 of module full: 50845
@!@!@ENDMSG 2221 @!@!@
@!@!@STARTMSG 2221:0 @!@!@
  ||||||||||||line 84, col 28 to line 84, col 46 of module full: 97404
@!@!@ENDMSG 2221 @!@!@
@!@!@STARTMSG 2221:0 @!@!@
  |||||||||||||line 84, col 41 to line 84, col 46 of module full: 190522
@!@!@ENDMSG 2221 @!@!@
@!@!@STARTMSG 2221:0 @!@!@
  |||||||||||||line 84, col 37 to line 84, col 37 of module full: 97404
@!@!@ENDMSG 2221 @!@!@
@!@!@STARTMSG 2221:0 @!@!@
  ||||||||||||line 84, col 24 to line 84, col 24 of module full: 50845
@!@!@ENDMSG 2221 @!@!@
@!@!@STARTMSG 2775:0 @!@!@
  |||||||||||line 536, col 45 to line 536, col 89 of module full: 50845:385330
@!@!@ENDMSG 2775 @!@!@
@!@!@STARTMSG 2221:0 @!@!@
  ||||line 543, col 46 to line 543, col 53 of module full: 50845
@!@!@ENDMSG 2221 @!@!@
@!@!@STARTMSG 2221:0 @!@!@
  |||line 544, col 34 to line 544, col 69 of module full: 50845
@!@!@ENDMSG 2221 @!@!@
@!@!@STARTMSG 2221:0 @!@!@
  ||||line 544, col 34 to line 544, col 41 of module full: 50845
@!@!@ENDMSG 2221 @!@!@
@!@!@STARTMSG 2221:0 @!@!@
  |||||line 537, col 36 to line 539, col 49 of module full: 50845
@!@!@ENDMSG 2221 @!@!@
@!@!@STARTMSG 2221:0 @!@!@
  ||||||line 537, col 39 to line 537, col 94 of module full: 50845
@!@!@ENDMSG 2221 @!@!@
@!@!@STARTMSG 2221:0 @!@!@
  |||||||line 537, col 39 to line 537, col 55 of module full: 50845
@!@!@ENDMSG 2221 @!@!@
@!@!@STARTMSG 2221:0 @!@!@
  ||||||||line 537, col 39 to line 537, col 51 of module full: 50845
@!@!@ENDMSG 2221 @!@!@
@!@!@STARTMSG 2221:0 @!@!@
  |||||||||line 536, col 41 to line 536, col 90 of module full: 50845
@!@!@ENDMSG 2221 @!@!@
@!@!@STARTMSG 2221:0 @!@!@
  ||||||||||line 84, col 11 to line 84, col 46 of module full: 50845
@!@!@ENDMSG 2221 @!@!@
@!@!@STARTMSG 2221:0 @!@!@
  |||||||||||line 84, col 28 to line 84, col 46 of module full: 97404
@!@!@ENDMSG 2221 @!@!@
@!@!@STARTMSG 2221:0 @!@!@
  ||||||||||||line 84, col 41 to line 84, col 46 of module full: 190522
@!@!@ENDMSG 2221 @!@!@
@!@!@STARTMSG 2221:0 @!@!@
  ||||||||||||line 84, col 37 to line 84, col 37 of module full: 97404
@!@!@ENDMSG 2221 @!@!@
@!@!@STARTMSG 2221:0 @!@!@
  |||||||||||line 84, col 24 to line 84, col 24 of module full: 50845
@!@!@ENDMSG 2221 @!@!@
@!@!@STARTMSG 2775:0 @!@!@
  ||||||||||line 536, col 45 to line 536, col 89 of module full: 50845:385330
@!@!@ENDMSG 2775 @!@!@
@!@!@STARTMSG 2221:0 @!@!@
  |||||||line 537, col 60 to line 537, col 94 of module full: 50845
@!@!@ENDMSG 2221 @!@!@
@!@!@STARTMSG 2221:0 @!@!@
  ||||||||line 537, col 60 to line 537, col 72 of module full: 50845
@!@!@ENDMSG 2221 @!@!@
@!@!@STARTMSG 2221:0 @!@!@
  |||||||||line 536, col 41 to line 536, col 90 of module full: 50845
@!@!@ENDMSG 2221 @!@!@
@!@!@STARTMSG 2221:0 @!@!@
  ||||||||||line 84, col 11 to line 84, col 46 of module full: 50845
@!@!@ENDMSG 2221 @!@!@
@!@!@STARTMSG 2221:0 @!@!@
  |||||||||||line 84, col 28 to line 84, col 46 of module full: 97404
@!@!@ENDMSG 2221 @!@!@
@!@!@STARTMSG 2221:0 @!@!@
  ||||||||||||line 84, col 41 to line 84, col 46 of module full: 190522
@!@!@ENDMSG 2221 @!@!@
@!@!@STARTMSG 2221:0 @!@!@
  ||||||||||||line 84, col 37 to line 84, col 37 of module full: 97404
@!@!@ENDMSG 2221 @!@!@
@!@!@STARTMSG 2221:0 @!@!@
  |||||||||||line 84, col 24 to line 84, col 24 of module full: 50845
@!@!@ENDMSG 2221 @!@!@
@!@!@STARTMSG 2775:0 @!@!@
  ||||||||||line 536, col 45 to line 536, col 89 of module full: 50845:385330
@!@!@ENDMSG 2775 @!@!@
@!@!@STARTMSG 2221:0 @!@!@
  ||||||||line 537, col 77 to line 537, col 94 of module full: 50845
@!@!@ENDMSG 2221 @!@!@
@!@!@STARTMSG 2221:0 @!@!@
  ||||||line 538, col 42 to line 538, col 93 of module full: 50845
@!@!@ENDMSG 2221 @!@!@
@!@!@STARTMSG 2221:0 @!@!@
  |||||||line 538, col 44 to line 538, col 56 of module full: 50845
@!@!@ENDMSG 2221 @!@!@
@!@!@STARTMSG 2221:0 @!@!@
  ||||||||line 536, col 41 to line 536, col 90 of module full: 50845
@!@!@ENDMSG 2221 @!@!@
@!@!@STARTMSG 2221:0 @!@!@
  |||||||||line 84, col 11 to line 84, col 46 of module full: 50845
@!@!@ENDMSG 2221 @!@!@
@!@!@STARTMSG 2221:0 @!@!@
  ||||||||||line 84, col 28 to line 84, col 46 of module full: 97404
@!@!@ENDMSG 2221 @!@!@
@!@!@STARTMSG 2221:0 @!@!@
  |||||||||||line 84, col 41 to line 84, col 46 of module full: 190522
@!@!@ENDMSG 2221 @!@!@
@!@!@STARTMSG 2221:0 @!@!@
  |||||||||||line 84, col 37 to line 84, col 37 of module full: 97404
@!@!@ENDMSG 2221 @!@!@
@!@!@STARTMSG 2221:0 @!@!@
  ||||||||||line 84, col 24 to line 84, col 24 of module full: 50845
@!@!@ENDMSG 2221 @!@!@
@!@!@STARTMSG 2775:0 @!@!@
  |||||||||line 536, col 45 to line 536, col 89 of module full: 50845:385330
@!@!@ENDMSG 2775 @!@!@
@!@!@STARTMSG 2221:0 @!@!@
  |||||||line 538, col 59 to line 538, col 91 of module full: 50845
@!@!@ENDMSG 2221 @!@!@
@!@!@STARTMSG 2221:0 @!@!@
  ||||||||line 538, col 59 to line 538, col 86 of module full: 50845
@!@!@ENDMSG 2221 @!@!@
@!@!@STARTMSG 2221:0 @!@!@
  |||||||||line 538, col 59 to line 538, col 71 of module full: 50845
@!@!@ENDMSG 2221 @!@!@
@!@!@STARTMSG 2221:0 @!@!@
  |||||||||line 538, col 73 to line 538, col 85 of module full: 50845
@!@!@ENDMSG 2221 @!@!@
@!@!@STARTMSG 2221:0 @!@!@
  ||||||||||line 536, col 41 to line 536, col 90 of module full: 50845
@!@!@ENDMSG 2221 @!@!@
@!@!@STARTMSG 2221:0 @!@!@
  |||||||||||line 84, col 11 to line 84, col 46 of module full: 50845
@!@!@ENDMSG 2221 @!@!@
@!@!@STARTMSG 2221:0 @!@!@
  ||||||||||||line 84, col 28 to line 84, col 46 of module full: 97404
@!@!@ENDMSG 2221 @!@!@
@!@!@STARTMSG 2221:0 @!@!@
  |||||||||||||line 84, col 41 to line 84, col 46 of module full: 190522
@!@!@ENDMSG 2221 @!@!@
@!@!@STARTMSG 2221:0 @!@!@
  |||||||||||||line 84, col 37 to line 84, col 37 of module full: 97404
@!@!@ENDMSG 2221 @!@!@
@!@!@STARTMSG 2221:0 @!@!@
  ||||||||||||line 84, col 24 to line 84, col 24 of module full: 50845
@!@!@ENDMSG 2221 @!@!@
@!@!@STARTMSG 2775:0 @!@!@
  |||||||||||line 536, col 45 to line 536, col 89 of module full: 50845:385330
@!@!@ENDMSG 2775 @!@!@
@!@!@STARTMSG 2221:0 @!@!@
  ||||line 544, col 47 to line 544, col 69 of module full: 50845
@!@!@ENDMSG 2221 @!@!@
@!@!@STARTMSG 2221:0 @!@!@
  |||line 545, col 34 to line 545, col 70 of module full: 50845
@!@!@ENDMSG 2221 @!@!@
@!@!@STARTMSG 2221:0 @!@!@
  ||||line 545, col 35 to line 545, col 70 of module full: 50845
@!@!@ENDMSG 2221 @!@!@
@!@!@STARTMSG 2221:0 @!@!@
  |||||line 545, col 35 to line 545, col 60 of module full: 50845
@!@!@ENDMSG 2221 @!@!@
@!@!@STARTMSG 2221:0 @!@!@
  ||||||line 545, col 35 to line 545, col 50 of module full: 50845
@!@!@ENDMSG 2221 @!@!@
@!@!@STARTMSG 2221:0 @!@!@
  ||||||line 545, col 52 to line 545, col 59 of module full: 50845
@!@!@ENDMSG 2221 @!@!@
@!@!@STARTMSG 2221:0 @!@!@
  |||||||line 537, col 36 to line 539, col 49 of module full: 50845
@!@!@ENDMSG 2221 @!@!@
@!@!@STARTMSG 2221:0 @!@!@
  ||||||||line 537, col 39 to line 537, col 94 of module full: 50845
@!@!@ENDMSG 2221 @!@!@
@!@!@STARTMSG 2221:0 @!@!@
  |||||||||line 537, col 39 to line 537, col 55 of module full: 50845
@!@!@ENDMSG 2221 @!@!@
@!@!@STARTMSG 2221:0 @!@!@
  ||||||||||line 537, col 39 to line 537, col 51 of module full: 50845
@!@!@ENDMSG 2221 @!@!@
@!@!@STARTMSG 2221:0 @!@!@
  |||||||||||line 536, col 41 to line 536, col 90 of module full: 50845
@!@!@ENDMSG 2221 @!@!@
@!@!@STARTMSG 2221:0 @!@!@
  ||||||||||||line 84, col 11 to line 84, col 46 of module full: 50845
@!@!@ENDMSG 2221 @!@!@
@!@!@STARTMSG 2221:0 @!@!@
  |||||||||||||line 84, col 28 to line 84, col 46 of module full: 97404
@!@!@ENDMSG 2221 @!@!@
@!@!@STARTMSG 2221:0 @!@!@
  ||||||||||||||line 84, col 41 to line 84, col 46 of module full: 190522
@!@!@ENDMSG 2221 @!@!@
@!@!@STARTMSG 2221:0 @!@!@
  ||||||||||||||line 84, col 37 to line 84, col 37 of module full: 97404
@!@!@ENDMSG 2221 @!@!@
@!@!@STARTMSG 2221:0 @!@!@
  |||||||||||||line 84, col 24 to line 84, col 24 of module full: 50845
@!@!@ENDMSG 2221 @!@!@
@!@!@STARTMSG 2775:0 @!@!@
  ||||||||||||line 536, col 45 to line 536, col 89 of module full: 50845:385330
@!@!@ENDMSG 2775 @!@!@
@!@!@STARTMSG 2221:0 @!@!@
  |||||||||line 537, col 60 to line 537, col 94 of module full: 50845
@!@!@ENDMSG 2221 @!@!@
@!@!@STARTMSG 2221:0 @!@!@
  ||||||||||line 537, col 60 to line 537, col 72 of module full: 50845
@!@!@ENDMSG 2221 @!@!@
@!@!@STARTMSG 2221:0 @!@!@
  |||||||||||line 536, col 41 to line 536, col 90 of module full: 50845
@!@!@ENDMSG 2221 @!@!@
@!@!@STARTMSG 2221:0 @!@!@
  ||||||||||||line 84, col 11 to line 84, col 46 of module full: 50845
@!@!@ENDMSG 2221 @!@!@
@!@!@STARTMSG 2221:0 @!@!@
  |||||||||||||line 84, col 28 to line 84, col 46 of module full: 97404
@!@!@ENDMSG 2221 @!@!@
@!@!@STARTMSG 2221:0 @!@!@
  ||||||||||||||line 84, col 41 to line 84, col 46 of module full: 190522
@!@!@ENDMSG 2221 @!@!@
@!@!@STARTMSG 2221:0 @!@!@
  ||||||||||||||line 84, col 37 to line 84, col 37 of module full: 97404
@!@!@ENDMSG 2221 @!@!@
@!@!@STARTMSG 2221:0 @!@!@
  |||||||||||||line 84, col 24 to line 84, col 24 of module full: 50845
@!@!@ENDMSG 2221 @!@!@
@!@!@STARTMSG 2775:0 @!@!@
  ||||||||||||line 536, col 45 to line 536, col 89 of module full: 50845:385330
@!@!@ENDMSG 2775 @!@!@
@!@!@STARTMSG 2221:0 @!@!@
  ||||||||||line 537, col 77 to line 537, col 94 of module full: 50845
@!@!@ENDMSG 2221 @!@!@
@!@!@STARTMSG 2221:0 @!@!@
  ||||||||line 538, col 42 to line 538, col 93 of module full: 50845
@!@!@ENDMSG 2221 @!@!@
@!@!@STARTMSG 2221:0 @!@!@
  |||||||||line 538, col 44 to line 538, col 56 of module full: 50845
@!@!@ENDMSG 2221 @!@!@
@!@!@STARTMSG 2221:0 @!@!@
  ||||||||||line 536, col 41 to line 536, col 90 of module full: 50845
@!@!@ENDMSG 2221 @!@!@
@!@!@STARTMSG 2221:0 @!@!@
  |||||||||||line 84, col 11 to line 84, col 46 of module full: 50845
@!@!@ENDMSG 2221 @!@!@
@!@!@STARTMSG 2221:0 @!@!@
  ||||||||||||line 84, col 28 to line 84, col 46 of module full: 97404
@!@!@ENDMSG 2221 @!@!@
@!@!@STARTMSG 2221:0 @!@!@
  |||||||||||||line 84, col 41 to line 84, col 46 of module full: 190522
@!@!@ENDMSG 2221 @!@!@
@!@!@STARTMSG 2221:0 @!@!@
  |||||||||||||line 84, col 37 to line 84, col 37 of module full: 97404
@!@!@ENDMSG 2221 @!@!@
@!@!@STARTMSG 2221:0 @!@!@
  ||||||||||||line 84, col 24 to line 84, col 24 of module full: 50845
@!@!@ENDMSG 2221 @!@!@
@!@!@STARTMSG 2775:0 @!@!@
  |||||||||||line 536, col 45 to line 536, col 89 of module full: 50845:385330
@!@!@ENDMSG 2775 @!@!@
@!@!@STARTMSG 2221:0 @!@!@
  |||||||||line 538, col 59 to line 538, col 91 of module full: 50845
@!@!@ENDMSG 2221 @!@!@
@!@!@STARTMSG 2221:0 @!@!@
  ||||||||||line 538, col 59 to line 538, col 86 of module full: 50845
@!@!@ENDMSG 2221 @!@!@
@!@!@STARTMSG 2221:0 @!@!@
  |||||||||||line 538, col 59 to line 538, col 71 of module full: 50845
@!@!@ENDMSG 2221 @!@!@
@!@!@STARTMSG 2221:0 @!@!@
  |||||||||||line 538, col 73 to line 538, col 85 of module full: 50845
@!@!@ENDMSG 2221 @!@!@
@!@!@STARTMSG 2221:0 @!@!@
  ||||||||||||line 536, col 41 to line 536, col 90 of module full: 50845
@!@!@ENDMSG 2221 @!@!@
@!@!@STARTMSG 2221:0 @!@!@
  |||||||||||||line 84, col 11 to line 84, col 46 of module full: 50845
@!@!@ENDMSG 2221 @!@!@
@!@!@STARTMSG 2221:0 @!@!@
  ||||||||||||||line 84, col 28 to line 84, col 46 of module full: 97404
@!@!@ENDMSG 2221 @!@!@
@!@!@STARTMSG 2221:0 @!@!@
  |||||||||||||||line 84, col 41 to line 84, col 46 of module full: 190522
@!@!@ENDMSG 2221 @!@!@
@!@!@STARTMSG 2221:0 @!@!@
  |||||||||||||||line 84, col 37 to line 84, col 37 of module full: 97404
@!@!@ENDMSG 2221 @!@!@
@!@!@STARTMSG 2221:0 @!@!@
  ||||||||||||||line 84, col 24 to line 84, col 24 of module full: 50845
@!@!@ENDMSG 2221 @!@!@
@!@!@STARTMSG 2775:0 @!@!@
  |||||||||||||line 536, col 45 to line 536, col 89 of module full: 50845:385330
@!@!@ENDMSG 2775 @!@!@
@!@!@STARTMSG 2221:0 @!@!@
  ||line 546, col 33 to line 546, col 86 of module full: 47483
@!@!@ENDMSG 2221 @!@!@
@!@!@STARTMSG 2221:0 @!@!@
  |||line 546, col 34 to line 546, col 49 of module full: 47483
@!@!@ENDMSG 2221 @!@!@
@!@!@STARTMSG 2221:0 @!@!@
  |||line 546, col 60 to line 546, col 67 of module full: 47483
@!@!@ENDMSG 2221 @!@!@
@!@!@STARTMSG 2221:0 @!@!@
  ||||line 537, col 36 to line 539, col 49 of module full: 47483
@!@!@ENDMSG 2221 @!@!@
@!@!@STARTMSG 2221:0 @!@!@
  |||||line 537, col 39 to line 537, col 94 of module full: 47483
@!@!@ENDMSG 2221 @!@!@
@!@!@STARTMSG 2221:0 @!@!@
  ||||||line 537, col 39 to line 537, col 55 of module full: 47483
@!@!@ENDMSG 2221 @!@!@
@!@!@STARTMSG 2221:0 @!@!@
  |||||||line 537, col 39 to line 537, col 51 of module full: 47483
@!@!@ENDMSG 2221 @!@!@
@!@!@STARTMSG 2221:0 @!@!@
  ||||||||line 536, col 41 to line 536, col 90 of module full: 47483
@!@!@ENDMSG 2221 @!@!@
@!@!@STARTMSG 2221:0 @!@!@
  |||||||||line 84, col 11 to line 84, col 46 of module full: 47483
@!@!@ENDMSG 2221 @!@!@
@!@!@STARTMSG 2221:0 @!@!@
  ||||||||||line 84, col 28 to line 84, col 46 of module full: 91828
@!@!@ENDMSG 2221 @!@!@
@!@!@STARTMSG 2221:0 @!@!@
  |||||||||||line 84, col 41 to line 84, col 46 of module full: 180518
@!@!@ENDMSG 2221 @!@!@
@!@!@STARTMSG 2221:0 @!@!@
  |||||||||||line 84, col 37 to line 84, col 37 of module full: 91828
@!@!@ENDMSG 2221 @!@!@
@!@!@STARTMSG 2221:0 @!@!@
  ||||||||||line 84, col 24 to line 84, col 24 of module full: 47483
@!@!@ENDMSG 2221 @!@!@
@!@!@STARTMSG 2775:0 @!@!@
  |||||||||line 536, col 45 to line 536, col 89 of module full: 47483:364174
@!@!@ENDMSG 2775 @!@!@
@!@!@STARTMSG 2221:0 @!@!@
  ||||||line 537, col 60 to line 537, col 94 of module full: 47483
@!@!@ENDMSG 2221 @!@!@
@!@!@STARTMSG 2221:0 @!@!@
  |||||||line 537, col 60 to line 537, col 72 of module full: 47483
@!@!@ENDMSG 2221 @!@!@
@!@!@STARTMSG 2221:0 @!@!@
  ||||||||line 536, col 41 to line 536, col 90 of module full: 47483
@!@!@ENDMSG 2221 @!@!@
@!@!@STARTMSG 2221:0 @!@!@
  |||||||||line 84, col 11 to line 84, col 46 of module full: 47483
@!@!@ENDMSG 2221 @!@!@
@!@!@STARTMSG 2221:0 @!@!@
  ||||||||||line 84, col 28 to line 84, col 46 of module full: 91828
@!@!@ENDMSG 2221 @!@!@
@!@!@STARTMSG 2221:0 @!@!@
  |||||||||||line 84, col 41 to line 84, col 46 of module full: 180518
@!@!@ENDMSG 2221 @!@!@
@!@!@STARTMSG 2221:0 @!@!@
  |||||||||||line 84, col 37 to line 84, col 37 of module full: 91828
@!@!@ENDMSG 2221 @!@!@
@!@!@STARTMSG 2221:0 @!@!@
  ||||||||||line 84, col 24 to line 84, col 24 of module full: 47483
@!@!@ENDMSG 2221 @!@!@
@!@!@STARTMSG 2775:0 @!@!@
  |||||||||line 536, col 45 to line 536, col 89 of module full: 47483:364174
@!@!@ENDMSG 2775 @!@!@
@!@!@STARTMSG 2221:0 @!@!@
  |||||||line 537, col 77 to line 537, col 94 of module full: 47483
@!@!@ENDMSG 2221 @!@!@
@!@!@STARTMSG 2221:0 @!@!@
  |||||line 538, col 42 to line 538, col 93 of module full: 47483
@!@!@ENDMSG 2221 @!@!@
@!@!@STARTMSG 2221:0 @!@!@
  ||||||line 538, col 44 to line 538, col 56 of module full: 47483
@!@!@ENDMSG 2221 @!@!@
@!@!@STARTMSG 2221:0 @!@!@
  |||||||line 536, col 41 to line 536, col 90 of module full: 47483
@!@!@ENDMSG 2221 @!@!@
@!@!@STARTMSG 2221:0 @!@!@
  ||||||||line 84, col 11 to line 84, col 46 of module full: 47483
@!@!@ENDMSG 2221 @!@!@
@!@!@STARTMSG 2221:0 @!@!@
  |||||||||line 84, col 28 to line 84, col 46 of module full: 91828
@!@!@ENDMSG 2221 @!@!@
@!@!@STARTMSG 2221:0 @!@!@
  ||||||||||line 84, col 41 to line 84, col 46 of module full: 180518
@!@!@ENDMSG 2221 @!@!@
@!@!@STARTMSG 2221:0 @!@!@
  ||||||||||line 84, col 37 to line 84, col 37 of module full: 91828
@!@!@ENDMSG 2221 @!@!@
@!@!@STARTMSG 2221:0 @!@!@
  |||||||||line 84, col 24 to line 84, col 24 of module full: 47483
@!@!@ENDMSG 2221 @!@!@
@!@!@STARTMSG 2775:0 @!@!@
  ||||||||line 536, col 45 to line 536, col 89 of module full: 47483:364174
@!@!@ENDMSG 2775 @!@!@
@!@!@STARTMSG 2221:0 @!@!@
  ||||||line 538, col 59 to line 538, col 91 of module full: 47483
@!@!@ENDMSG 2221 @!@!@
@!@!@STARTMSG 2221:0 @!@!@
  |||||||line 538, col 59 to line 538, col 86 of module full: 47483
@!@!@ENDMSG 2221 @!@!@
@!@!@STARTMSG 2221:0 @!@!@
  ||||||||line 538, col 59 to line 538, col 71 of module full: 47483
@!@!@ENDMSG 2221 @!@!@
@!@!@STARTMSG 2221:0 @!@!@
  ||||||||line 538, col 73 to line 538, col 85 of module full: 47483
@!@!@ENDMSG 2221 @!@!@
@!@!@STARTMSG 2221:0 @!@!@
  |||||||||line 536, col 41 to line 536, col 90 of module full: 47483
@!@!@ENDMSG 2221 @!@!@
@!@!@STARTMSG 2221:0 @!@!@
  ||||||||||line 84, col 11 to line 84, col 46 of module full: 47483
@!@!@ENDMSG 2221 @!@!@
@!@!@STARTMSG 2221:0 @!@!@
  |||||||||||line 84, col 28 to line 84, col 46 of module full: 91828
@!@!@ENDMSG 2221 @!@!@
@!@!@STARTMSG 2221:0 @!@!@
  ||||||||||||line 84, col 41 to line 84, col 46 of module full: 180518
@!@!@ENDMSG 2221 @!@!@
@!@!@STARTMSG 2221:0 @!@!@
  ||||||||||||line 84, col 37 to line 84, col 37 of module full: 91828
@!@!@ENDMSG 2221 @!@!@
@!@!@STARTMSG 2221:0 @!@!@
  |||||||||||line 84, col 24 to line 84, col 24 of module full: 47483
@!@!@ENDMSG 2221 @!@!@
@!@!@STARTMSG 2775:0 @!@!@
  ||||||||||line 536, col 45 to line 536, col 89 of module full: 47483:364174
@!@!@ENDMSG 2775 @!@!@
@!@!@STARTMSG 2221:0 @!@!@
  |||line 546, col 81 to line 546, col 85 of module full: 47483
@!@!@ENDMSG 2221 @!@!@
@!@!@STARTMSG 2221:0 @!@!@
  ||line 547, col 33 to line 547, col 48 of module full: 3362
@!@!@ENDMSG 2221 @!@!@
@!@!@STARTMSG 2221:0 @!@!@
  line 548, col 20 to line 548, col 35 of module full: 50845
@!@!@ENDMSG 2221 @!@!@
@!@!@STARTMSG 2221:0 @!@!@
  line 549, col 20 to line 549, col 114 of module full: 0
@!@!@ENDMSG 2221 @!@!@
@!@!@STARTMSG 2221:0 @!@!@
  line 550, col 20 to line 550, col 61 of module full: 0
@!@!@ENDMSG 2221 @!@!@
@!@!@STARTMSG 2221:0 @!@!@
  line 551, col 14 to line 551, col 23 of module full: 50845
@!@!@ENDMSG 2221 @!@!@
@!@!@STARTMSG 2221:0 @!@!@
  line 552, col 14 to line 552, col 105 of module full: 50845
@!@!@ENDMSG 2221 @!@!@
@!@!@STARTMSG 2221:0 @!@!@
  line 595, col 42 to line 595, col 42 of module full: 50845
@!@!@ENDMSG 2221 @!@!@
@!@!@STARTMSG 2221:0 @!@!@
  line 595, col 45 to line 595, col 45 of module full: 50845
@!@!@ENDMSG 2221 @!@!@
@!@!@STARTMSG 2221:0 @!@!@
  line 635, col 49 to line 635, col 49 of module full: 249973
@!@!@ENDMSG 2221 @!@!@
@!@!@STARTMSG 2221:0 @!@!@
  line 635, col 16 to line 635, col 37 of module full: 84274
@!@!@ENDMSG 2221 @!@!@
@!@!@STARTMSG 2775:0 @!@!@
  |line 87, col 23 to line 87, col 61 of module full: 84274:334247
@!@!@ENDMSG 2775 @!@!@
@!@!@STARTMSG 2221:0 @!@!@
  ||line 87, col 49 to line 87, col 59 of module full: 368609
@!@!@ENDMSG 2221 @!@!@
@!@!@STARTMSG 2221:0 @!@!@
  ||line 87, col 31 to line 87, col 45 of module full: 84274
@!@!@ENDMSG 2221 @!@!@
@!@!@STARTMSG 2221:0 @!@!@
  |line 635, col 29 to line 635, col 36 of module full: 84193
@!@!@ENDMSG 2221 @!@!@
@!@!@STARTMSG 2774:0 @!@!@
<MoreThanOneLeaderInv line 647, col 1 to line 647, col 20 of module full>
@!@!@ENDMSG 2774 @!@!@
@!@!@STARTMSG 2221:0 @!@!@
  line 648, col 5 to line 652, col 16 of module full: 199411
@!@!@ENDMSG 2221 @!@!@
@!@!@STARTMSG 2221:0 @!@!@
  |line 649, col 9 to line 652, col 16 of module full: 1794699
@!@!@ENDMSG 2221 @!@!@
@!@!@STARTMSG 2221:0 @!@!@
  ||line 649, col 10 to line 651, col 29 of module full: 1794699
@!@!@ENDMSG 2221 @!@!@
@!@!@STARTMSG 2221:0 @!@!@
  |||line 649, col 13 to line 649, col 43 of module full: 1794699
@!@!@ENDMSG 2221 @!@!@
@!@!@STARTMSG 2221:0 @!@!@
  |||line 650, col 13 to line 650, col 29 of module full: 1794699
@!@!@ENDMSG 2221 @!@!@
@!@!@STARTMSG 2221:0 @!@!@
  |||line 651, col 13 to line 651, col 29 of module full: 598233
@!@!@ENDMSG 2221 @!@!@
@!@!@STARTMSG 2221:0 @!@!@
  ||line 652, col 12 to line 652, col 16 of module full: 199411
@!@!@ENDMSG 2221 @!@!@
@!@!@STARTMSG 2221:0 @!@!@
  |line 648, col 16 to line 648, col 22 of module full: 199411
@!@!@ENDMSG 2221 @!@!@
@!@!@STARTMSG 2774:0 @!@!@
<LogMatchingInv line 654, col 1 to line 654, col 14 of module full>
@!@!@ENDMSG 2774 @!@!@
@!@!@STARTMSG 2221:0 @!@!@
  line 655, col 5 to line 658, col 51 of module full: 199411
@!@!@ENDMSG 2221 @!@!@
@!@!@STARTMSG 2221:0 @!@!@
  |line 655, col 27 to line 658, col 51 of module full: 1794699
@!@!@ENDMSG 2221 @!@!@
@!@!@STARTMSG 2221:0 @!@!@
  ||line 655, col 27 to line 655, col 32 of module full: 1794699
@!@!@ENDMSG 2221 @!@!@
@!@!@STARTMSG 2221:0 @!@!@
  ||line 656, col 9 to line 658, col 51 of module full: 1196466
@!@!@ENDMSG 2221 @!@!@
@!@!@STARTMSG 2221:0 @!@!@
  |||line 657, col 13 to line 658, col 51 of module full: 524268
@!@!@ENDMSG 2221 @!@!@
@!@!@STARTMSG 2221:0 @!@!@
  |||line 656, col 18 to line 656, col 49 of module full: 1196466
@!@!@ENDMSG 2221 @!@!@
@!@!@STARTMSG 2221:0 @!@!@
  ||||line 656, col 21 to line 656, col 49 of module full: 1196466
@!@!@ENDMSG 2221 @!@!@
@!@!@STARTMSG 2221:0 @!@!@
  |||||line 85, col 14 to line 85, col 35 of module full: 1196466
@!@!@ENDMSG 2221 @!@!@
@!@!@STARTMSG 2221:0 @!@!@
  ||||||line 85, col 17 to line 85, col 21 of module full: 1196466
@!@!@ENDMSG 2221 @!@!@
@!@!@STARTMSG 2221:0 @!@!@
  ||||||line 85, col 28 to line 85, col 28 of module full: 435262
@!@!@ENDMSG 2221 @!@!@
@!@!@STARTMSG 2221:0 @!@!@
  ||||||line 85, col 35 to line 85, col 35 of module full: 761204
@!@!@ENDMSG 2221 @!@!@
@!@!@STARTMSG 2221:0 @!@!@
  |||||line 656, col 25 to line 656, col 35 of module full: 1196466
@!@!@ENDMSG 2221 @!@!@
@!@!@STARTMSG 2221:0 @!@!@
  |||||line 656, col 38 to line 656, col 48 of module full: 1196466
@!@!@ENDMSG 2221 @!@!@
@!@!@STARTMSG 2221:0 @!@!@
  |line 655, col 17 to line 655, col 23 of module full: 199411
@!@!@ENDMSG 2221 @!@!@
@!@!@STARTMSG 2774:0 @!@!@
<LeaderCompletenessInv line 660, col 1 to line 660, col 21 of module full>
@!@!@ENDMSG 2774 @!@!@
@!@!@STARTMSG 2221:0 @!@!@
  line 661, col 5 to line 664, col 72 of module full: 199411
@!@!@ENDMSG 2221 @!@!@
@!@!@STARTMSG 2221:0 @!@!@
  |line 662, col 9 to line 664, col 72 of module full: 598233
@!@!@ENDMSG 2221 @!@!@
@!@!@STARTMSG 2221:0 @!@!@
  ||line 662, col 9 to line 662, col 25 of module full: 598233
@!@!@ENDMSG 2221 @!@!@
@!@!@STARTMSG 2221:0 @!@!@
  ||line 663, col 9 to line 664, col 72 of module full: 199411
@!@!@ENDMSG 2221 @!@!@
@!@!@STARTMSG 2221:0 @!@!@
  |||line 663, col 28 to line 664, col 72 of module full: 598233
@!@!@ENDMSG 2221 @!@!@
@!@!@STARTMSG 2221:0 @!@!@
  ||||line 663, col 28 to line 663, col 33 of module full: 598233
@!@!@ENDMSG 2221 @!@!@
@!@!@STARTMSG 2221:0 @!@!@
  ||||line 664, col 13 to line 664, col 72 of module full: 398822
@!@!@ENDMSG 2221 @!@!@
@!@!@STARTMSG 2221:0 @!@!@
  |||||line 99, col 5 to line 100, col 48 of module full: 398822
@!@!@ENDMSG 2221 @!@!@
@!@!@STARTMSG 2221:0 @!@!@
  ||||||line 99, col 8 to line 99, col 29 of module full: 398822
@!@!@ENDMSG 2221 @!@!@
@!@!@STARTMSG 2221:0 @!@!@
  ||||||line 100, col 8 to line 100, col 48 of module full: 398822
@!@!@ENDMSG 2221 @!@!@
@!@!@STARTMSG 2221:0 @!@!@
  |||||||line 100, col 32 to line 100, col 48 of module full: 6245
@!@!@ENDMSG 2221 @!@!@
@!@!@STARTMSG 2221:0 @!@!@
  |||||||line 100, col 17 to line 100, col 28 of module full: 398822
@!@!@ENDMSG 2221 @!@!@
@!@!@STARTMSG 2221:0 @!@!@
  |||||line 664, col 27 to line 664, col 64 of module full: 398822
@!@!@ENDMSG 2221 @!@!@
@!@!@STARTMSG 2221:0 @!@!@
  ||||||line 90, col 5 to line 96, col 14 of module full: 398822
@!@!@ENDMSG 2221 @!@!@
@!@!@STARTMSG 2221:0 @!@!@
  |||||||line 90, col 8 to line 90, col 71 of module full: 398822
@!@!@ENDMSG 2221 @!@!@
@!@!@STARTMSG 2221:0 @!@!@
  ||||||||line 90, col 8 to line 90, col 23 of module full: 398822
@!@!@ENDMSG 2221 @!@!@
@!@!@STARTMSG 2221:0 @!@!@
  ||||||||line 90, col 28 to line 90, col 71 of module full: 217867
@!@!@ENDMSG 2221 @!@!@
@!@!@STARTMSG 2221:0 @!@!@
  |||||||line 92, col 27 to line 94, col 88 of module full: 217867
@!@!@ENDMSG 2221 @!@!@
@!@!@STARTMSG 2221:0 @!@!@
  ||||||||line 93, col 31 to line 94, col 88 of module full: 222227
@!@!@ENDMSG 2221 @!@!@
@!@!@STARTMSG 2221:0 @!@!@
  |||||||||line 93, col 34 to line 93, col 52 of module full: 222227
@!@!@ENDMSG 2221 @!@!@
@!@!@STARTMSG 2221:0 @!@!@
  |||||||||line 94, col 34 to line 94, col 88 of module full: 222227
@!@!@ENDMSG 2221 @!@!@
@!@!@STARTMSG 2221:0 @!@!@
  ||||||||||line 94, col 59 to line 94, col 88 of module full: 230947
@!@!@ENDMSG 2221 @!@!@
@!@!@STARTMSG 2221:0 @!@!@
  ||||||||||line 94, col 43 to line 94, col 55 of module full: 222227
@!@!@ENDMSG 2221 @!@!@
@!@!@STARTMSG 2221:0 @!@!@
  ||||||||line 92, col 40 to line 92, col 52 of module full: 217867
@!@!@ENDMSG 2221 @!@!@
@!@!@STARTMSG 2221:0 @!@!@
  |||||||line 95, col 10 to line 95, col 61 of module full: 217867
@!@!@ENDMSG 2221 @!@!@
@!@!@STARTMSG 2221:0 @!@!@
  |||||||line 96, col 10 to line 96, col 14 of module full: 180955
@!@!@ENDMSG 2221 @!@!@
@!@!@STARTMSG 2221:0 @!@!@
  ||||||line 664, col 47 to line 664, col 47 of module full: 398822
@!@!@ENDMSG 2221 @!@!@
@!@!@STARTMSG 2221:0 @!@!@
  ||||||line 664, col 50 to line 664, col 63 of module full: 217867
@!@!@ENDMSG 2221 @!@!@
@!@!@STARTMSG 2221:0 @!@!@
  |||||line 664, col 66 to line 664, col 71 of module full: 398822
@!@!@ENDMSG 2221 @!@!@
@!@!@STARTMSG 2221:0 @!@!@
  |||line 663, col 18 to line 663, col 24 of module full: 199411
@!@!@ENDMSG 2221 @!@!@
@!@!@STARTMSG 2221:0 @!@!@
  |line 661, col 14 to line 661, col 20 of module full: 199411
@!@!@ENDMSG 2221 @!@!@
@!@!@STARTMSG 2774:0 @!@!@
<LogInv line 666, col 1 to line 666, col 6 of module full>
@!@!@ENDMSG 2774 @!@!@
@!@!@STARTMSG 2221:0 @!@!@
  line 667, col 5 to line 669, col 51 of module full: 199411
@!@!@ENDMSG 2221 @!@!@
@!@!@STARTMSG 2221:0 @!@!@
  |line 668, col 9 to line 669, col 51 of module full: 1794699
@!@!@ENDMSG 2221 @!@!@
@!@!@STARTMSG 2221:0 @!@!@
  ||line 668, col 12 to line 668, col 51 of module full: 1794699
@!@!@ENDMSG 2221 @!@!@
@!@!@STARTMSG 2221:0 @!@!@
  |||line 99, col 5 to line 100, col 48 of module full: 1794699
@!@!@ENDMSG 2221 @!@!@
@!@!@STARTMSG 2221:0 @!@!@
  ||||line 99, col 8 to line 99, col 29 of module full: 1794699
@!@!@ENDMSG 2221 @!@!@
@!@!@STARTMSG 2221:0 @!@!@
  ||||line 100, col 8 to line 100, col 48 of module full: 1702439
@!@!@ENDMSG 2221 @!@!@
@!@!@STARTMSG 2221:0 @!@!@
  |||||line 100, col 32 to line 100, col 48 of module full: 64901
@!@!@ENDMSG 2221 @!@!@
@!@!@STARTMSG 2221:0 @!@!@
  |||||line 100, col 17 to line 100, col 28 of module full: 1702439
@!@!@ENDMSG 2221 @!@!@
@!@!@STARTMSG 2221:0 @!@!@
  |||line 668, col 26 to line 668, col 37 of module full: 1794699
@!@!@ENDMSG 2221 @!@!@
@!@!@STARTMSG 2221:0 @!@!@
  ||||line 103, col 5 to line 105, col 40 of module full: 1794699
@!@!@ENDMSG 2221 @!@!@
@!@!@STARTMSG 2221:0 @!@!@
  |||||line 103, col 8 to line 103, col 25 of module full: 1794699
@!@!@ENDMSG 2221 @!@!@
@!@!@STARTMSG 2221:0 @!@!@
  |||||line 104, col 10 to line 104, col 14 of module full: 1637574
@!@!@ENDMSG 2221 @!@!@
@!@!@STARTMSG 2221:0 @!@!@
  |||||line 105, col 10 to line 105, col 40 of module full: 157125
@!@!@ENDMSG 2221 @!@!@
@!@!@STARTMSG 2221:0 @!@!@
  ||||line 668, col 36 to line 668, col 36 of module full: 1794699
@!@!@ENDMSG 2221 @!@!@
@!@!@STARTMSG 2221:0 @!@!@
  |||line 668, col 39 to line 668, col 50 of module full: 1794699
@!@!@ENDMSG 2221 @!@!@
@!@!@STARTMSG 2221:0 @!@!@
  ||||line 103, col 5 to line 105, col 40 of module full: 1794699
@!@!@ENDMSG 2221 @!@!@
@!@!@STARTMSG 2221:0 @!@!@
  |||||line 103, col 8 to line 103, col 25 of module full: 1794699
@!@!@ENDMSG 2221 @!@!@
@!@!@STARTMSG 2221:0 @!@!@
  |||||line 104, col 10 to line 104, col 14 of module full: 1637574
@!@!@ENDMSG 2221 @!@!@
@!@!@STARTMSG 2221:0 @!@!@
  |||||line 105, col 10 to line 105, col 40 of module full: 157125
@!@!@ENDMSG 2221 @!@!@
@!@!@STARTMSG 2221:0 @!@!@
  ||||line 668, col 49 to line 668, col 49 of module full: 1794699
@!@!@ENDMSG 2221 @!@!@
@!@!@STARTMSG 2221:0 @!@!@
  ||line 669, col 12 to line 669, col 51 of module full: 92260
@!@!@ENDMSG 2221 @!@!@
@!@!@STARTMSG 2221:0 @!@!@
  |line 667, col 17 to line 667, col 23 of module full: 199411
@!@!@ENDMSG 2221 @!@!@
@!@!@STARTMSG 2774:0 @!@!@
<LeaderCommitted line 698, col 1 to line 698, col 15 of module full>
@!@!@ENDMSG 2774 @!@!@
@!@!@STARTMSG 2221:0 @!@!@
  line 699, col 5 to line 699, col 42 of module full: 199411
@!@!@ENDMSG 2221 @!@!@
@!@!@STARTMSG 2221:0 @!@!@
  |line 699, col 24 to line 699, col 42 of module full: 248546
@!@!@ENDMSG 2221 @!@!@
@!@!@STARTMSG 2221:0 @!@!@
  |line 699, col 14 to line 699, col 20 of module full: 199411
@!@!@ENDMSG 2221 @!@!@
@!@!@STARTMSG 2774:0 @!@!@
<MaxCInv line 676, col 1 to line 676, col 7 of module full>
@!@!@ENDMSG 2774 @!@!@
@!@!@STARTMSG 2221:0 @!@!@
  line 676, col 12 to line 676, col 78 of module full: 199411
@!@!@ENDMSG 2221 @!@!@
@!@!@STARTMSG 2774:0 @!@!@
<LeaderCountInv line 677, col 1 to line 677, col 14 of module full>
@!@!@ENDMSG 2774 @!@!@
@!@!@STARTMSG 2221:0 @!@!@
  line 677, col 19 to line 677, col 93 of module full: 199411
@!@!@ENDMSG 2221 @!@!@
@!@!@STARTMSG 2221:0 @!@!@
  |line 677, col 39 to line 677, col 92 of module full: 598233
@!@!@ENDMSG 2221 @!@!@
@!@!@STARTMSG 2221:0 @!@!@
  ||line 677, col 39 to line 677, col 55 of module full: 598233
@!@!@ENDMSG 2221 @!@!@
@!@!@STARTMSG 2221:0 @!@!@
  ||line 677, col 60 to line 677, col 92 of module full: 199411
@!@!@ENDMSG 2221 @!@!@
@!@!@STARTMSG 2221:0 @!@!@
  |line 677, col 28 to line 677, col 34 of module full: 199411
@!@!@ENDMSG 2221 @!@!@
@!@!@STARTMSG 2774:0 @!@!@
<MaxTermInv line 678, col 1 to line 678, col 10 of module full>
@!@!@ENDMSG 2774 @!@!@
@!@!@STARTMSG 2221:0 @!@!@
  line 678, col 15 to line 678, col 58 of module full: 199411
@!@!@ENDMSG 2221 @!@!@
@!@!@STARTMSG 2221:0 @!@!@
  |line 678, col 34 to line 678, col 58 of module full: 598233
@!@!@ENDMSG 2221 @!@!@
@!@!@STARTMSG 2221:0 @!@!@
  |line 678, col 24 to line 678, col 30 of module full: 199411
@!@!@ENDMSG 2221 @!@!@
@!@!@STARTMSG 2774:0 @!@!@
<EntryCommitMessageCountInv line 680, col 1 to line 680, col 26 of module full>
@!@!@ENDMSG 2774 @!@!@
@!@!@STARTMSG 2221:0 @!@!@
  line 682, col 25 to line 682, col 76 of module full: 46130
@!@!@ENDMSG 2221 @!@!@
@!@!@STARTMSG 2221:0 @!@!@
  line 683, col 36 to line 683, col 90 of module full: 46130
@!@!@ENDMSG 2221 @!@!@
@!@!@STARTMSG 2221:0 @!@!@
  line 681, col 27 to line 681, col 46 of module full: 46130
@!@!@ENDMSG 2221 @!@!@
@!@!@STARTMSG 2221:0 @!@!@
  line 684, col 8 to line 689, col 20 of module full: 199411
@!@!@ENDMSG 2221 @!@!@
@!@!@STARTMSG 2221:0 @!@!@
  |line 685, col 22 to line 685, col 42 of module full: 321088
@!@!@ENDMSG 2221 @!@!@
@!@!@STARTMSG 2221:0 @!@!@
  |line 686, col 12 to line 689, col 20 of module full: 321088
@!@!@ENDMSG 2221 @!@!@
@!@!@STARTMSG 2221:0 @!@!@
  ||line 686, col 15 to line 686, col 29 of module full: 321088
@!@!@ENDMSG 2221 @!@!@
@!@!@STARTMSG 2221:0 @!@!@
  ||line 687, col 17 to line 688, col 96 of module full: 46166
@!@!@ENDMSG 2221 @!@!@
@!@!@STARTMSG 2221:0 @!@!@
  |||line 687, col 18 to line 687, col 94 of module full: 46166
@!@!@ENDMSG 2221 @!@!@
@!@!@STARTMSG 2221:0 @!@!@
  |||line 688, col 21 to line 688, col 95 of module full: 19808
@!@!@ENDMSG 2221 @!@!@
@!@!@STARTMSG 2221:0 @!@!@
  ||line 689, col 17 to line 689, col 20 of module full: 274922
@!@!@ENDMSG 2221 @!@!@
@!@!@STARTMSG 2221:0 @!@!@
  |line 684, col 19 to line 684, col 41 of module full: 199411
@!@!@ENDMSG 2221 @!@!@
@!@!@STARTMSG 2202:0 @!@!@
End of statistics.
@!@!@ENDMSG 2202 @!@!@
@!@!@STARTMSG 2200:0 @!@!@
Progress(16) at 2025-05-26 03:55:00: 641,756 states generated (6,754,141 s/min), 199,411 distinct states found (2,098,694 ds/min), 115,139 states left on queue.
@!@!@ENDMSG 2200 @!@!@
@!@!@STARTMSG 2199:0 @!@!@
641756 states generated, 199411 distinct states found, 115139 states left on queue.
@!@!@ENDMSG 2199 @!@!@
@!@!@STARTMSG 2194:0 @!@!@
The depth of the complete state graph search is 16.
@!@!@ENDMSG 2194 @!@!@
@!@!@STARTMSG 2268:0 @!@!@
The average outdegree of the complete state graph is 2 (minimum is 0, the maximum 8 and the 95th percentile is 5).
@!@!@ENDMSG 2268 @!@!@
@!@!@STARTMSG 2186:0 @!@!@
Finished in 5717ms at (2025-05-26 03:55:00)
@!@!@ENDMSG 2186 @!@!@
