@!@!@STARTMSG 2262:0 @!@!@
TLC2 Version 2.19 of 08 August 2024 (rev: 5a47802)
@!@!@ENDMSG 2262 @!@!@
@!@!@STARTMSG 2187:0 @!@!@
Running breadth-first search Model-Checking with fp 109 and seed -7788082461096104848 with 8 workers on 16 cores with 1163MB heap and 2612MB offheap memory [pid: 18160] (Windows 10 10.0 amd64, AdoptOpenJDK 14.0.1 x86_64, OffHeapDiskFPSet, DiskStateQueue).
@!@!@ENDMSG 2187 @!@!@
@!@!@STARTMSG 2220:0 @!@!@
Starting SANY...
@!@!@ENDMSG 2220 @!@!@
Parsing file C:\Users\kusek\Documents\TLA+\raft.tla\fulll.toolbox\Model_1\MC.tla
Parsing file C:\Users\kusek\Documents\TLA+\raft.tla\fulll.toolbox\Model_1\full.tla
Parsing file C:\Users\kusek\Desktop\Toolbox\TLAToolbox-1.7.4-win32.win32.x86_64\toolbox\plugins\org.lamport.tlatools_1.0.0.202408081326\tla2sany\StandardModules\TLC.tla
Parsing file C:\Users\kusek\Desktop\Toolbox\TLAToolbox-1.7.4-win32.win32.x86_64\toolbox\plugins\org.lamport.tlatools_1.0.0.202408081326\tla2sany\StandardModules\Naturals.tla
Parsing file C:\Users\kusek\Desktop\Toolbox\TLAToolbox-1.7.4-win32.win32.x86_64\toolbox\plugins\org.lamport.tlatools_1.0.0.202408081326\tla2sany\StandardModules\FiniteSets.tla
Parsing file C:\Users\kusek\Desktop\Toolbox\TLAToolbox-1.7.4-win32.win32.x86_64\toolbox\plugins\org.lamport.tlatools_1.0.0.202408081326\tla2sany\StandardModules\Sequences.tla
Semantic processing of module Naturals
Semantic processing of module Sequences
Semantic processing of module FiniteSets
Semantic processing of module TLC
Semantic processing of module full
Semantic processing of module MC
@!@!@STARTMSG 2219:0 @!@!@
SANY finished.
@!@!@ENDMSG 2219 @!@!@
@!@!@STARTMSG 2185:0 @!@!@
Starting... (2025-05-14 04:33:41)
@!@!@ENDMSG 2185 @!@!@
@!@!@STARTMSG 2189:0 @!@!@
Computing initial states...
@!@!@ENDMSG 2189 @!@!@
@!@!@STARTMSG 2190:0 @!@!@
Finished computing initial states: 1 distinct state generated at 2025-05-14 04:33:41.
@!@!@ENDMSG 2190 @!@!@
@!@!@STARTMSG 2200:0 @!@!@
Progress(17) at 2025-05-14 04:33:44: 605,446 states generated (605,446 s/min), 162,424 distinct states found (162,424 ds/min), 82,023 states left on queue.
@!@!@ENDMSG 2200 @!@!@
@!@!@STARTMSG 2110:1 @!@!@
Invariant LeaderCommitted is violated.
@!@!@ENDMSG 2110 @!@!@
@!@!@STARTMSG 2121:1 @!@!@
The behavior up to this point is:
@!@!@ENDMSG 2121 @!@!@
@!@!@STARTMSG 2217:4 @!@!@
1: <Initial predicate>
/\ messages = <<>>
/\ matchIndex = [ r2 |-> [r2 |-> 0, r3 |-> 0, r4 |-> 0, r1 |-> 0],
  r3 |-> [r2 |-> 0, r3 |-> 0, r4 |-> 0, r1 |-> 0],
  r4 |-> [r2 |-> 0, r3 |-> 0, r4 |-> 0, r1 |-> 0],
  r1 |-> [r2 |-> 0, r3 |-> 0, r4 |-> 0, r1 |-> 0] ]
/\ log = [r2 |-> <<>>, r3 |-> <<>>, r4 |-> <<>>, r1 |-> <<>>]
/\ switchSentRecord = [r2 |-> {}, r3 |-> {}, r4 |-> {}, r1 |-> {}]
/\ state = [r2 |-> Leader, r3 |-> Follower, r4 |-> Follower, r1 |-> Switch]
/\ leaderCount = [r2 |-> 1, r3 |-> 0, r4 |-> 0, r1 |-> 0]
/\ entryCommitStats = <<>>
/\ commitIndex = [r2 |-> 0, r3 |-> 0, r4 |-> 0, r1 |-> 0]
/\ currentTerm = [r2 |-> 2, r3 |-> 2, r4 |-> 2, r1 |-> 2]
/\ votesResponded = [r2 |-> {"r3", "r4"}, r3 |-> {}, r4 |-> {}, r1 |-> {}]
/\ maxc = 0
/\ nextIndex = [ r2 |-> [r2 |-> 1, r3 |-> 1, r4 |-> 1, r1 |-> 1],
  r3 |-> [r2 |-> 1, r3 |-> 1, r4 |-> 1, r1 |-> 1],
  r4 |-> [r2 |-> 1, r3 |-> 1, r4 |-> 1, r1 |-> 1],
  r1 |-> [r2 |-> 1, r3 |-> 1, r4 |-> 1, r1 |-> 1] ]
/\ votesGranted = [r2 |-> {"r3", "r4"}, r3 |-> {}, r4 |-> {}, r1 |-> {}]
/\ switchBuffer = << >>
/\ voterLog = [r2 |-> [r3 |-> <<>>, r4 |-> <<>>], r3 |-> << >>, r4 |-> << >>, r1 |-> << >>]
/\ votedFor = [r2 |-> Nil, r3 |-> "r2", r4 |-> "r2", r1 |-> Nil]
/\ unorderedRequests = [r2 |-> {}, r3 |-> {}, r4 |-> {}, r1 |-> {}]

@!@!@ENDMSG 2217 @!@!@
@!@!@STARTMSG 2217:4 @!@!@
2: <MySwitchNext line 529, col 8 to line 529, col 70 of module full>
/\ messages = <<>>
/\ matchIndex = [ r2 |-> [r2 |-> 0, r3 |-> 0, r4 |-> 0, r1 |-> 0],
  r3 |-> [r2 |-> 0, r3 |-> 0, r4 |-> 0, r1 |-> 0],
  r4 |-> [r2 |-> 0, r3 |-> 0, r4 |-> 0, r1 |-> 0],
  r1 |-> [r2 |-> 0, r3 |-> 0, r4 |-> 0, r1 |-> 0] ]
/\ log = [r2 |-> <<>>, r3 |-> <<>>, r4 |-> <<>>, r1 |-> <<>>]
/\ switchSentRecord = [r2 |-> {}, r3 |-> {}, r4 |-> {}, r1 |-> {}]
/\ state = [r2 |-> Leader, r3 |-> Follower, r4 |-> Follower, r1 |-> Switch]
/\ leaderCount = [r2 |-> 1, r3 |-> 0, r4 |-> 0, r1 |-> 0]
/\ entryCommitStats = <<>>
/\ commitIndex = [r2 |-> 0, r3 |-> 0, r4 |-> 0, r1 |-> 0]
/\ currentTerm = [r2 |-> 2, r3 |-> 2, r4 |-> 2, r1 |-> 2]
/\ votesResponded = [r2 |-> {"r3", "r4"}, r3 |-> {}, r4 |-> {}, r1 |-> {}]
/\ maxc = 1
/\ nextIndex = [ r2 |-> [r2 |-> 1, r3 |-> 1, r4 |-> 1, r1 |-> 1],
  r3 |-> [r2 |-> 1, r3 |-> 1, r4 |-> 1, r1 |-> 1],
  r4 |-> [r2 |-> 1, r3 |-> 1, r4 |-> 1, r1 |-> 1],
  r1 |-> [r2 |-> 1, r3 |-> 1, r4 |-> 1, r1 |-> 1] ]
/\ votesGranted = [r2 |-> {"r3", "r4"}, r3 |-> {}, r4 |-> {}, r1 |-> {}]
/\ switchBuffer = [v1 |-> [term |-> 2, value |-> "v1", payload |-> "v1"]]
/\ voterLog = [r2 |-> [r3 |-> <<>>, r4 |-> <<>>], r3 |-> << >>, r4 |-> << >>, r1 |-> << >>]
/\ votedFor = [r2 |-> Nil, r3 |-> "r2", r4 |-> "r2", r1 |-> Nil]
/\ unorderedRequests = [r2 |-> {}, r3 |-> {}, r4 |-> {}, r1 |-> {"v1"}]

@!@!@ENDMSG 2217 @!@!@
@!@!@STARTMSG 2217:4 @!@!@
3: <MySwitchNext line 529, col 8 to line 529, col 70 of module full>
/\ messages = <<>>
/\ matchIndex = [ r2 |-> [r2 |-> 0, r3 |-> 0, r4 |-> 0, r1 |-> 0],
  r3 |-> [r2 |-> 0, r3 |-> 0, r4 |-> 0, r1 |-> 0],
  r4 |-> [r2 |-> 0, r3 |-> 0, r4 |-> 0, r1 |-> 0],
  r1 |-> [r2 |-> 0, r3 |-> 0, r4 |-> 0, r1 |-> 0] ]
/\ log = [r2 |-> <<>>, r3 |-> <<>>, r4 |-> <<>>, r1 |-> <<>>]
/\ switchSentRecord = [r2 |-> {}, r3 |-> {}, r4 |-> {}, r1 |-> {}]
/\ state = [r2 |-> Leader, r3 |-> Follower, r4 |-> Follower, r1 |-> Switch]
/\ leaderCount = [r2 |-> 1, r3 |-> 0, r4 |-> 0, r1 |-> 0]
/\ entryCommitStats = <<>>
/\ commitIndex = [r2 |-> 0, r3 |-> 0, r4 |-> 0, r1 |-> 0]
/\ currentTerm = [r2 |-> 2, r3 |-> 2, r4 |-> 2, r1 |-> 2]
/\ votesResponded = [r2 |-> {"r3", "r4"}, r3 |-> {}, r4 |-> {}, r1 |-> {}]
/\ maxc = 2
/\ nextIndex = [ r2 |-> [r2 |-> 1, r3 |-> 1, r4 |-> 1, r1 |-> 1],
  r3 |-> [r2 |-> 1, r3 |-> 1, r4 |-> 1, r1 |-> 1],
  r4 |-> [r2 |-> 1, r3 |-> 1, r4 |-> 1, r1 |-> 1],
  r1 |-> [r2 |-> 1, r3 |-> 1, r4 |-> 1, r1 |-> 1] ]
/\ votesGranted = [r2 |-> {"r3", "r4"}, r3 |-> {}, r4 |-> {}, r1 |-> {}]
/\ switchBuffer = [ v1 |-> [term |-> 2, value |-> "v1", payload |-> "v1"],
  v2 |-> [term |-> 2, value |-> "v2", payload |-> "v2"] ]
/\ voterLog = [r2 |-> [r3 |-> <<>>, r4 |-> <<>>], r3 |-> << >>, r4 |-> << >>, r1 |-> << >>]
/\ votedFor = [r2 |-> Nil, r3 |-> "r2", r4 |-> "r2", r1 |-> Nil]
/\ unorderedRequests = [r2 |-> {}, r3 |-> {}, r4 |-> {}, r1 |-> {"v1", "v2"}]

@!@!@ENDMSG 2217 @!@!@
@!@!@STARTMSG 2217:4 @!@!@
4: <MySwitchNext line 530, col 7 to line 531, col 60 of module full>
/\ messages = <<>>
/\ matchIndex = [ r2 |-> [r2 |-> 0, r3 |-> 0, r4 |-> 0, r1 |-> 0],
  r3 |-> [r2 |-> 0, r3 |-> 0, r4 |-> 0, r1 |-> 0],
  r4 |-> [r2 |-> 0, r3 |-> 0, r4 |-> 0, r1 |-> 0],
  r1 |-> [r2 |-> 0, r3 |-> 0, r4 |-> 0, r1 |-> 0] ]
/\ log = [r2 |-> <<>>, r3 |-> <<>>, r4 |-> <<>>, r1 |-> <<>>]
/\ switchSentRecord = [r2 |-> {<<"v1", 2>>}, r3 |-> {}, r4 |-> {}, r1 |-> {}]
/\ state = [r2 |-> Leader, r3 |-> Follower, r4 |-> Follower, r1 |-> Switch]
/\ leaderCount = [r2 |-> 1, r3 |-> 0, r4 |-> 0, r1 |-> 0]
/\ entryCommitStats = <<>>
/\ commitIndex = [r2 |-> 0, r3 |-> 0, r4 |-> 0, r1 |-> 0]
/\ currentTerm = [r2 |-> 2, r3 |-> 2, r4 |-> 2, r1 |-> 2]
/\ votesResponded = [r2 |-> {"r3", "r4"}, r3 |-> {}, r4 |-> {}, r1 |-> {}]
/\ maxc = 2
/\ nextIndex = [ r2 |-> [r2 |-> 1, r3 |-> 1, r4 |-> 1, r1 |-> 1],
  r3 |-> [r2 |-> 1, r3 |-> 1, r4 |-> 1, r1 |-> 1],
  r4 |-> [r2 |-> 1, r3 |-> 1, r4 |-> 1, r1 |-> 1],
  r1 |-> [r2 |-> 1, r3 |-> 1, r4 |-> 1, r1 |-> 1] ]
/\ votesGranted = [r2 |-> {"r3", "r4"}, r3 |-> {}, r4 |-> {}, r1 |-> {}]
/\ switchBuffer = [ v1 |-> [term |-> 2, value |-> "v1", payload |-> "v1"],
  v2 |-> [term |-> 2, value |-> "v2", payload |-> "v2"] ]
/\ voterLog = [r2 |-> [r3 |-> <<>>, r4 |-> <<>>], r3 |-> << >>, r4 |-> << >>, r1 |-> << >>]
/\ votedFor = [r2 |-> Nil, r3 |-> "r2", r4 |-> "r2", r1 |-> Nil]
/\ unorderedRequests = [r2 |-> {"v1"}, r3 |-> {}, r4 |-> {}, r1 |-> {"v1", "v2"}]

@!@!@ENDMSG 2217 @!@!@
@!@!@STARTMSG 2217:4 @!@!@
5: <MySwitchNext line 530, col 7 to line 531, col 60 of module full>
/\ messages = <<>>
/\ matchIndex = [ r2 |-> [r2 |-> 0, r3 |-> 0, r4 |-> 0, r1 |-> 0],
  r3 |-> [r2 |-> 0, r3 |-> 0, r4 |-> 0, r1 |-> 0],
  r4 |-> [r2 |-> 0, r3 |-> 0, r4 |-> 0, r1 |-> 0],
  r1 |-> [r2 |-> 0, r3 |-> 0, r4 |-> 0, r1 |-> 0] ]
/\ log = [r2 |-> <<>>, r3 |-> <<>>, r4 |-> <<>>, r1 |-> <<>>]
/\ switchSentRecord = [r2 |-> {<<"v1", 2>>}, r3 |-> {<<"v1", 2>>}, r4 |-> {}, r1 |-> {}]
/\ state = [r2 |-> Leader, r3 |-> Follower, r4 |-> Follower, r1 |-> Switch]
/\ leaderCount = [r2 |-> 1, r3 |-> 0, r4 |-> 0, r1 |-> 0]
/\ entryCommitStats = <<>>
/\ commitIndex = [r2 |-> 0, r3 |-> 0, r4 |-> 0, r1 |-> 0]
/\ currentTerm = [r2 |-> 2, r3 |-> 2, r4 |-> 2, r1 |-> 2]
/\ votesResponded = [r2 |-> {"r3", "r4"}, r3 |-> {}, r4 |-> {}, r1 |-> {}]
/\ maxc = 2
/\ nextIndex = [ r2 |-> [r2 |-> 1, r3 |-> 1, r4 |-> 1, r1 |-> 1],
  r3 |-> [r2 |-> 1, r3 |-> 1, r4 |-> 1, r1 |-> 1],
  r4 |-> [r2 |-> 1, r3 |-> 1, r4 |-> 1, r1 |-> 1],
  r1 |-> [r2 |-> 1, r3 |-> 1, r4 |-> 1, r1 |-> 1] ]
/\ votesGranted = [r2 |-> {"r3", "r4"}, r3 |-> {}, r4 |-> {}, r1 |-> {}]
/\ switchBuffer = [ v1 |-> [term |-> 2, value |-> "v1", payload |-> "v1"],
  v2 |-> [term |-> 2, value |-> "v2", payload |-> "v2"] ]
/\ voterLog = [r2 |-> [r3 |-> <<>>, r4 |-> <<>>], r3 |-> << >>, r4 |-> << >>, r1 |-> << >>]
/\ votedFor = [r2 |-> Nil, r3 |-> "r2", r4 |-> "r2", r1 |-> Nil]
/\ unorderedRequests = [r2 |-> {"v1"}, r3 |-> {"v1"}, r4 |-> {}, r1 |-> {"v1", "v2"}]

@!@!@ENDMSG 2217 @!@!@
@!@!@STARTMSG 2217:4 @!@!@
6: <MySwitchNext line 530, col 7 to line 531, col 60 of module full>
/\ messages = <<>>
/\ matchIndex = [ r2 |-> [r2 |-> 0, r3 |-> 0, r4 |-> 0, r1 |-> 0],
  r3 |-> [r2 |-> 0, r3 |-> 0, r4 |-> 0, r1 |-> 0],
  r4 |-> [r2 |-> 0, r3 |-> 0, r4 |-> 0, r1 |-> 0],
  r1 |-> [r2 |-> 0, r3 |-> 0, r4 |-> 0, r1 |-> 0] ]
/\ log = [r2 |-> <<>>, r3 |-> <<>>, r4 |-> <<>>, r1 |-> <<>>]
/\ switchSentRecord = [r2 |-> {<<"v1", 2>>, <<"v2", 2>>}, r3 |-> {<<"v1", 2>>}, r4 |-> {}, r1 |-> {}]
/\ state = [r2 |-> Leader, r3 |-> Follower, r4 |-> Follower, r1 |-> Switch]
/\ leaderCount = [r2 |-> 1, r3 |-> 0, r4 |-> 0, r1 |-> 0]
/\ entryCommitStats = <<>>
/\ commitIndex = [r2 |-> 0, r3 |-> 0, r4 |-> 0, r1 |-> 0]
/\ currentTerm = [r2 |-> 2, r3 |-> 2, r4 |-> 2, r1 |-> 2]
/\ votesResponded = [r2 |-> {"r3", "r4"}, r3 |-> {}, r4 |-> {}, r1 |-> {}]
/\ maxc = 2
/\ nextIndex = [ r2 |-> [r2 |-> 1, r3 |-> 1, r4 |-> 1, r1 |-> 1],
  r3 |-> [r2 |-> 1, r3 |-> 1, r4 |-> 1, r1 |-> 1],
  r4 |-> [r2 |-> 1, r3 |-> 1, r4 |-> 1, r1 |-> 1],
  r1 |-> [r2 |-> 1, r3 |-> 1, r4 |-> 1, r1 |-> 1] ]
/\ votesGranted = [r2 |-> {"r3", "r4"}, r3 |-> {}, r4 |-> {}, r1 |-> {}]
/\ switchBuffer = [ v1 |-> [term |-> 2, value |-> "v1", payload |-> "v1"],
  v2 |-> [term |-> 2, value |-> "v2", payload |-> "v2"] ]
/\ voterLog = [r2 |-> [r3 |-> <<>>, r4 |-> <<>>], r3 |-> << >>, r4 |-> << >>, r1 |-> << >>]
/\ votedFor = [r2 |-> Nil, r3 |-> "r2", r4 |-> "r2", r1 |-> Nil]
/\ unorderedRequests = [r2 |-> {"v1", "v2"}, r3 |-> {"v1"}, r4 |-> {}, r1 |-> {"v1", "v2"}]

@!@!@ENDMSG 2217 @!@!@
@!@!@STARTMSG 2217:4 @!@!@
7: <MySwitchNext line 530, col 7 to line 531, col 60 of module full>
/\ messages = <<>>
/\ matchIndex = [ r2 |-> [r2 |-> 0, r3 |-> 0, r4 |-> 0, r1 |-> 0],
  r3 |-> [r2 |-> 0, r3 |-> 0, r4 |-> 0, r1 |-> 0],
  r4 |-> [r2 |-> 0, r3 |-> 0, r4 |-> 0, r1 |-> 0],
  r1 |-> [r2 |-> 0, r3 |-> 0, r4 |-> 0, r1 |-> 0] ]
/\ log = [r2 |-> <<>>, r3 |-> <<>>, r4 |-> <<>>, r1 |-> <<>>]
/\ switchSentRecord = [ r2 |-> {<<"v1", 2>>, <<"v2", 2>>},
  r3 |-> {<<"v1", 2>>},
  r4 |-> {<<"v1", 2>>},
  r1 |-> {} ]
/\ state = [r2 |-> Leader, r3 |-> Follower, r4 |-> Follower, r1 |-> Switch]
/\ leaderCount = [r2 |-> 1, r3 |-> 0, r4 |-> 0, r1 |-> 0]
/\ entryCommitStats = <<>>
/\ commitIndex = [r2 |-> 0, r3 |-> 0, r4 |-> 0, r1 |-> 0]
/\ currentTerm = [r2 |-> 2, r3 |-> 2, r4 |-> 2, r1 |-> 2]
/\ votesResponded = [r2 |-> {"r3", "r4"}, r3 |-> {}, r4 |-> {}, r1 |-> {}]
/\ maxc = 2
/\ nextIndex = [ r2 |-> [r2 |-> 1, r3 |-> 1, r4 |-> 1, r1 |-> 1],
  r3 |-> [r2 |-> 1, r3 |-> 1, r4 |-> 1, r1 |-> 1],
  r4 |-> [r2 |-> 1, r3 |-> 1, r4 |-> 1, r1 |-> 1],
  r1 |-> [r2 |-> 1, r3 |-> 1, r4 |-> 1, r1 |-> 1] ]
/\ votesGranted = [r2 |-> {"r3", "r4"}, r3 |-> {}, r4 |-> {}, r1 |-> {}]
/\ switchBuffer = [ v1 |-> [term |-> 2, value |-> "v1", payload |-> "v1"],
  v2 |-> [term |-> 2, value |-> "v2", payload |-> "v2"] ]
/\ voterLog = [r2 |-> [r3 |-> <<>>, r4 |-> <<>>], r3 |-> << >>, r4 |-> << >>, r1 |-> << >>]
/\ votedFor = [r2 |-> Nil, r3 |-> "r2", r4 |-> "r2", r1 |-> Nil]
/\ unorderedRequests = [r2 |-> {"v1", "v2"}, r3 |-> {"v1"}, r4 |-> {"v1"}, r1 |-> {"v1", "v2"}]

@!@!@ENDMSG 2217 @!@!@
@!@!@STARTMSG 2217:4 @!@!@
8: <MySwitchNext line 530, col 7 to line 531, col 60 of module full>
/\ messages = <<>>
/\ matchIndex = [ r2 |-> [r2 |-> 0, r3 |-> 0, r4 |-> 0, r1 |-> 0],
  r3 |-> [r2 |-> 0, r3 |-> 0, r4 |-> 0, r1 |-> 0],
  r4 |-> [r2 |-> 0, r3 |-> 0, r4 |-> 0, r1 |-> 0],
  r1 |-> [r2 |-> 0, r3 |-> 0, r4 |-> 0, r1 |-> 0] ]
/\ log = [r2 |-> <<>>, r3 |-> <<>>, r4 |-> <<>>, r1 |-> <<>>]
/\ switchSentRecord = [ r2 |-> {<<"v1", 2>>, <<"v2", 2>>},
  r3 |-> {<<"v1", 2>>, <<"v2", 2>>},
  r4 |-> {<<"v1", 2>>},
  r1 |-> {} ]
/\ state = [r2 |-> Leader, r3 |-> Follower, r4 |-> Follower, r1 |-> Switch]
/\ leaderCount = [r2 |-> 1, r3 |-> 0, r4 |-> 0, r1 |-> 0]
/\ entryCommitStats = <<>>
/\ commitIndex = [r2 |-> 0, r3 |-> 0, r4 |-> 0, r1 |-> 0]
/\ currentTerm = [r2 |-> 2, r3 |-> 2, r4 |-> 2, r1 |-> 2]
/\ votesResponded = [r2 |-> {"r3", "r4"}, r3 |-> {}, r4 |-> {}, r1 |-> {}]
/\ maxc = 2
/\ nextIndex = [ r2 |-> [r2 |-> 1, r3 |-> 1, r4 |-> 1, r1 |-> 1],
  r3 |-> [r2 |-> 1, r3 |-> 1, r4 |-> 1, r1 |-> 1],
  r4 |-> [r2 |-> 1, r3 |-> 1, r4 |-> 1, r1 |-> 1],
  r1 |-> [r2 |-> 1, r3 |-> 1, r4 |-> 1, r1 |-> 1] ]
/\ votesGranted = [r2 |-> {"r3", "r4"}, r3 |-> {}, r4 |-> {}, r1 |-> {}]
/\ switchBuffer = [ v1 |-> [term |-> 2, value |-> "v1", payload |-> "v1"],
  v2 |-> [term |-> 2, value |-> "v2", payload |-> "v2"] ]
/\ voterLog = [r2 |-> [r3 |-> <<>>, r4 |-> <<>>], r3 |-> << >>, r4 |-> << >>, r1 |-> << >>]
/\ votedFor = [r2 |-> Nil, r3 |-> "r2", r4 |-> "r2", r1 |-> Nil]
/\ unorderedRequests = [r2 |-> {"v1", "v2"}, r3 |-> {"v1", "v2"}, r4 |-> {"v1"}, r1 |-> {"v1", "v2"}]

@!@!@ENDMSG 2217 @!@!@
@!@!@STARTMSG 2217:4 @!@!@
9: <MySwitchNext line 530, col 7 to line 531, col 60 of module full>
/\ messages = <<>>
/\ matchIndex = [ r2 |-> [r2 |-> 0, r3 |-> 0, r4 |-> 0, r1 |-> 0],
  r3 |-> [r2 |-> 0, r3 |-> 0, r4 |-> 0, r1 |-> 0],
  r4 |-> [r2 |-> 0, r3 |-> 0, r4 |-> 0, r1 |-> 0],
  r1 |-> [r2 |-> 0, r3 |-> 0, r4 |-> 0, r1 |-> 0] ]
/\ log = [r2 |-> <<>>, r3 |-> <<>>, r4 |-> <<>>, r1 |-> <<>>]
/\ switchSentRecord = [ r2 |-> {<<"v1", 2>>, <<"v2", 2>>},
  r3 |-> {<<"v1", 2>>, <<"v2", 2>>},
  r4 |-> {<<"v1", 2>>, <<"v2", 2>>},
  r1 |-> {} ]
/\ state = [r2 |-> Leader, r3 |-> Follower, r4 |-> Follower, r1 |-> Switch]
/\ leaderCount = [r2 |-> 1, r3 |-> 0, r4 |-> 0, r1 |-> 0]
/\ entryCommitStats = <<>>
/\ commitIndex = [r2 |-> 0, r3 |-> 0, r4 |-> 0, r1 |-> 0]
/\ currentTerm = [r2 |-> 2, r3 |-> 2, r4 |-> 2, r1 |-> 2]
/\ votesResponded = [r2 |-> {"r3", "r4"}, r3 |-> {}, r4 |-> {}, r1 |-> {}]
/\ maxc = 2
/\ nextIndex = [ r2 |-> [r2 |-> 1, r3 |-> 1, r4 |-> 1, r1 |-> 1],
  r3 |-> [r2 |-> 1, r3 |-> 1, r4 |-> 1, r1 |-> 1],
  r4 |-> [r2 |-> 1, r3 |-> 1, r4 |-> 1, r1 |-> 1],
  r1 |-> [r2 |-> 1, r3 |-> 1, r4 |-> 1, r1 |-> 1] ]
/\ votesGranted = [r2 |-> {"r3", "r4"}, r3 |-> {}, r4 |-> {}, r1 |-> {}]
/\ switchBuffer = [ v1 |-> [term |-> 2, value |-> "v1", payload |-> "v1"],
  v2 |-> [term |-> 2, value |-> "v2", payload |-> "v2"] ]
/\ voterLog = [r2 |-> [r3 |-> <<>>, r4 |-> <<>>], r3 |-> << >>, r4 |-> << >>, r1 |-> << >>]
/\ votedFor = [r2 |-> Nil, r3 |-> "r2", r4 |-> "r2", r1 |-> Nil]
/\ unorderedRequests = [ r2 |-> {"v1", "v2"},
  r3 |-> {"v1", "v2"},
  r4 |-> {"v1", "v2"},
  r1 |-> {"v1", "v2"} ]

@!@!@ENDMSG 2217 @!@!@
@!@!@STARTMSG 2217:4 @!@!@
10: <MySwitchNext line 532, col 7 to line 533, col 67 of module full>
/\ messages = <<>>
/\ matchIndex = [ r2 |-> [r2 |-> 0, r3 |-> 0, r4 |-> 0, r1 |-> 0],
  r3 |-> [r2 |-> 0, r3 |-> 0, r4 |-> 0, r1 |-> 0],
  r4 |-> [r2 |-> 0, r3 |-> 0, r4 |-> 0, r1 |-> 0],
  r1 |-> [r2 |-> 0, r3 |-> 0, r4 |-> 0, r1 |-> 0] ]
/\ log = [r2 |-> <<[term |-> 2, value |-> "v1"]>>, r3 |-> <<>>, r4 |-> <<>>, r1 |-> <<>>]
/\ switchSentRecord = [ r2 |-> {<<"v1", 2>>, <<"v2", 2>>},
  r3 |-> {<<"v1", 2>>, <<"v2", 2>>},
  r4 |-> {<<"v1", 2>>, <<"v2", 2>>},
  r1 |-> {} ]
/\ state = [r2 |-> Leader, r3 |-> Follower, r4 |-> Follower, r1 |-> Switch]
/\ leaderCount = [r2 |-> 1, r3 |-> 0, r4 |-> 0, r1 |-> 0]
/\ entryCommitStats = (<<1, 2>> :> [sentCount |-> 0, ackCount |-> 0, committed |-> FALSE])
/\ commitIndex = [r2 |-> 0, r3 |-> 0, r4 |-> 0, r1 |-> 0]
/\ currentTerm = [r2 |-> 2, r3 |-> 2, r4 |-> 2, r1 |-> 2]
/\ votesResponded = [r2 |-> {"r3", "r4"}, r3 |-> {}, r4 |-> {}, r1 |-> {}]
/\ maxc = 2
/\ nextIndex = [ r2 |-> [r2 |-> 1, r3 |-> 1, r4 |-> 1, r1 |-> 1],
  r3 |-> [r2 |-> 1, r3 |-> 1, r4 |-> 1, r1 |-> 1],
  r4 |-> [r2 |-> 1, r3 |-> 1, r4 |-> 1, r1 |-> 1],
  r1 |-> [r2 |-> 1, r3 |-> 1, r4 |-> 1, r1 |-> 1] ]
/\ votesGranted = [r2 |-> {"r3", "r4"}, r3 |-> {}, r4 |-> {}, r1 |-> {}]
/\ switchBuffer = [ v1 |-> [term |-> 2, value |-> "v1", payload |-> "v1"],
  v2 |-> [term |-> 2, value |-> "v2", payload |-> "v2"] ]
/\ voterLog = [r2 |-> [r3 |-> <<>>, r4 |-> <<>>], r3 |-> << >>, r4 |-> << >>, r1 |-> << >>]
/\ votedFor = [r2 |-> Nil, r3 |-> "r2", r4 |-> "r2", r1 |-> Nil]
/\ unorderedRequests = [r2 |-> {"v2"}, r3 |-> {"v1", "v2"}, r4 |-> {"v1", "v2"}, r1 |-> {"v1", "v2"}]

@!@!@ENDMSG 2217 @!@!@
@!@!@STARTMSG 2217:4 @!@!@
11: <MySwitchNext line 532, col 7 to line 533, col 67 of module full>
/\ messages = <<>>
/\ matchIndex = [ r2 |-> [r2 |-> 0, r3 |-> 0, r4 |-> 0, r1 |-> 0],
  r3 |-> [r2 |-> 0, r3 |-> 0, r4 |-> 0, r1 |-> 0],
  r4 |-> [r2 |-> 0, r3 |-> 0, r4 |-> 0, r1 |-> 0],
  r1 |-> [r2 |-> 0, r3 |-> 0, r4 |-> 0, r1 |-> 0] ]
/\ log = [ r2 |-> <<[term |-> 2, value |-> "v1"], [term |-> 2, value |-> "v2"]>>,
  r3 |-> <<>>,
  r4 |-> <<>>,
  r1 |-> <<>> ]
/\ switchSentRecord = [ r2 |-> {<<"v1", 2>>, <<"v2", 2>>},
  r3 |-> {<<"v1", 2>>, <<"v2", 2>>},
  r4 |-> {<<"v1", 2>>, <<"v2", 2>>},
  r1 |-> {} ]
/\ state = [r2 |-> Leader, r3 |-> Follower, r4 |-> Follower, r1 |-> Switch]
/\ leaderCount = [r2 |-> 1, r3 |-> 0, r4 |-> 0, r1 |-> 0]
/\ entryCommitStats = ( <<1, 2>> :> [sentCount |-> 0, ackCount |-> 0, committed |-> FALSE] @@
  <<2, 2>> :> [sentCount |-> 0, ackCount |-> 0, committed |-> FALSE] )
/\ commitIndex = [r2 |-> 0, r3 |-> 0, r4 |-> 0, r1 |-> 0]
/\ currentTerm = [r2 |-> 2, r3 |-> 2, r4 |-> 2, r1 |-> 2]
/\ votesResponded = [r2 |-> {"r3", "r4"}, r3 |-> {}, r4 |-> {}, r1 |-> {}]
/\ maxc = 2
/\ nextIndex = [ r2 |-> [r2 |-> 1, r3 |-> 1, r4 |-> 1, r1 |-> 1],
  r3 |-> [r2 |-> 1, r3 |-> 1, r4 |-> 1, r1 |-> 1],
  r4 |-> [r2 |-> 1, r3 |-> 1, r4 |-> 1, r1 |-> 1],
  r1 |-> [r2 |-> 1, r3 |-> 1, r4 |-> 1, r1 |-> 1] ]
/\ votesGranted = [r2 |-> {"r3", "r4"}, r3 |-> {}, r4 |-> {}, r1 |-> {}]
/\ switchBuffer = [ v1 |-> [term |-> 2, value |-> "v1", payload |-> "v1"],
  v2 |-> [term |-> 2, value |-> "v2", payload |-> "v2"] ]
/\ voterLog = [r2 |-> [r3 |-> <<>>, r4 |-> <<>>], r3 |-> << >>, r4 |-> << >>, r1 |-> << >>]
/\ votedFor = [r2 |-> Nil, r3 |-> "r2", r4 |-> "r2", r1 |-> Nil]
/\ unorderedRequests = [r2 |-> {}, r3 |-> {"v1", "v2"}, r4 |-> {"v1", "v2"}, r1 |-> {"v1", "v2"}]

@!@!@ENDMSG 2217 @!@!@
@!@!@STARTMSG 2217:4 @!@!@
12: <MySwitchNext line 535, col 35 to line 535, col 75 of module full>
/\ messages = ( [ mtype |-> AppendEntriesRequest,
    mterm |-> 2,
    msource |-> "r2",
    mdest |-> "r3",
    mprevLogIndex |-> 0,
    mprevLogTerm |-> 0,
    mentries |-> <<[term |-> 2, value |-> "v1"]>>,
    mlog |-> <<[term |-> 2, value |-> "v1"], [term |-> 2, value |-> "v2"]>>,
    mcommitIndex |-> 0 ] :>
      1 )
/\ matchIndex = [ r2 |-> [r2 |-> 0, r3 |-> 0, r4 |-> 0, r1 |-> 0],
  r3 |-> [r2 |-> 0, r3 |-> 0, r4 |-> 0, r1 |-> 0],
  r4 |-> [r2 |-> 0, r3 |-> 0, r4 |-> 0, r1 |-> 0],
  r1 |-> [r2 |-> 0, r3 |-> 0, r4 |-> 0, r1 |-> 0] ]
/\ log = [ r2 |-> <<[term |-> 2, value |-> "v1"], [term |-> 2, value |-> "v2"]>>,
  r3 |-> <<>>,
  r4 |-> <<>>,
  r1 |-> <<>> ]
/\ switchSentRecord = [ r2 |-> {<<"v1", 2>>, <<"v2", 2>>},
  r3 |-> {<<"v1", 2>>, <<"v2", 2>>},
  r4 |-> {<<"v1", 2>>, <<"v2", 2>>},
  r1 |-> {} ]
/\ state = [r2 |-> Leader, r3 |-> Follower, r4 |-> Follower, r1 |-> Switch]
/\ leaderCount = [r2 |-> 1, r3 |-> 0, r4 |-> 0, r1 |-> 0]
/\ entryCommitStats = ( <<1, 2>> :> [sentCount |-> 1, ackCount |-> 0, committed |-> FALSE] @@
  <<2, 2>> :> [sentCount |-> 0, ackCount |-> 0, committed |-> FALSE] )
/\ commitIndex = [r2 |-> 0, r3 |-> 0, r4 |-> 0, r1 |-> 0]
/\ currentTerm = [r2 |-> 2, r3 |-> 2, r4 |-> 2, r1 |-> 2]
/\ votesResponded = [r2 |-> {"r3", "r4"}, r3 |-> {}, r4 |-> {}, r1 |-> {}]
/\ maxc = 2
/\ nextIndex = [ r2 |-> [r2 |-> 1, r3 |-> 1, r4 |-> 1, r1 |-> 1],
  r3 |-> [r2 |-> 1, r3 |-> 1, r4 |-> 1, r1 |-> 1],
  r4 |-> [r2 |-> 1, r3 |-> 1, r4 |-> 1, r1 |-> 1],
  r1 |-> [r2 |-> 1, r3 |-> 1, r4 |-> 1, r1 |-> 1] ]
/\ votesGranted = [r2 |-> {"r3", "r4"}, r3 |-> {}, r4 |-> {}, r1 |-> {}]
/\ switchBuffer = [ v1 |-> [term |-> 2, value |-> "v1", payload |-> "v1"],
  v2 |-> [term |-> 2, value |-> "v2", payload |-> "v2"] ]
/\ voterLog = [r2 |-> [r3 |-> <<>>, r4 |-> <<>>], r3 |-> << >>, r4 |-> << >>, r1 |-> << >>]
/\ votedFor = [r2 |-> Nil, r3 |-> "r2", r4 |-> "r2", r1 |-> Nil]
/\ unorderedRequests = [r2 |-> {}, r3 |-> {"v1", "v2"}, r4 |-> {"v1", "v2"}, r1 |-> {"v1", "v2"}]

@!@!@ENDMSG 2217 @!@!@
@!@!@STARTMSG 2217:4 @!@!@
13: <MySwitchNext line 535, col 35 to line 535, col 75 of module full>
/\ messages = ( [ mtype |-> AppendEntriesRequest,
    mterm |-> 2,
    msource |-> "r2",
    mdest |-> "r3",
    mprevLogIndex |-> 0,
    mprevLogTerm |-> 0,
    mentries |-> <<[term |-> 2, value |-> "v1"]>>,
    mlog |-> <<[term |-> 2, value |-> "v1"], [term |-> 2, value |-> "v2"]>>,
    mcommitIndex |-> 0 ] :>
      1 @@
  [ mtype |-> AppendEntriesRequest,
    mterm |-> 2,
    msource |-> "r2",
    mdest |-> "r4",
    mprevLogIndex |-> 0,
    mprevLogTerm |-> 0,
    mentries |-> <<[term |-> 2, value |-> "v1"]>>,
    mlog |-> <<[term |-> 2, value |-> "v1"], [term |-> 2, value |-> "v2"]>>,
    mcommitIndex |-> 0 ] :>
      1 )
/\ matchIndex = [ r2 |-> [r2 |-> 0, r3 |-> 0, r4 |-> 0, r1 |-> 0],
  r3 |-> [r2 |-> 0, r3 |-> 0, r4 |-> 0, r1 |-> 0],
  r4 |-> [r2 |-> 0, r3 |-> 0, r4 |-> 0, r1 |-> 0],
  r1 |-> [r2 |-> 0, r3 |-> 0, r4 |-> 0, r1 |-> 0] ]
/\ log = [ r2 |-> <<[term |-> 2, value |-> "v1"], [term |-> 2, value |-> "v2"]>>,
  r3 |-> <<>>,
  r4 |-> <<>>,
  r1 |-> <<>> ]
/\ switchSentRecord = [ r2 |-> {<<"v1", 2>>, <<"v2", 2>>},
  r3 |-> {<<"v1", 2>>, <<"v2", 2>>},
  r4 |-> {<<"v1", 2>>, <<"v2", 2>>},
  r1 |-> {} ]
/\ state = [r2 |-> Leader, r3 |-> Follower, r4 |-> Follower, r1 |-> Switch]
/\ leaderCount = [r2 |-> 1, r3 |-> 0, r4 |-> 0, r1 |-> 0]
/\ entryCommitStats = ( <<1, 2>> :> [sentCount |-> 2, ackCount |-> 0, committed |-> FALSE] @@
  <<2, 2>> :> [sentCount |-> 0, ackCount |-> 0, committed |-> FALSE] )
/\ commitIndex = [r2 |-> 0, r3 |-> 0, r4 |-> 0, r1 |-> 0]
/\ currentTerm = [r2 |-> 2, r3 |-> 2, r4 |-> 2, r1 |-> 2]
/\ votesResponded = [r2 |-> {"r3", "r4"}, r3 |-> {}, r4 |-> {}, r1 |-> {}]
/\ maxc = 2
/\ nextIndex = [ r2 |-> [r2 |-> 1, r3 |-> 1, r4 |-> 1, r1 |-> 1],
  r3 |-> [r2 |-> 1, r3 |-> 1, r4 |-> 1, r1 |-> 1],
  r4 |-> [r2 |-> 1, r3 |-> 1, r4 |-> 1, r1 |-> 1],
  r1 |-> [r2 |-> 1, r3 |-> 1, r4 |-> 1, r1 |-> 1] ]
/\ votesGranted = [r2 |-> {"r3", "r4"}, r3 |-> {}, r4 |-> {}, r1 |-> {}]
/\ switchBuffer = [ v1 |-> [term |-> 2, value |-> "v1", payload |-> "v1"],
  v2 |-> [term |-> 2, value |-> "v2", payload |-> "v2"] ]
/\ voterLog = [r2 |-> [r3 |-> <<>>, r4 |-> <<>>], r3 |-> << >>, r4 |-> << >>, r1 |-> << >>]
/\ votedFor = [r2 |-> Nil, r3 |-> "r2", r4 |-> "r2", r1 |-> Nil]
/\ unorderedRequests = [r2 |-> {}, r3 |-> {"v1", "v2"}, r4 |-> {"v1", "v2"}, r1 |-> {"v1", "v2"}]

@!@!@ENDMSG 2217 @!@!@
@!@!@STARTMSG 2217:4 @!@!@
14: <MySwitchNext line 536, col 7 to line 539, col 17 of module full>
/\ messages = ( [ mtype |-> AppendEntriesResponse,
    mterm |-> 2,
    msource |-> "r3",
    mdest |-> "r2",
    msuccess |-> TRUE,
    mmatchIndex |-> 1 ] :>
      1 @@
  [ mtype |-> AppendEntriesRequest,
    mterm |-> 2,
    msource |-> "r2",
    mdest |-> "r3",
    mprevLogIndex |-> 0,
    mprevLogTerm |-> 0,
    mentries |-> <<[term |-> 2, value |-> "v1"]>>,
    mlog |-> <<[term |-> 2, value |-> "v1"], [term |-> 2, value |-> "v2"]>>,
    mcommitIndex |-> 0 ] :>
      0 @@
  [ mtype |-> AppendEntriesRequest,
    mterm |-> 2,
    msource |-> "r2",
    mdest |-> "r4",
    mprevLogIndex |-> 0,
    mprevLogTerm |-> 0,
    mentries |-> <<[term |-> 2, value |-> "v1"]>>,
    mlog |-> <<[term |-> 2, value |-> "v1"], [term |-> 2, value |-> "v2"]>>,
    mcommitIndex |-> 0 ] :>
      1 )
/\ matchIndex = [ r2 |-> [r2 |-> 0, r3 |-> 0, r4 |-> 0, r1 |-> 0],
  r3 |-> [r2 |-> 0, r3 |-> 0, r4 |-> 0, r1 |-> 0],
  r4 |-> [r2 |-> 0, r3 |-> 0, r4 |-> 0, r1 |-> 0],
  r1 |-> [r2 |-> 0, r3 |-> 0, r4 |-> 0, r1 |-> 0] ]
/\ log = [ r2 |-> <<[term |-> 2, value |-> "v1"], [term |-> 2, value |-> "v2"]>>,
  r3 |-> <<[term |-> 2, value |-> "v1"]>>,
  r4 |-> <<>>,
  r1 |-> <<>> ]
/\ switchSentRecord = [ r2 |-> {<<"v1", 2>>, <<"v2", 2>>},
  r3 |-> {<<"v1", 2>>, <<"v2", 2>>},
  r4 |-> {<<"v1", 2>>, <<"v2", 2>>},
  r1 |-> {} ]
/\ state = [r2 |-> Leader, r3 |-> Follower, r4 |-> Follower, r1 |-> Switch]
/\ leaderCount = [r2 |-> 1, r3 |-> 0, r4 |-> 0, r1 |-> 0]
/\ entryCommitStats = ( <<1, 2>> :> [sentCount |-> 2, ackCount |-> 0, committed |-> FALSE] @@
  <<2, 2>> :> [sentCount |-> 0, ackCount |-> 0, committed |-> FALSE] )
/\ commitIndex = [r2 |-> 0, r3 |-> 0, r4 |-> 0, r1 |-> 0]
/\ currentTerm = [r2 |-> 2, r3 |-> 2, r4 |-> 2, r1 |-> 2]
/\ votesResponded = [r2 |-> {"r3", "r4"}, r3 |-> {}, r4 |-> {}, r1 |-> {}]
/\ maxc = 2
/\ nextIndex = [ r2 |-> [r2 |-> 1, r3 |-> 1, r4 |-> 1, r1 |-> 1],
  r3 |-> [r2 |-> 1, r3 |-> 1, r4 |-> 1, r1 |-> 1],
  r4 |-> [r2 |-> 1, r3 |-> 1, r4 |-> 1, r1 |-> 1],
  r1 |-> [r2 |-> 1, r3 |-> 1, r4 |-> 1, r1 |-> 1] ]
/\ votesGranted = [r2 |-> {"r3", "r4"}, r3 |-> {}, r4 |-> {}, r1 |-> {}]
/\ switchBuffer = [ v1 |-> [term |-> 2, value |-> "v1", payload |-> "v1"],
  v2 |-> [term |-> 2, value |-> "v2", payload |-> "v2"] ]
/\ voterLog = [r2 |-> [r3 |-> <<>>, r4 |-> <<>>], r3 |-> << >>, r4 |-> << >>, r1 |-> << >>]
/\ votedFor = [r2 |-> Nil, r3 |-> "r2", r4 |-> "r2", r1 |-> Nil]
/\ unorderedRequests = [r2 |-> {}, r3 |-> {"v2"}, r4 |-> {"v1", "v2"}, r1 |-> {"v1", "v2"}]

@!@!@ENDMSG 2217 @!@!@
@!@!@STARTMSG 2217:4 @!@!@
15: <MySwitchNext line 536, col 7 to line 539, col 17 of module full>
/\ messages = ( [ mtype |-> AppendEntriesResponse,
    mterm |-> 2,
    msource |-> "r3",
    mdest |-> "r2",
    msuccess |-> TRUE,
    mmatchIndex |-> 1 ] :>
      0 @@
  [ mtype |-> AppendEntriesRequest,
    mterm |-> 2,
    msource |-> "r2",
    mdest |-> "r3",
    mprevLogIndex |-> 0,
    mprevLogTerm |-> 0,
    mentries |-> <<[term |-> 2, value |-> "v1"]>>,
    mlog |-> <<[term |-> 2, value |-> "v1"], [term |-> 2, value |-> "v2"]>>,
    mcommitIndex |-> 0 ] :>
      0 @@
  [ mtype |-> AppendEntriesRequest,
    mterm |-> 2,
    msource |-> "r2",
    mdest |-> "r4",
    mprevLogIndex |-> 0,
    mprevLogTerm |-> 0,
    mentries |-> <<[term |-> 2, value |-> "v1"]>>,
    mlog |-> <<[term |-> 2, value |-> "v1"], [term |-> 2, value |-> "v2"]>>,
    mcommitIndex |-> 0 ] :>
      1 )
/\ matchIndex = [ r2 |-> [r2 |-> 0, r3 |-> 1, r4 |-> 0, r1 |-> 0],
  r3 |-> [r2 |-> 0, r3 |-> 0, r4 |-> 0, r1 |-> 0],
  r4 |-> [r2 |-> 0, r3 |-> 0, r4 |-> 0, r1 |-> 0],
  r1 |-> [r2 |-> 0, r3 |-> 0, r4 |-> 0, r1 |-> 0] ]
/\ log = [ r2 |-> <<[term |-> 2, value |-> "v1"], [term |-> 2, value |-> "v2"]>>,
  r3 |-> <<[term |-> 2, value |-> "v1"]>>,
  r4 |-> <<>>,
  r1 |-> <<>> ]
/\ switchSentRecord = [ r2 |-> {<<"v1", 2>>, <<"v2", 2>>},
  r3 |-> {<<"v1", 2>>, <<"v2", 2>>},
  r4 |-> {<<"v1", 2>>, <<"v2", 2>>},
  r1 |-> {} ]
/\ state = [r2 |-> Leader, r3 |-> Follower, r4 |-> Follower, r1 |-> Switch]
/\ leaderCount = [r2 |-> 1, r3 |-> 0, r4 |-> 0, r1 |-> 0]
/\ entryCommitStats = ( <<1, 2>> :> [sentCount |-> 2, ackCount |-> 1, committed |-> FALSE] @@
  <<2, 2>> :> [sentCount |-> 0, ackCount |-> 0, committed |-> FALSE] )
/\ commitIndex = [r2 |-> 0, r3 |-> 0, r4 |-> 0, r1 |-> 0]
/\ currentTerm = [r2 |-> 2, r3 |-> 2, r4 |-> 2, r1 |-> 2]
/\ votesResponded = [r2 |-> {"r3", "r4"}, r3 |-> {}, r4 |-> {}, r1 |-> {}]
/\ maxc = 2
/\ nextIndex = [ r2 |-> [r2 |-> 1, r3 |-> 2, r4 |-> 1, r1 |-> 1],
  r3 |-> [r2 |-> 1, r3 |-> 1, r4 |-> 1, r1 |-> 1],
  r4 |-> [r2 |-> 1, r3 |-> 1, r4 |-> 1, r1 |-> 1],
  r1 |-> [r2 |-> 1, r3 |-> 1, r4 |-> 1, r1 |-> 1] ]
/\ votesGranted = [r2 |-> {"r3", "r4"}, r3 |-> {}, r4 |-> {}, r1 |-> {}]
/\ switchBuffer = [ v1 |-> [term |-> 2, value |-> "v1", payload |-> "v1"],
  v2 |-> [term |-> 2, value |-> "v2", payload |-> "v2"] ]
/\ voterLog = [r2 |-> [r3 |-> <<>>, r4 |-> <<>>], r3 |-> << >>, r4 |-> << >>, r1 |-> << >>]
/\ votedFor = [r2 |-> Nil, r3 |-> "r2", r4 |-> "r2", r1 |-> Nil]
/\ unorderedRequests = [r2 |-> {}, r3 |-> {"v2"}, r4 |-> {"v1", "v2"}, r1 |-> {"v1", "v2"}]

@!@!@ENDMSG 2217 @!@!@
@!@!@STARTMSG 2217:4 @!@!@
16: <AdvanceCommitIndex line 290, col 5 to line 305, col 119 of module full>
/\ messages = ( [ mtype |-> AppendEntriesResponse,
    mterm |-> 2,
    msource |-> "r3",
    mdest |-> "r2",
    msuccess |-> TRUE,
    mmatchIndex |-> 1 ] :>
      0 @@
  [ mtype |-> AppendEntriesRequest,
    mterm |-> 2,
    msource |-> "r2",
    mdest |-> "r3",
    mprevLogIndex |-> 0,
    mprevLogTerm |-> 0,
    mentries |-> <<[term |-> 2, value |-> "v1"]>>,
    mlog |-> <<[term |-> 2, value |-> "v1"], [term |-> 2, value |-> "v2"]>>,
    mcommitIndex |-> 0 ] :>
      0 @@
  [ mtype |-> AppendEntriesRequest,
    mterm |-> 2,
    msource |-> "r2",
    mdest |-> "r4",
    mprevLogIndex |-> 0,
    mprevLogTerm |-> 0,
    mentries |-> <<[term |-> 2, value |-> "v1"]>>,
    mlog |-> <<[term |-> 2, value |-> "v1"], [term |-> 2, value |-> "v2"]>>,
    mcommitIndex |-> 0 ] :>
      1 )
/\ matchIndex = [ r2 |-> [r2 |-> 0, r3 |-> 1, r4 |-> 0, r1 |-> 0],
  r3 |-> [r2 |-> 0, r3 |-> 0, r4 |-> 0, r1 |-> 0],
  r4 |-> [r2 |-> 0, r3 |-> 0, r4 |-> 0, r1 |-> 0],
  r1 |-> [r2 |-> 0, r3 |-> 0, r4 |-> 0, r1 |-> 0] ]
/\ log = [ r2 |-> <<[term |-> 2, value |-> "v1"], [term |-> 2, value |-> "v2"]>>,
  r3 |-> <<[term |-> 2, value |-> "v1"]>>,
  r4 |-> <<>>,
  r1 |-> <<>> ]
/\ switchSentRecord = [ r2 |-> {<<"v1", 2>>, <<"v2", 2>>},
  r3 |-> {<<"v1", 2>>, <<"v2", 2>>},
  r4 |-> {<<"v1", 2>>, <<"v2", 2>>},
  r1 |-> {} ]
/\ state = [r2 |-> Leader, r3 |-> Follower, r4 |-> Follower, r1 |-> Switch]
/\ leaderCount = [r2 |-> 1, r3 |-> 0, r4 |-> 0, r1 |-> 0]
/\ entryCommitStats = ( <<1, 2>> :> [sentCount |-> 2, ackCount |-> 1, committed |-> TRUE] @@
  <<2, 2>> :> [sentCount |-> 0, ackCount |-> 0, committed |-> FALSE] )
/\ commitIndex = [r2 |-> 1, r3 |-> 0, r4 |-> 0, r1 |-> 0]
/\ currentTerm = [r2 |-> 2, r3 |-> 2, r4 |-> 2, r1 |-> 2]
/\ votesResponded = [r2 |-> {"r3", "r4"}, r3 |-> {}, r4 |-> {}, r1 |-> {}]
/\ maxc = 2
/\ nextIndex = [ r2 |-> [r2 |-> 1, r3 |-> 2, r4 |-> 1, r1 |-> 1],
  r3 |-> [r2 |-> 1, r3 |-> 1, r4 |-> 1, r1 |-> 1],
  r4 |-> [r2 |-> 1, r3 |-> 1, r4 |-> 1, r1 |-> 1],
  r1 |-> [r2 |-> 1, r3 |-> 1, r4 |-> 1, r1 |-> 1] ]
/\ votesGranted = [r2 |-> {"r3", "r4"}, r3 |-> {}, r4 |-> {}, r1 |-> {}]
/\ switchBuffer = [ v1 |-> [term |-> 2, value |-> "v1", payload |-> "v1"],
  v2 |-> [term |-> 2, value |-> "v2", payload |-> "v2"] ]
/\ voterLog = [r2 |-> [r3 |-> <<>>, r4 |-> <<>>], r3 |-> << >>, r4 |-> << >>, r1 |-> << >>]
/\ votedFor = [r2 |-> Nil, r3 |-> "r2", r4 |-> "r2", r1 |-> Nil]
/\ unorderedRequests = [r2 |-> {}, r3 |-> {"v2"}, r4 |-> {"v1", "v2"}, r1 |-> {"v1", "v2"}]

@!@!@ENDMSG 2217 @!@!@
@!@!@STARTMSG 2217:4 @!@!@
17: <MySwitchNext line 535, col 35 to line 535, col 75 of module full>
/\ messages = ( [ mtype |-> AppendEntriesResponse,
    mterm |-> 2,
    msource |-> "r3",
    mdest |-> "r2",
    msuccess |-> TRUE,
    mmatchIndex |-> 1 ] :>
      0 @@
  [ mtype |-> AppendEntriesRequest,
    mterm |-> 2,
    msource |-> "r2",
    mdest |-> "r3",
    mprevLogIndex |-> 0,
    mprevLogTerm |-> 0,
    mentries |-> <<[term |-> 2, value |-> "v1"]>>,
    mlog |-> <<[term |-> 2, value |-> "v1"], [term |-> 2, value |-> "v2"]>>,
    mcommitIndex |-> 0 ] :>
      0 @@
  [ mtype |-> AppendEntriesRequest,
    mterm |-> 2,
    msource |-> "r2",
    mdest |-> "r3",
    mprevLogIndex |-> 1,
    mprevLogTerm |-> 2,
    mentries |-> <<[term |-> 2, value |-> "v2"]>>,
    mlog |-> <<[term |-> 2, value |-> "v1"], [term |-> 2, value |-> "v2"]>>,
    mcommitIndex |-> 1 ] :>
      1 @@
  [ mtype |-> AppendEntriesRequest,
    mterm |-> 2,
    msource |-> "r2",
    mdest |-> "r4",
    mprevLogIndex |-> 0,
    mprevLogTerm |-> 0,
    mentries |-> <<[term |-> 2, value |-> "v1"]>>,
    mlog |-> <<[term |-> 2, value |-> "v1"], [term |-> 2, value |-> "v2"]>>,
    mcommitIndex |-> 0 ] :>
      1 )
/\ matchIndex = [ r2 |-> [r2 |-> 0, r3 |-> 1, r4 |-> 0, r1 |-> 0],
  r3 |-> [r2 |-> 0, r3 |-> 0, r4 |-> 0, r1 |-> 0],
  r4 |-> [r2 |-> 0, r3 |-> 0, r4 |-> 0, r1 |-> 0],
  r1 |-> [r2 |-> 0, r3 |-> 0, r4 |-> 0, r1 |-> 0] ]
/\ log = [ r2 |-> <<[term |-> 2, value |-> "v1"], [term |-> 2, value |-> "v2"]>>,
  r3 |-> <<[term |-> 2, value |-> "v1"]>>,
  r4 |-> <<>>,
  r1 |-> <<>> ]
/\ switchSentRecord = [ r2 |-> {<<"v1", 2>>, <<"v2", 2>>},
  r3 |-> {<<"v1", 2>>, <<"v2", 2>>},
  r4 |-> {<<"v1", 2>>, <<"v2", 2>>},
  r1 |-> {} ]
/\ state = [r2 |-> Leader, r3 |-> Follower, r4 |-> Follower, r1 |-> Switch]
/\ leaderCount = [r2 |-> 1, r3 |-> 0, r4 |-> 0, r1 |-> 0]
/\ entryCommitStats = ( <<1, 2>> :> [sentCount |-> 2, ackCount |-> 1, committed |-> TRUE] @@
  <<2, 2>> :> [sentCount |-> 1, ackCount |-> 0, committed |-> FALSE] )
/\ commitIndex = [r2 |-> 1, r3 |-> 0, r4 |-> 0, r1 |-> 0]
/\ currentTerm = [r2 |-> 2, r3 |-> 2, r4 |-> 2, r1 |-> 2]
/\ votesResponded = [r2 |-> {"r3", "r4"}, r3 |-> {}, r4 |-> {}, r1 |-> {}]
/\ maxc = 2
/\ nextIndex = [ r2 |-> [r2 |-> 1, r3 |-> 2, r4 |-> 1, r1 |-> 1],
  r3 |-> [r2 |-> 1, r3 |-> 1, r4 |-> 1, r1 |-> 1],
  r4 |-> [r2 |-> 1, r3 |-> 1, r4 |-> 1, r1 |-> 1],
  r1 |-> [r2 |-> 1, r3 |-> 1, r4 |-> 1, r1 |-> 1] ]
/\ votesGranted = [r2 |-> {"r3", "r4"}, r3 |-> {}, r4 |-> {}, r1 |-> {}]
/\ switchBuffer = [ v1 |-> [term |-> 2, value |-> "v1", payload |-> "v1"],
  v2 |-> [term |-> 2, value |-> "v2", payload |-> "v2"] ]
/\ voterLog = [r2 |-> [r3 |-> <<>>, r4 |-> <<>>], r3 |-> << >>, r4 |-> << >>, r1 |-> << >>]
/\ votedFor = [r2 |-> Nil, r3 |-> "r2", r4 |-> "r2", r1 |-> Nil]
/\ unorderedRequests = [r2 |-> {}, r3 |-> {"v2"}, r4 |-> {"v1", "v2"}, r1 |-> {"v1", "v2"}]

@!@!@ENDMSG 2217 @!@!@
@!@!@STARTMSG 2217:4 @!@!@
18: <MySwitchNext line 536, col 7 to line 539, col 17 of module full>
/\ messages = ( [ mtype |-> AppendEntriesResponse,
    mterm |-> 2,
    msource |-> "r3",
    mdest |-> "r2",
    msuccess |-> TRUE,
    mmatchIndex |-> 1 ] :>
      0 @@
  [ mtype |-> AppendEntriesResponse,
    mterm |-> 2,
    msource |-> "r3",
    mdest |-> "r2",
    msuccess |-> TRUE,
    mmatchIndex |-> 2 ] :>
      1 @@
  [ mtype |-> AppendEntriesRequest,
    mterm |-> 2,
    msource |-> "r2",
    mdest |-> "r3",
    mprevLogIndex |-> 0,
    mprevLogTerm |-> 0,
    mentries |-> <<[term |-> 2, value |-> "v1"]>>,
    mlog |-> <<[term |-> 2, value |-> "v1"], [term |-> 2, value |-> "v2"]>>,
    mcommitIndex |-> 0 ] :>
      0 @@
  [ mtype |-> AppendEntriesRequest,
    mterm |-> 2,
    msource |-> "r2",
    mdest |-> "r3",
    mprevLogIndex |-> 1,
    mprevLogTerm |-> 2,
    mentries |-> <<[term |-> 2, value |-> "v2"]>>,
    mlog |-> <<[term |-> 2, value |-> "v1"], [term |-> 2, value |-> "v2"]>>,
    mcommitIndex |-> 1 ] :>
      0 @@
  [ mtype |-> AppendEntriesRequest,
    mterm |-> 2,
    msource |-> "r2",
    mdest |-> "r4",
    mprevLogIndex |-> 0,
    mprevLogTerm |-> 0,
    mentries |-> <<[term |-> 2, value |-> "v1"]>>,
    mlog |-> <<[term |-> 2, value |-> "v1"], [term |-> 2, value |-> "v2"]>>,
    mcommitIndex |-> 0 ] :>
      1 )
/\ matchIndex = [ r2 |-> [r2 |-> 0, r3 |-> 1, r4 |-> 0, r1 |-> 0],
  r3 |-> [r2 |-> 0, r3 |-> 0, r4 |-> 0, r1 |-> 0],
  r4 |-> [r2 |-> 0, r3 |-> 0, r4 |-> 0, r1 |-> 0],
  r1 |-> [r2 |-> 0, r3 |-> 0, r4 |-> 0, r1 |-> 0] ]
/\ log = [ r2 |-> <<[term |-> 2, value |-> "v1"], [term |-> 2, value |-> "v2"]>>,
  r3 |-> <<[term |-> 2, value |-> "v1"], [term |-> 2, value |-> "v2"]>>,
  r4 |-> <<>>,
  r1 |-> <<>> ]
/\ switchSentRecord = [ r2 |-> {<<"v1", 2>>, <<"v2", 2>>},
  r3 |-> {<<"v1", 2>>, <<"v2", 2>>},
  r4 |-> {<<"v1", 2>>, <<"v2", 2>>},
  r1 |-> {} ]
/\ state = [r2 |-> Leader, r3 |-> Follower, r4 |-> Follower, r1 |-> Switch]
/\ leaderCount = [r2 |-> 1, r3 |-> 0, r4 |-> 0, r1 |-> 0]
/\ entryCommitStats = ( <<1, 2>> :> [sentCount |-> 2, ackCount |-> 1, committed |-> TRUE] @@
  <<2, 2>> :> [sentCount |-> 1, ackCount |-> 0, committed |-> FALSE] )
/\ commitIndex = [r2 |-> 1, r3 |-> 1, r4 |-> 0, r1 |-> 0]
/\ currentTerm = [r2 |-> 2, r3 |-> 2, r4 |-> 2, r1 |-> 2]
/\ votesResponded = [r2 |-> {"r3", "r4"}, r3 |-> {}, r4 |-> {}, r1 |-> {}]
/\ maxc = 2
/\ nextIndex = [ r2 |-> [r2 |-> 1, r3 |-> 2, r4 |-> 1, r1 |-> 1],
  r3 |-> [r2 |-> 1, r3 |-> 1, r4 |-> 1, r1 |-> 1],
  r4 |-> [r2 |-> 1, r3 |-> 1, r4 |-> 1, r1 |-> 1],
  r1 |-> [r2 |-> 1, r3 |-> 1, r4 |-> 1, r1 |-> 1] ]
/\ votesGranted = [r2 |-> {"r3", "r4"}, r3 |-> {}, r4 |-> {}, r1 |-> {}]
/\ switchBuffer = [ v1 |-> [term |-> 2, value |-> "v1", payload |-> "v1"],
  v2 |-> [term |-> 2, value |-> "v2", payload |-> "v2"] ]
/\ voterLog = [r2 |-> [r3 |-> <<>>, r4 |-> <<>>], r3 |-> << >>, r4 |-> << >>, r1 |-> << >>]
/\ votedFor = [r2 |-> Nil, r3 |-> "r2", r4 |-> "r2", r1 |-> Nil]
/\ unorderedRequests = [r2 |-> {}, r3 |-> {}, r4 |-> {"v1", "v2"}, r1 |-> {"v1", "v2"}]

@!@!@ENDMSG 2217 @!@!@
@!@!@STARTMSG 2217:4 @!@!@
19: <MySwitchNext line 536, col 7 to line 539, col 17 of module full>
/\ messages = ( [ mtype |-> AppendEntriesResponse,
    mterm |-> 2,
    msource |-> "r3",
    mdest |-> "r2",
    msuccess |-> TRUE,
    mmatchIndex |-> 1 ] :>
      0 @@
  [ mtype |-> AppendEntriesResponse,
    mterm |-> 2,
    msource |-> "r3",
    mdest |-> "r2",
    msuccess |-> TRUE,
    mmatchIndex |-> 2 ] :>
      1 @@
  [ mtype |-> AppendEntriesResponse,
    mterm |-> 2,
    msource |-> "r4",
    mdest |-> "r2",
    msuccess |-> TRUE,
    mmatchIndex |-> 1 ] :>
      1 @@
  [ mtype |-> AppendEntriesRequest,
    mterm |-> 2,
    msource |-> "r2",
    mdest |-> "r3",
    mprevLogIndex |-> 0,
    mprevLogTerm |-> 0,
    mentries |-> <<[term |-> 2, value |-> "v1"]>>,
    mlog |-> <<[term |-> 2, value |-> "v1"], [term |-> 2, value |-> "v2"]>>,
    mcommitIndex |-> 0 ] :>
      0 @@
  [ mtype |-> AppendEntriesRequest,
    mterm |-> 2,
    msource |-> "r2",
    mdest |-> "r3",
    mprevLogIndex |-> 1,
    mprevLogTerm |-> 2,
    mentries |-> <<[term |-> 2, value |-> "v2"]>>,
    mlog |-> <<[term |-> 2, value |-> "v1"], [term |-> 2, value |-> "v2"]>>,
    mcommitIndex |-> 1 ] :>
      0 @@
  [ mtype |-> AppendEntriesRequest,
    mterm |-> 2,
    msource |-> "r2",
    mdest |-> "r4",
    mprevLogIndex |-> 0,
    mprevLogTerm |-> 0,
    mentries |-> <<[term |-> 2, value |-> "v1"]>>,
    mlog |-> <<[term |-> 2, value |-> "v1"], [term |-> 2, value |-> "v2"]>>,
    mcommitIndex |-> 0 ] :>
      0 )
/\ matchIndex = [ r2 |-> [r2 |-> 0, r3 |-> 1, r4 |-> 0, r1 |-> 0],
  r3 |-> [r2 |-> 0, r3 |-> 0, r4 |-> 0, r1 |-> 0],
  r4 |-> [r2 |-> 0, r3 |-> 0, r4 |-> 0, r1 |-> 0],
  r1 |-> [r2 |-> 0, r3 |-> 0, r4 |-> 0, r1 |-> 0] ]
/\ log = [ r2 |-> <<[term |-> 2, value |-> "v1"], [term |-> 2, value |-> "v2"]>>,
  r3 |-> <<[term |-> 2, value |-> "v1"], [term |-> 2, value |-> "v2"]>>,
  r4 |-> <<[term |-> 2, value |-> "v1"]>>,
  r1 |-> <<>> ]
/\ switchSentRecord = [ r2 |-> {<<"v1", 2>>, <<"v2", 2>>},
  r3 |-> {<<"v1", 2>>, <<"v2", 2>>},
  r4 |-> {<<"v1", 2>>, <<"v2", 2>>},
  r1 |-> {} ]
/\ state = [r2 |-> Leader, r3 |-> Follower, r4 |-> Follower, r1 |-> Switch]
/\ leaderCount = [r2 |-> 1, r3 |-> 0, r4 |-> 0, r1 |-> 0]
/\ entryCommitStats = ( <<1, 2>> :> [sentCount |-> 2, ackCount |-> 1, committed |-> TRUE] @@
  <<2, 2>> :> [sentCount |-> 1, ackCount |-> 0, committed |-> FALSE] )
/\ commitIndex = [r2 |-> 1, r3 |-> 1, r4 |-> 0, r1 |-> 0]
/\ currentTerm = [r2 |-> 2, r3 |-> 2, r4 |-> 2, r1 |-> 2]
/\ votesResponded = [r2 |-> {"r3", "r4"}, r3 |-> {}, r4 |-> {}, r1 |-> {}]
/\ maxc = 2
/\ nextIndex = [ r2 |-> [r2 |-> 1, r3 |-> 2, r4 |-> 1, r1 |-> 1],
  r3 |-> [r2 |-> 1, r3 |-> 1, r4 |-> 1, r1 |-> 1],
  r4 |-> [r2 |-> 1, r3 |-> 1, r4 |-> 1, r1 |-> 1],
  r1 |-> [r2 |-> 1, r3 |-> 1, r4 |-> 1, r1 |-> 1] ]
/\ votesGranted = [r2 |-> {"r3", "r4"}, r3 |-> {}, r4 |-> {}, r1 |-> {}]
/\ switchBuffer = [ v1 |-> [term |-> 2, value |-> "v1", payload |-> "v1"],
  v2 |-> [term |-> 2, value |-> "v2", payload |-> "v2"] ]
/\ voterLog = [r2 |-> [r3 |-> <<>>, r4 |-> <<>>], r3 |-> << >>, r4 |-> << >>, r1 |-> << >>]
/\ votedFor = [r2 |-> Nil, r3 |-> "r2", r4 |-> "r2", r1 |-> Nil]
/\ unorderedRequests = [r2 |-> {}, r3 |-> {}, r4 |-> {"v2"}, r1 |-> {"v1", "v2"}]

@!@!@ENDMSG 2217 @!@!@
@!@!@STARTMSG 2217:4 @!@!@
20: <MySwitchNext line 536, col 7 to line 539, col 17 of module full>
/\ messages = ( [ mtype |-> AppendEntriesResponse,
    mterm |-> 2,
    msource |-> "r3",
    mdest |-> "r2",
    msuccess |-> TRUE,
    mmatchIndex |-> 1 ] :>
      0 @@
  [ mtype |-> AppendEntriesResponse,
    mterm |-> 2,
    msource |-> "r3",
    mdest |-> "r2",
    msuccess |-> TRUE,
    mmatchIndex |-> 2 ] :>
      1 @@
  [ mtype |-> AppendEntriesResponse,
    mterm |-> 2,
    msource |-> "r4",
    mdest |-> "r2",
    msuccess |-> TRUE,
    mmatchIndex |-> 1 ] :>
      0 @@
  [ mtype |-> AppendEntriesRequest,
    mterm |-> 2,
    msource |-> "r2",
    mdest |-> "r3",
    mprevLogIndex |-> 0,
    mprevLogTerm |-> 0,
    mentries |-> <<[term |-> 2, value |-> "v1"]>>,
    mlog |-> <<[term |-> 2, value |-> "v1"], [term |-> 2, value |-> "v2"]>>,
    mcommitIndex |-> 0 ] :>
      0 @@
  [ mtype |-> AppendEntriesRequest,
    mterm |-> 2,
    msource |-> "r2",
    mdest |-> "r3",
    mprevLogIndex |-> 1,
    mprevLogTerm |-> 2,
    mentries |-> <<[term |-> 2, value |-> "v2"]>>,
    mlog |-> <<[term |-> 2, value |-> "v1"], [term |-> 2, value |-> "v2"]>>,
    mcommitIndex |-> 1 ] :>
      0 @@
  [ mtype |-> AppendEntriesRequest,
    mterm |-> 2,
    msource |-> "r2",
    mdest |-> "r4",
    mprevLogIndex |-> 0,
    mprevLogTerm |-> 0,
    mentries |-> <<[term |-> 2, value |-> "v1"]>>,
    mlog |-> <<[term |-> 2, value |-> "v1"], [term |-> 2, value |-> "v2"]>>,
    mcommitIndex |-> 0 ] :>
      0 )
/\ matchIndex = [ r2 |-> [r2 |-> 0, r3 |-> 1, r4 |-> 1, r1 |-> 0],
  r3 |-> [r2 |-> 0, r3 |-> 0, r4 |-> 0, r1 |-> 0],
  r4 |-> [r2 |-> 0, r3 |-> 0, r4 |-> 0, r1 |-> 0],
  r1 |-> [r2 |-> 0, r3 |-> 0, r4 |-> 0, r1 |-> 0] ]
/\ log = [ r2 |-> <<[term |-> 2, value |-> "v1"], [term |-> 2, value |-> "v2"]>>,
  r3 |-> <<[term |-> 2, value |-> "v1"], [term |-> 2, value |-> "v2"]>>,
  r4 |-> <<[term |-> 2, value |-> "v1"]>>,
  r1 |-> <<>> ]
/\ switchSentRecord = [ r2 |-> {<<"v1", 2>>, <<"v2", 2>>},
  r3 |-> {<<"v1", 2>>, <<"v2", 2>>},
  r4 |-> {<<"v1", 2>>, <<"v2", 2>>},
  r1 |-> {} ]
/\ state = [r2 |-> Leader, r3 |-> Follower, r4 |-> Follower, r1 |-> Switch]
/\ leaderCount = [r2 |-> 1, r3 |-> 0, r4 |-> 0, r1 |-> 0]
/\ entryCommitStats = ( <<1, 2>> :> [sentCount |-> 2, ackCount |-> 1, committed |-> TRUE] @@
  <<2, 2>> :> [sentCount |-> 1, ackCount |-> 0, committed |-> FALSE] )
/\ commitIndex = [r2 |-> 1, r3 |-> 1, r4 |-> 0, r1 |-> 0]
/\ currentTerm = [r2 |-> 2, r3 |-> 2, r4 |-> 2, r1 |-> 2]
/\ votesResponded = [r2 |-> {"r3", "r4"}, r3 |-> {}, r4 |-> {}, r1 |-> {}]
/\ maxc = 2
/\ nextIndex = [ r2 |-> [r2 |-> 1, r3 |-> 2, r4 |-> 2, r1 |-> 1],
  r3 |-> [r2 |-> 1, r3 |-> 1, r4 |-> 1, r1 |-> 1],
  r4 |-> [r2 |-> 1, r3 |-> 1, r4 |-> 1, r1 |-> 1],
  r1 |-> [r2 |-> 1, r3 |-> 1, r4 |-> 1, r1 |-> 1] ]
/\ votesGranted = [r2 |-> {"r3", "r4"}, r3 |-> {}, r4 |-> {}, r1 |-> {}]
/\ switchBuffer = [ v1 |-> [term |-> 2, value |-> "v1", payload |-> "v1"],
  v2 |-> [term |-> 2, value |-> "v2", payload |-> "v2"] ]
/\ voterLog = [r2 |-> [r3 |-> <<>>, r4 |-> <<>>], r3 |-> << >>, r4 |-> << >>, r1 |-> << >>]
/\ votedFor = [r2 |-> Nil, r3 |-> "r2", r4 |-> "r2", r1 |-> Nil]
/\ unorderedRequests = [r2 |-> {}, r3 |-> {}, r4 |-> {"v2"}, r1 |-> {"v1", "v2"}]

@!@!@ENDMSG 2217 @!@!@
@!@!@STARTMSG 2217:4 @!@!@
21: <MySwitchNext line 535, col 35 to line 535, col 75 of module full>
/\ messages = ( [ mtype |-> AppendEntriesResponse,
    mterm |-> 2,
    msource |-> "r3",
    mdest |-> "r2",
    msuccess |-> TRUE,
    mmatchIndex |-> 1 ] :>
      0 @@
  [ mtype |-> AppendEntriesResponse,
    mterm |-> 2,
    msource |-> "r3",
    mdest |-> "r2",
    msuccess |-> TRUE,
    mmatchIndex |-> 2 ] :>
      1 @@
  [ mtype |-> AppendEntriesResponse,
    mterm |-> 2,
    msource |-> "r4",
    mdest |-> "r2",
    msuccess |-> TRUE,
    mmatchIndex |-> 1 ] :>
      0 @@
  [ mtype |-> AppendEntriesRequest,
    mterm |-> 2,
    msource |-> "r2",
    mdest |-> "r3",
    mprevLogIndex |-> 0,
    mprevLogTerm |-> 0,
    mentries |-> <<[term |-> 2, value |-> "v1"]>>,
    mlog |-> <<[term |-> 2, value |-> "v1"], [term |-> 2, value |-> "v2"]>>,
    mcommitIndex |-> 0 ] :>
      0 @@
  [ mtype |-> AppendEntriesRequest,
    mterm |-> 2,
    msource |-> "r2",
    mdest |-> "r3",
    mprevLogIndex |-> 1,
    mprevLogTerm |-> 2,
    mentries |-> <<[term |-> 2, value |-> "v2"]>>,
    mlog |-> <<[term |-> 2, value |-> "v1"], [term |-> 2, value |-> "v2"]>>,
    mcommitIndex |-> 1 ] :>
      0 @@
  [ mtype |-> AppendEntriesRequest,
    mterm |-> 2,
    msource |-> "r2",
    mdest |-> "r4",
    mprevLogIndex |-> 0,
    mprevLogTerm |-> 0,
    mentries |-> <<[term |-> 2, value |-> "v1"]>>,
    mlog |-> <<[term |-> 2, value |-> "v1"], [term |-> 2, value |-> "v2"]>>,
    mcommitIndex |-> 0 ] :>
      0 @@
  [ mtype |-> AppendEntriesRequest,
    mterm |-> 2,
    msource |-> "r2",
    mdest |-> "r4",
    mprevLogIndex |-> 1,
    mprevLogTerm |-> 2,
    mentries |-> <<[term |-> 2, value |-> "v2"]>>,
    mlog |-> <<[term |-> 2, value |-> "v1"], [term |-> 2, value |-> "v2"]>>,
    mcommitIndex |-> 1 ] :>
      1 )
/\ matchIndex = [ r2 |-> [r2 |-> 0, r3 |-> 1, r4 |-> 1, r1 |-> 0],
  r3 |-> [r2 |-> 0, r3 |-> 0, r4 |-> 0, r1 |-> 0],
  r4 |-> [r2 |-> 0, r3 |-> 0, r4 |-> 0, r1 |-> 0],
  r1 |-> [r2 |-> 0, r3 |-> 0, r4 |-> 0, r1 |-> 0] ]
/\ log = [ r2 |-> <<[term |-> 2, value |-> "v1"], [term |-> 2, value |-> "v2"]>>,
  r3 |-> <<[term |-> 2, value |-> "v1"], [term |-> 2, value |-> "v2"]>>,
  r4 |-> <<[term |-> 2, value |-> "v1"]>>,
  r1 |-> <<>> ]
/\ switchSentRecord = [ r2 |-> {<<"v1", 2>>, <<"v2", 2>>},
  r3 |-> {<<"v1", 2>>, <<"v2", 2>>},
  r4 |-> {<<"v1", 2>>, <<"v2", 2>>},
  r1 |-> {} ]
/\ state = [r2 |-> Leader, r3 |-> Follower, r4 |-> Follower, r1 |-> Switch]
/\ leaderCount = [r2 |-> 1, r3 |-> 0, r4 |-> 0, r1 |-> 0]
/\ entryCommitStats = ( <<1, 2>> :> [sentCount |-> 2, ackCount |-> 1, committed |-> TRUE] @@
  <<2, 2>> :> [sentCount |-> 2, ackCount |-> 0, committed |-> FALSE] )
/\ commitIndex = [r2 |-> 1, r3 |-> 1, r4 |-> 0, r1 |-> 0]
/\ currentTerm = [r2 |-> 2, r3 |-> 2, r4 |-> 2, r1 |-> 2]
/\ votesResponded = [r2 |-> {"r3", "r4"}, r3 |-> {}, r4 |-> {}, r1 |-> {}]
/\ maxc = 2
/\ nextIndex = [ r2 |-> [r2 |-> 1, r3 |-> 2, r4 |-> 2, r1 |-> 1],
  r3 |-> [r2 |-> 1, r3 |-> 1, r4 |-> 1, r1 |-> 1],
  r4 |-> [r2 |-> 1, r3 |-> 1, r4 |-> 1, r1 |-> 1],
  r1 |-> [r2 |-> 1, r3 |-> 1, r4 |-> 1, r1 |-> 1] ]
/\ votesGranted = [r2 |-> {"r3", "r4"}, r3 |-> {}, r4 |-> {}, r1 |-> {}]
/\ switchBuffer = [ v1 |-> [term |-> 2, value |-> "v1", payload |-> "v1"],
  v2 |-> [term |-> 2, value |-> "v2", payload |-> "v2"] ]
/\ voterLog = [r2 |-> [r3 |-> <<>>, r4 |-> <<>>], r3 |-> << >>, r4 |-> << >>, r1 |-> << >>]
/\ votedFor = [r2 |-> Nil, r3 |-> "r2", r4 |-> "r2", r1 |-> Nil]
/\ unorderedRequests = [r2 |-> {}, r3 |-> {}, r4 |-> {"v2"}, r1 |-> {"v1", "v2"}]

@!@!@ENDMSG 2217 @!@!@
@!@!@STARTMSG 2217:4 @!@!@
22: <MySwitchNext line 536, col 7 to line 539, col 17 of module full>
/\ messages = ( [ mtype |-> AppendEntriesResponse,
    mterm |-> 2,
    msource |-> "r3",
    mdest |-> "r2",
    msuccess |-> TRUE,
    mmatchIndex |-> 1 ] :>
      0 @@
  [ mtype |-> AppendEntriesResponse,
    mterm |-> 2,
    msource |-> "r3",
    mdest |-> "r2",
    msuccess |-> TRUE,
    mmatchIndex |-> 2 ] :>
      1 @@
  [ mtype |-> AppendEntriesResponse,
    mterm |-> 2,
    msource |-> "r4",
    mdest |-> "r2",
    msuccess |-> TRUE,
    mmatchIndex |-> 1 ] :>
      0 @@
  [ mtype |-> AppendEntriesResponse,
    mterm |-> 2,
    msource |-> "r4",
    mdest |-> "r2",
    msuccess |-> TRUE,
    mmatchIndex |-> 2 ] :>
      1 @@
  [ mtype |-> AppendEntriesRequest,
    mterm |-> 2,
    msource |-> "r2",
    mdest |-> "r3",
    mprevLogIndex |-> 0,
    mprevLogTerm |-> 0,
    mentries |-> <<[term |-> 2, value |-> "v1"]>>,
    mlog |-> <<[term |-> 2, value |-> "v1"], [term |-> 2, value |-> "v2"]>>,
    mcommitIndex |-> 0 ] :>
      0 @@
  [ mtype |-> AppendEntriesRequest,
    mterm |-> 2,
    msource |-> "r2",
    mdest |-> "r3",
    mprevLogIndex |-> 1,
    mprevLogTerm |-> 2,
    mentries |-> <<[term |-> 2, value |-> "v2"]>>,
    mlog |-> <<[term |-> 2, value |-> "v1"], [term |-> 2, value |-> "v2"]>>,
    mcommitIndex |-> 1 ] :>
      0 @@
  [ mtype |-> AppendEntriesRequest,
    mterm |-> 2,
    msource |-> "r2",
    mdest |-> "r4",
    mprevLogIndex |-> 0,
    mprevLogTerm |-> 0,
    mentries |-> <<[term |-> 2, value |-> "v1"]>>,
    mlog |-> <<[term |-> 2, value |-> "v1"], [term |-> 2, value |-> "v2"]>>,
    mcommitIndex |-> 0 ] :>
      0 @@
  [ mtype |-> AppendEntriesRequest,
    mterm |-> 2,
    msource |-> "r2",
    mdest |-> "r4",
    mprevLogIndex |-> 1,
    mprevLogTerm |-> 2,
    mentries |-> <<[term |-> 2, value |-> "v2"]>>,
    mlog |-> <<[term |-> 2, value |-> "v1"], [term |-> 2, value |-> "v2"]>>,
    mcommitIndex |-> 1 ] :>
      0 )
/\ matchIndex = [ r2 |-> [r2 |-> 0, r3 |-> 1, r4 |-> 1, r1 |-> 0],
  r3 |-> [r2 |-> 0, r3 |-> 0, r4 |-> 0, r1 |-> 0],
  r4 |-> [r2 |-> 0, r3 |-> 0, r4 |-> 0, r1 |-> 0],
  r1 |-> [r2 |-> 0, r3 |-> 0, r4 |-> 0, r1 |-> 0] ]
/\ log = [ r2 |-> <<[term |-> 2, value |-> "v1"], [term |-> 2, value |-> "v2"]>>,
  r3 |-> <<[term |-> 2, value |-> "v1"], [term |-> 2, value |-> "v2"]>>,
  r4 |-> <<[term |-> 2, value |-> "v1"], [term |-> 2, value |-> "v2"]>>,
  r1 |-> <<>> ]
/\ switchSentRecord = [ r2 |-> {<<"v1", 2>>, <<"v2", 2>>},
  r3 |-> {<<"v1", 2>>, <<"v2", 2>>},
  r4 |-> {<<"v1", 2>>, <<"v2", 2>>},
  r1 |-> {} ]
/\ state = [r2 |-> Leader, r3 |-> Follower, r4 |-> Follower, r1 |-> Switch]
/\ leaderCount = [r2 |-> 1, r3 |-> 0, r4 |-> 0, r1 |-> 0]
/\ entryCommitStats = ( <<1, 2>> :> [sentCount |-> 2, ackCount |-> 1, committed |-> TRUE] @@
  <<2, 2>> :> [sentCount |-> 2, ackCount |-> 0, committed |-> FALSE] )
/\ commitIndex = [r2 |-> 1, r3 |-> 1, r4 |-> 1, r1 |-> 0]
/\ currentTerm = [r2 |-> 2, r3 |-> 2, r4 |-> 2, r1 |-> 2]
/\ votesResponded = [r2 |-> {"r3", "r4"}, r3 |-> {}, r4 |-> {}, r1 |-> {}]
/\ maxc = 2
/\ nextIndex = [ r2 |-> [r2 |-> 1, r3 |-> 2, r4 |-> 2, r1 |-> 1],
  r3 |-> [r2 |-> 1, r3 |-> 1, r4 |-> 1, r1 |-> 1],
  r4 |-> [r2 |-> 1, r3 |-> 1, r4 |-> 1, r1 |-> 1],
  r1 |-> [r2 |-> 1, r3 |-> 1, r4 |-> 1, r1 |-> 1] ]
/\ votesGranted = [r2 |-> {"r3", "r4"}, r3 |-> {}, r4 |-> {}, r1 |-> {}]
/\ switchBuffer = [ v1 |-> [term |-> 2, value |-> "v1", payload |-> "v1"],
  v2 |-> [term |-> 2, value |-> "v2", payload |-> "v2"] ]
/\ voterLog = [r2 |-> [r3 |-> <<>>, r4 |-> <<>>], r3 |-> << >>, r4 |-> << >>, r1 |-> << >>]
/\ votedFor = [r2 |-> Nil, r3 |-> "r2", r4 |-> "r2", r1 |-> Nil]
/\ unorderedRequests = [r2 |-> {}, r3 |-> {}, r4 |-> {}, r1 |-> {"v1", "v2"}]

@!@!@ENDMSG 2217 @!@!@
@!@!@STARTMSG 2201:0 @!@!@
The coverage statistics at 2025-05-14 04:34:35
@!@!@ENDMSG 2201 @!@!@
@!@!@STARTMSG 2773:0 @!@!@
<MyInit line 133, col 1 to line 133, col 6 of module full>: 2:2
@!@!@ENDMSG 2773 @!@!@
@!@!@STARTMSG 2221:0 @!@!@
  line 134, col 7 to line 155, col 138 of module full: 2
@!@!@ENDMSG 2221 @!@!@
@!@!@STARTMSG 2772:0 @!@!@
<AdvanceCommitIndex line 289, col 1 to line 289, col 21 of module full>: 181604:1665155
@!@!@ENDMSG 2772 @!@!@
@!@!@STARTMSG 2221:0 @!@!@
  line 290, col 8 to line 290, col 20 of module full: 6660618
@!@!@ENDMSG 2221 @!@!@
@!@!@STARTMSG 2221:0 @!@!@
  |line 290, col 8 to line 290, col 8 of module full: 4995463
@!@!@ENDMSG 2221 @!@!@
@!@!@STARTMSG 2221:0 @!@!@
  |line 290, col 14 to line 290, col 20 of module full: 4995463
@!@!@ENDMSG 2221 @!@!@
@!@!@STARTMSG 2221:0 @!@!@
  line 291, col 8 to line 291, col 24 of module full: 6660618
@!@!@ENDMSG 2221 @!@!@
@!@!@STARTMSG 2221:0 @!@!@
  |line 291, col 8 to line 291, col 15 of module full: 4995463
@!@!@ENDMSG 2221 @!@!@
@!@!@STARTMSG 2221:0 @!@!@
  |line 291, col 19 to line 291, col 24 of module full: 4995463
@!@!@ENDMSG 2221 @!@!@
@!@!@STARTMSG 2221:0 @!@!@
  line 299, col 14 to line 299, col 70 of module full: 1665155
@!@!@ENDMSG 2221 @!@!@
@!@!@STARTMSG 2221:0 @!@!@
  |line 299, col 29 to line 299, col 70 of module full: 1665155
@!@!@ENDMSG 2221 @!@!@
@!@!@STARTMSG 2221:0 @!@!@
  ||line 299, col 30 to line 299, col 40 of module full: 1665155
@!@!@ENDMSG 2221 @!@!@
@!@!@STARTMSG 2221:0 @!@!@
  ||line 299, col 49 to line 299, col 69 of module full: 1665155
@!@!@ENDMSG 2221 @!@!@
@!@!@STARTMSG 2221:0 @!@!@
  ||line 299, col 56 to line 299, col 69 of module full: 1665155
@!@!@ENDMSG 2221 @!@!@
@!@!@STARTMSG 2221:0 @!@!@
  |||line 296, col 30 to line 296, col 93 of module full: 1665155
@!@!@ENDMSG 2221 @!@!@
@!@!@STARTMSG 2221:0 @!@!@
  ||||line 296, col 33 to line 296, col 50 of module full: 1665155
@!@!@ENDMSG 2221 @!@!@
@!@!@STARTMSG 2221:0 @!@!@
  |||||line 296, col 33 to line 296, col 44 of module full: 1665155
@!@!@ENDMSG 2221 @!@!@
@!@!@STARTMSG 2221:0 @!@!@
  ||||||line 293, col 28 to line 295, col 71 of module full: 1665155
@!@!@ENDMSG 2221 @!@!@
@!@!@STARTMSG 2221:0 @!@!@
  |||||||line 294, col 33 to line 295, col 70 of module full: 3102309
@!@!@ENDMSG 2221 @!@!@
@!@!@STARTMSG 2221:0 @!@!@
  ||||||||line 294, col 36 to line 294, col 58 of module full: 3102309
@!@!@ENDMSG 2221 @!@!@
@!@!@STARTMSG 2221:0 @!@!@
  |||||||||line 294, col 36 to line 294, col 47 of module full: 3102309
@!@!@ENDMSG 2221 @!@!@
@!@!@STARTMSG 2221:0 @!@!@
  ||||||||||line 292, col 28 to line 292, col 79 of module full: 3102309
@!@!@ENDMSG 2221 @!@!@
@!@!@STARTMSG 2221:0 @!@!@
  |||||||||||line 292, col 28 to line 292, col 30 of module full: 3102309
@!@!@ENDMSG 2221 @!@!@
@!@!@STARTMSG 2775:0 @!@!@
  |||||||||||line 292, col 37 to line 292, col 79 of module full: 3102309:4324098
@!@!@ENDMSG 2775 @!@!@
@!@!@STARTMSG 2221:0 @!@!@
  ||||||||||||line 292, col 54 to line 292, col 78 of module full: 9306927
@!@!@ENDMSG 2221 @!@!@
@!@!@STARTMSG 2221:0 @!@!@
  ||||||||||||line 292, col 44 to line 292, col 50 of module full: 3102309
@!@!@ENDMSG 2221 @!@!@
@!@!@STARTMSG 2221:0 @!@!@
  ||||||||||line 294, col 42 to line 294, col 46 of module full: 3102309
@!@!@ENDMSG 2221 @!@!@
@!@!@STARTMSG 2221:0 @!@!@
  |||||||||line 294, col 53 to line 294, col 58 of module full: 3102309
@!@!@ENDMSG 2221 @!@!@
@!@!@STARTMSG 2221:0 @!@!@
  ||||||||line 295, col 36 to line 295, col 70 of module full: 1171453
@!@!@ENDMSG 2221 @!@!@
@!@!@STARTMSG 2221:0 @!@!@
  |||||||line 293, col 39 to line 293, col 52 of module full: 1665155
@!@!@ENDMSG 2221 @!@!@
@!@!@STARTMSG 2221:0 @!@!@
  |||||line 296, col 49 to line 296, col 50 of module full: 1665155
@!@!@ENDMSG 2221 @!@!@
@!@!@STARTMSG 2221:0 @!@!@
  ||||line 296, col 57 to line 296, col 73 of module full: 1139939
@!@!@ENDMSG 2221 @!@!@
@!@!@STARTMSG 2221:0 @!@!@
  |||||line 79, col 11 to line 79, col 46 of module full: 1139939
@!@!@ENDMSG 2221 @!@!@
@!@!@STARTMSG 2221:0 @!@!@
  ||||||line 79, col 28 to line 79, col 46 of module full: 1171453
@!@!@ENDMSG 2221 @!@!@
@!@!@STARTMSG 2221:0 @!@!@
  |||||||line 79, col 41 to line 79, col 46 of module full: 1234481
@!@!@ENDMSG 2221 @!@!@
@!@!@STARTMSG 2221:0 @!@!@
  |||||||line 79, col 37 to line 79, col 37 of module full: 1171453
@!@!@ENDMSG 2221 @!@!@
@!@!@STARTMSG 2221:0 @!@!@
  ||||||line 79, col 24 to line 79, col 24 of module full: 1139939
@!@!@ENDMSG 2221 @!@!@
@!@!@STARTMSG 2221:0 @!@!@
  |||||line 296, col 61 to line 296, col 72 of module full: 1139939
@!@!@ENDMSG 2221 @!@!@
@!@!@STARTMSG 2775:0 @!@!@
  ||||||line 293, col 28 to line 295, col 71 of module full: 1139939:3577387
@!@!@ENDMSG 2775 @!@!@
@!@!@STARTMSG 2221:0 @!@!@
  |||||||line 294, col 33 to line 295, col 70 of module full: 2159153
@!@!@ENDMSG 2221 @!@!@
@!@!@STARTMSG 2221:0 @!@!@
  ||||||||line 294, col 36 to line 294, col 58 of module full: 2159153
@!@!@ENDMSG 2221 @!@!@
@!@!@STARTMSG 2221:0 @!@!@
  |||||||||line 294, col 36 to line 294, col 47 of module full: 2159153
@!@!@ENDMSG 2221 @!@!@
@!@!@STARTMSG 2221:0 @!@!@
  ||||||||||line 292, col 28 to line 292, col 79 of module full: 2159153
@!@!@ENDMSG 2221 @!@!@
@!@!@STARTMSG 2221:0 @!@!@
  |||||||||||line 292, col 28 to line 292, col 30 of module full: 2159153
@!@!@ENDMSG 2221 @!@!@
@!@!@STARTMSG 2775:0 @!@!@
  |||||||||||line 292, col 37 to line 292, col 79 of module full: 2159153:3380942
@!@!@ENDMSG 2775 @!@!@
@!@!@STARTMSG 2221:0 @!@!@
  ||||||||||||line 292, col 54 to line 292, col 78 of module full: 6477459
@!@!@ENDMSG 2221 @!@!@
@!@!@STARTMSG 2221:0 @!@!@
  ||||||||||||line 292, col 44 to line 292, col 50 of module full: 2159153
@!@!@ENDMSG 2221 @!@!@
@!@!@STARTMSG 2221:0 @!@!@
  ||||||||||line 294, col 42 to line 294, col 46 of module full: 2159153
@!@!@ENDMSG 2221 @!@!@
@!@!@STARTMSG 2221:0 @!@!@
  |||||||||line 294, col 53 to line 294, col 58 of module full: 2159153
@!@!@ENDMSG 2221 @!@!@
@!@!@STARTMSG 2221:0 @!@!@
  ||||||||line 295, col 36 to line 295, col 70 of module full: 1171453
@!@!@ENDMSG 2221 @!@!@
@!@!@STARTMSG 2221:0 @!@!@
  |||||||line 293, col 39 to line 293, col 52 of module full: 1139939
@!@!@ENDMSG 2221 @!@!@
@!@!@STARTMSG 2221:0 @!@!@
  ||||line 296, col 80 to line 296, col 93 of module full: 525216
@!@!@ENDMSG 2221 @!@!@
@!@!@STARTMSG 2221:0 @!@!@
  line 300, col 14 to line 304, col 47 of module full: 1665155
@!@!@ENDMSG 2221 @!@!@
@!@!@STARTMSG 2221:0 @!@!@
  line 305, col 8 to line 305, col 119 of module full: 1665155
@!@!@ENDMSG 2221 @!@!@
@!@!@STARTMSG 2772:0 @!@!@
<MySwitchNext line 527, col 1 to line 527, col 12 of module full (529 8 529 70)>: 4:34548
@!@!@ENDMSG 2772 @!@!@
@!@!@STARTMSG 2221:0 @!@!@
  line 529, col 8 to line 529, col 26 of module full: 10025531
@!@!@ENDMSG 2221 @!@!@
@!@!@STARTMSG 2221:0 @!@!@
  |line 529, col 8 to line 529, col 17 of module full: 9990983
@!@!@ENDMSG 2221 @!@!@
@!@!@STARTMSG 2221:0 @!@!@
  |line 529, col 21 to line 529, col 26 of module full: 9990983
@!@!@ENDMSG 2221 @!@!@
@!@!@STARTMSG 2221:0 @!@!@
  line 238, col 8 to line 238, col 23 of module full: 3364877
@!@!@ENDMSG 2221 @!@!@
@!@!@STARTMSG 2221:0 @!@!@
  |line 238, col 8 to line 238, col 9 of module full: 3330329
@!@!@ENDMSG 2221 @!@!@
@!@!@STARTMSG 2221:0 @!@!@
  |line 238, col 13 to line 238, col 23 of module full: 3330329
@!@!@ENDMSG 2221 @!@!@
@!@!@STARTMSG 2221:0 @!@!@
  line 239, col 8 to line 239, col 22 of module full: 3364877
@!@!@ENDMSG 2221 @!@!@
@!@!@STARTMSG 2221:0 @!@!@
  |line 239, col 8 to line 239, col 10 of module full: 3330329
@!@!@ENDMSG 2221 @!@!@
@!@!@STARTMSG 2221:0 @!@!@
  |line 239, col 16 to line 239, col 22 of module full: 3330329
@!@!@ENDMSG 2221 @!@!@
@!@!@STARTMSG 2221:0 @!@!@
  line 240, col 8 to line 240, col 26 of module full: 3364877
@!@!@ENDMSG 2221 @!@!@
@!@!@STARTMSG 2221:0 @!@!@
  |line 240, col 8 to line 240, col 17 of module full: 3330329
@!@!@ENDMSG 2221 @!@!@
@!@!@STARTMSG 2221:0 @!@!@
  |line 240, col 21 to line 240, col 26 of module full: 3330329
@!@!@ENDMSG 2221 @!@!@
@!@!@STARTMSG 2221:0 @!@!@
  line 241, col 8 to line 241, col 18 of module full: 3364877
@!@!@ENDMSG 2221 @!@!@
@!@!@STARTMSG 2221:0 @!@!@
  |line 241, col 8 to line 241, col 8 of module full: 3330329
@!@!@ENDMSG 2221 @!@!@
@!@!@STARTMSG 2221:0 @!@!@
  |line 241, col 14 to line 241, col 18 of module full: 3330329
@!@!@ENDMSG 2221 @!@!@
@!@!@STARTMSG 2221:0 @!@!@
  line 242, col 8 to line 242, col 31 of module full: 34548
@!@!@ENDMSG 2221 @!@!@
@!@!@STARTMSG 2221:0 @!@!@
  |line 242, col 8 to line 242, col 11 of module full: 3330329
@!@!@ENDMSG 2221 @!@!@
@!@!@STARTMSG 2221:0 @!@!@
  |line 242, col 15 to line 242, col 31 of module full: 3330329
@!@!@ENDMSG 2221 @!@!@
@!@!@STARTMSG 2221:0 @!@!@
  line 243, col 8 to line 243, col 35 of module full: 103641
@!@!@ENDMSG 2221 @!@!@
@!@!@STARTMSG 2221:0 @!@!@
  |line 243, col 8 to line 243, col 8 of module full: 69093
@!@!@ENDMSG 2221 @!@!@
@!@!@STARTMSG 2221:0 @!@!@
  |line 243, col 17 to line 243, col 35 of module full: 69093
@!@!@ENDMSG 2221 @!@!@
@!@!@STARTMSG 2221:0 @!@!@
  line 248, col 11 to line 250, col 101 of module full: 34548
@!@!@ENDMSG 2221 @!@!@
@!@!@STARTMSG 2221:0 @!@!@
  line 251, col 8 to line 252, col 83 of module full: 34548
@!@!@ENDMSG 2221 @!@!@
@!@!@STARTMSG 2221:0 @!@!@
  line 529, col 51 to line 529, col 61 of module full: 3330329
@!@!@ENDMSG 2221 @!@!@
@!@!@STARTMSG 2221:0 @!@!@
  line 529, col 64 to line 529, col 66 of module full: 3330329
@!@!@ENDMSG 2221 @!@!@
@!@!@STARTMSG 2221:0 @!@!@
  line 529, col 69 to line 529, col 69 of module full: 3330329
@!@!@ENDMSG 2221 @!@!@
@!@!@STARTMSG 2772:0 @!@!@
<MySwitchNext line 527, col 1 to line 527, col 12 of module full (530 7 531 60)>: 265513:3192398
@!@!@ENDMSG 2772 @!@!@
@!@!@STARTMSG 2221:0 @!@!@
  line 255, col 8 to line 255, col 23 of module full: 13079738
@!@!@ENDMSG 2221 @!@!@
@!@!@STARTMSG 2221:0 @!@!@
  |line 255, col 8 to line 255, col 9 of module full: 9887340
@!@!@ENDMSG 2221 @!@!@
@!@!@STARTMSG 2221:0 @!@!@
  |line 255, col 13 to line 255, col 23 of module full: 9887340
@!@!@ENDMSG 2221 @!@!@
@!@!@STARTMSG 2221:0 @!@!@
  line 256, col 8 to line 256, col 26 of module full: 13079738
@!@!@ENDMSG 2221 @!@!@
@!@!@STARTMSG 2221:0 @!@!@
  |line 256, col 8 to line 256, col 14 of module full: 9887340
@!@!@ENDMSG 2221 @!@!@
@!@!@STARTMSG 2221:0 @!@!@
  |line 256, col 20 to line 256, col 26 of module full: 9887340
@!@!@ENDMSG 2221 @!@!@
@!@!@STARTMSG 2221:0 @!@!@
  line 257, col 8 to line 257, col 34 of module full: 13079738
@!@!@ENDMSG 2221 @!@!@
@!@!@STARTMSG 2221:0 @!@!@
  |line 257, col 8 to line 257, col 10 of module full: 9887340
@!@!@ENDMSG 2221 @!@!@
@!@!@STARTMSG 2221:0 @!@!@
  |line 257, col 16 to line 257, col 34 of module full: 9887340
@!@!@ENDMSG 2221 @!@!@
@!@!@STARTMSG 2221:0 @!@!@
  line 261, col 14 to line 261, col 58 of module full: 13079738
@!@!@ENDMSG 2221 @!@!@
@!@!@STARTMSG 2221:0 @!@!@
  |line 261, col 14 to line 261, col 25 of module full: 9887340
@!@!@ENDMSG 2221 @!@!@
@!@!@STARTMSG 2221:0 @!@!@
  |line 261, col 34 to line 261, col 58 of module full: 9887340
@!@!@ENDMSG 2221 @!@!@
@!@!@STARTMSG 2221:0 @!@!@
  line 262, col 14 to line 262, col 113 of module full: 3192398
@!@!@ENDMSG 2221 @!@!@
@!@!@STARTMSG 2221:0 @!@!@
  line 263, col 14 to line 263, col 119 of module full: 3192398
@!@!@ENDMSG 2221 @!@!@
@!@!@STARTMSG 2221:0 @!@!@
  line 264, col 8 to line 265, col 85 of module full: 3192398
@!@!@ENDMSG 2221 @!@!@
@!@!@STARTMSG 2221:0 @!@!@
  line 531, col 37 to line 531, col 47 of module full: 9887340
@!@!@ENDMSG 2221 @!@!@
@!@!@STARTMSG 2221:0 @!@!@
  line 531, col 50 to line 531, col 56 of module full: 9887340
@!@!@ENDMSG 2221 @!@!@
@!@!@STARTMSG 2221:0 @!@!@
  line 531, col 59 to line 531, col 59 of module full: 9887340
@!@!@ENDMSG 2221 @!@!@
@!@!@STARTMSG 2221:0 @!@!@
  line 530, col 22 to line 530, col 28 of module full: 1665163
@!@!@ENDMSG 2221 @!@!@
@!@!@STARTMSG 2221:0 @!@!@
  line 530, col 37 to line 530, col 55 of module full: 1665163
@!@!@ENDMSG 2221 @!@!@
@!@!@STARTMSG 2772:0 @!@!@
<MySwitchNext line 527, col 1 to line 527, col 12 of module full (532 7 533 67)>: 14961:83819
@!@!@ENDMSG 2772 @!@!@
@!@!@STARTMSG 2221:0 @!@!@
  line 533, col 8 to line 533, col 26 of module full: 9971123
@!@!@ENDMSG 2221 @!@!@
@!@!@STARTMSG 2221:0 @!@!@
  |line 533, col 8 to line 533, col 17 of module full: 9887304
@!@!@ENDMSG 2221 @!@!@
@!@!@STARTMSG 2221:0 @!@!@
  |line 533, col 21 to line 533, col 26 of module full: 9887304
@!@!@ENDMSG 2221 @!@!@
@!@!@STARTMSG 2221:0 @!@!@
  line 268, col 8 to line 268, col 22 of module full: 3379587
@!@!@ENDMSG 2221 @!@!@
@!@!@STARTMSG 2221:0 @!@!@
  |line 268, col 8 to line 268, col 10 of module full: 3295768
@!@!@ENDMSG 2221 @!@!@
@!@!@STARTMSG 2221:0 @!@!@
  |line 268, col 16 to line 268, col 22 of module full: 3295768
@!@!@ENDMSG 2221 @!@!@
@!@!@STARTMSG 2221:0 @!@!@
  line 269, col 8 to line 269, col 26 of module full: 3379587
@!@!@ENDMSG 2221 @!@!@
@!@!@STARTMSG 2221:0 @!@!@
  |line 269, col 8 to line 269, col 17 of module full: 3295768
@!@!@ENDMSG 2221 @!@!@
@!@!@STARTMSG 2221:0 @!@!@
  |line 269, col 21 to line 269, col 26 of module full: 3295768
@!@!@ENDMSG 2221 @!@!@
@!@!@STARTMSG 2221:0 @!@!@
  line 270, col 8 to line 270, col 34 of module full: 3379587
@!@!@ENDMSG 2221 @!@!@
@!@!@STARTMSG 2221:0 @!@!@
  |line 270, col 8 to line 270, col 10 of module full: 3295768
@!@!@ENDMSG 2221 @!@!@
@!@!@STARTMSG 2221:0 @!@!@
  |line 270, col 16 to line 270, col 34 of module full: 3295768
@!@!@ENDMSG 2221 @!@!@
@!@!@STARTMSG 2221:0 @!@!@
  line 271, col 8 to line 271, col 37 of module full: 3379587
@!@!@ENDMSG 2221 @!@!@
@!@!@STARTMSG 2221:0 @!@!@
  |line 271, col 8 to line 271, col 10 of module full: 3295768
@!@!@ENDMSG 2221 @!@!@
@!@!@STARTMSG 2221:0 @!@!@
  |line 271, col 16 to line 271, col 37 of module full: 3295768
@!@!@ENDMSG 2221 @!@!@
@!@!@STARTMSG 2221:0 @!@!@
  line 275, col 32 to line 275, col 50 of module full: 167638
@!@!@ENDMSG 2221 @!@!@
@!@!@STARTMSG 2221:0 @!@!@
  |line 275, col 33 to line 275, col 50 of module full: 83819
@!@!@ENDMSG 2221 @!@!@
@!@!@STARTMSG 2221:0 @!@!@
  ||line 274, col 34 to line 274, col 88 of module full: 83819
@!@!@ENDMSG 2221 @!@!@
@!@!@STARTMSG 2221:0 @!@!@
  |||line 274, col 64 to line 274, col 88 of module full: 83745
@!@!@ENDMSG 2221 @!@!@
@!@!@STARTMSG 2221:0 @!@!@
  |||line 274, col 45 to line 274, col 60 of module full: 83819
@!@!@ENDMSG 2221 @!@!@
@!@!@STARTMSG 2221:0 @!@!@
  line 280, col 17 to line 285, col 43 of module full: 83819
@!@!@ENDMSG 2221 @!@!@
@!@!@STARTMSG 2221:0 @!@!@
  line 286, col 14 to line 287, col 91 of module full: 83819
@!@!@ENDMSG 2221 @!@!@
@!@!@STARTMSG 2221:0 @!@!@
  line 533, col 61 to line 533, col 63 of module full: 3295768
@!@!@ENDMSG 2221 @!@!@
@!@!@STARTMSG 2221:0 @!@!@
  line 533, col 66 to line 533, col 66 of module full: 3295768
@!@!@ENDMSG 2221 @!@!@
@!@!@STARTMSG 2221:0 @!@!@
  line 532, col 18 to line 532, col 24 of module full: 1665157
@!@!@ENDMSG 2221 @!@!@
@!@!@STARTMSG 2221:0 @!@!@
  line 532, col 33 to line 532, col 51 of module full: 1665157
@!@!@ENDMSG 2221 @!@!@
@!@!@STARTMSG 2772:0 @!@!@
<MySwitchNext line 527, col 1 to line 527, col 12 of module full (535 35 535 75)>: 653515:3198043
@!@!@ENDMSG 2772 @!@!@
@!@!@STARTMSG 2221:0 @!@!@
  line 535, col 35 to line 535, col 46 of module full: 18184415
@!@!@ENDMSG 2221 @!@!@
@!@!@STARTMSG 2221:0 @!@!@
  |line 535, col 35 to line 535, col 38 of module full: 14986372
@!@!@ENDMSG 2221 @!@!@
@!@!@STARTMSG 2221:0 @!@!@
  |line 535, col 43 to line 535, col 46 of module full: 14986372
@!@!@ENDMSG 2221 @!@!@
@!@!@STARTMSG 2221:0 @!@!@
  line 201, col 8 to line 201, col 20 of module full: 13188959
@!@!@ENDMSG 2221 @!@!@
@!@!@STARTMSG 2221:0 @!@!@
  |line 201, col 8 to line 201, col 8 of module full: 9990916
@!@!@ENDMSG 2221 @!@!@
@!@!@STARTMSG 2221:0 @!@!@
  |line 201, col 14 to line 201, col 20 of module full: 9990916
@!@!@ENDMSG 2221 @!@!@
@!@!@STARTMSG 2221:0 @!@!@
  line 202, col 8 to line 202, col 20 of module full: 13188959
@!@!@ENDMSG 2221 @!@!@
@!@!@STARTMSG 2221:0 @!@!@
  |line 202, col 8 to line 202, col 8 of module full: 9990916
@!@!@ENDMSG 2221 @!@!@
@!@!@STARTMSG 2221:0 @!@!@
  |line 202, col 14 to line 202, col 20 of module full: 9990916
@!@!@ENDMSG 2221 @!@!@
@!@!@STARTMSG 2221:0 @!@!@
  line 203, col 8 to line 203, col 13 of module full: 13188959
@!@!@ENDMSG 2221 @!@!@
@!@!@STARTMSG 2221:0 @!@!@
  |line 203, col 8 to line 203, col 8 of module full: 9990916
@!@!@ENDMSG 2221 @!@!@
@!@!@STARTMSG 2221:0 @!@!@
  |line 203, col 13 to line 203, col 13 of module full: 9990916
@!@!@ENDMSG 2221 @!@!@
@!@!@STARTMSG 2221:0 @!@!@
  line 204, col 8 to line 204, col 24 of module full: 13188959
@!@!@ENDMSG 2221 @!@!@
@!@!@STARTMSG 2221:0 @!@!@
  |line 204, col 8 to line 204, col 15 of module full: 9990916
@!@!@ENDMSG 2221 @!@!@
@!@!@STARTMSG 2221:0 @!@!@
  |line 204, col 19 to line 204, col 24 of module full: 9990916
@!@!@ENDMSG 2221 @!@!@
@!@!@STARTMSG 2221:0 @!@!@
  line 205, col 8 to line 205, col 37 of module full: 3198043
@!@!@ENDMSG 2221 @!@!@
@!@!@STARTMSG 2221:0 @!@!@
  |line 205, col 8 to line 205, col 22 of module full: 3330306
@!@!@ENDMSG 2221 @!@!@
@!@!@STARTMSG 2221:0 @!@!@
  |line 205, col 27 to line 205, col 37 of module full: 3330306
@!@!@ENDMSG 2221 @!@!@
@!@!@STARTMSG 2221:0 @!@!@
  line 74, col 12 to line 74, col 47 of module full: 3198043
@!@!@ENDMSG 2221 @!@!@
@!@!@STARTMSG 2221:0 @!@!@
  |line 74, col 24 to line 74, col 47 of module full: 3198043
@!@!@ENDMSG 2221 @!@!@
@!@!@STARTMSG 2221:0 @!@!@
  ||line 63, col 5 to line 66, col 24 of module full: 3198043
@!@!@ENDMSG 2221 @!@!@
@!@!@STARTMSG 2221:0 @!@!@
  |||line 63, col 8 to line 63, col 24 of module full: 3198043
@!@!@ENDMSG 2221 @!@!@
@!@!@STARTMSG 2221:0 @!@!@
  |||line 64, col 9 to line 64, col 68 of module full: 2092922
@!@!@ENDMSG 2221 @!@!@
@!@!@STARTMSG 2221:0 @!@!@
  ||||line 64, col 10 to line 64, col 13 of module full: 2092922
@!@!@ENDMSG 2221 @!@!@
@!@!@STARTMSG 2221:0 @!@!@
  ||||line 64, col 22 to line 64, col 66 of module full: 2092922
@!@!@ENDMSG 2221 @!@!@
@!@!@STARTMSG 2221:0 @!@!@
  ||||line 64, col 29 to line 64, col 66 of module full: 2092922
@!@!@ENDMSG 2221 @!@!@
@!@!@STARTMSG 2221:0 @!@!@
  |||||line 64, col 32 to line 64, col 42 of module full: 2092922
@!@!@ENDMSG 2221 @!@!@
@!@!@STARTMSG 2221:0 @!@!@
  |||||line 64, col 49 to line 64, col 59 of module full: 1527704
@!@!@ENDMSG 2221 @!@!@
@!@!@STARTMSG 2221:0 @!@!@
  |||line 66, col 9 to line 66, col 24 of module full: 1105121
@!@!@ENDMSG 2221 @!@!@
@!@!@STARTMSG 2221:0 @!@!@
  ||line 74, col 39 to line 74, col 46 of module full: 3198043
@!@!@ENDMSG 2221 @!@!@
@!@!@STARTMSG 2221:0 @!@!@
  line 212, col 16 to line 220, col 37 of module full: 3198043
@!@!@ENDMSG 2221 @!@!@
@!@!@STARTMSG 2221:0 @!@!@
  |line 212, col 17 to line 212, col 55 of module full: 3198043
@!@!@ENDMSG 2221 @!@!@
@!@!@STARTMSG 2221:0 @!@!@
  |line 213, col 17 to line 213, col 49 of module full: 3198043
@!@!@ENDMSG 2221 @!@!@
@!@!@STARTMSG 2221:0 @!@!@
  |line 214, col 17 to line 214, col 47 of module full: 3198043
@!@!@ENDMSG 2221 @!@!@
@!@!@STARTMSG 2221:0 @!@!@
  |line 215, col 36 to line 215, col 46 of module full: 3198043
@!@!@ENDMSG 2221 @!@!@
@!@!@STARTMSG 2221:0 @!@!@
  ||line 211, col 27 to line 211, col 83 of module full: 3198043
@!@!@ENDMSG 2221 @!@!@
@!@!@STARTMSG 2221:0 @!@!@
  |||line 211, col 30 to line 211, col 45 of module full: 3198043
@!@!@ENDMSG 2221 @!@!@
@!@!@STARTMSG 2221:0 @!@!@
  |||line 211, col 52 to line 211, col 76 of module full: 883429
@!@!@ENDMSG 2221 @!@!@
@!@!@STARTMSG 2221:0 @!@!@
  |line 216, col 17 to line 216, col 42 of module full: 3198043
@!@!@ENDMSG 2221 @!@!@
@!@!@STARTMSG 2221:0 @!@!@
  |line 217, col 17 to line 217, col 41 of module full: 3198043
@!@!@ENDMSG 2221 @!@!@
@!@!@STARTMSG 2221:0 @!@!@
  |line 218, col 36 to line 218, col 72 of module full: 3198043
@!@!@ENDMSG 2221 @!@!@
@!@!@STARTMSG 2221:0 @!@!@
  ||line 78, col 11 to line 78, col 46 of module full: 3198043
@!@!@ENDMSG 2221 @!@!@
@!@!@STARTMSG 2221:0 @!@!@
  |||line 78, col 28 to line 78, col 46 of module full: 3198043
@!@!@ENDMSG 2221 @!@!@
@!@!@STARTMSG 2221:0 @!@!@
  ||||line 78, col 41 to line 78, col 46 of module full: 4296911
@!@!@ENDMSG 2221 @!@!@
@!@!@STARTMSG 2221:0 @!@!@
  ||||line 78, col 37 to line 78, col 37 of module full: 3198043
@!@!@ENDMSG 2221 @!@!@
@!@!@STARTMSG 2221:0 @!@!@
  |||line 78, col 24 to line 78, col 24 of module full: 3198043
@!@!@ENDMSG 2221 @!@!@
@!@!@STARTMSG 2775:0 @!@!@
  ||line 218, col 40 to line 218, col 71 of module full: 3198043:10692997
@!@!@ENDMSG 2775 @!@!@
@!@!@STARTMSG 2221:0 @!@!@
  |line 219, col 17 to line 219, col 36 of module full: 3198043
@!@!@ENDMSG 2221 @!@!@
@!@!@STARTMSG 2221:0 @!@!@
  |line 220, col 17 to line 220, col 36 of module full: 3198043
@!@!@ENDMSG 2221 @!@!@
@!@!@STARTMSG 2221:0 @!@!@
  line 221, col 11 to line 224, col 33 of module full: 3198043
@!@!@ENDMSG 2221 @!@!@
@!@!@STARTMSG 2221:0 @!@!@
  |line 222, col 13 to line 224, col 33 of module full: 3198043
@!@!@ENDMSG 2221 @!@!@
@!@!@STARTMSG 2221:0 @!@!@
  ||line 222, col 16 to line 222, col 92 of module full: 3198043
@!@!@ENDMSG 2221 @!@!@
@!@!@STARTMSG 2221:0 @!@!@
  ||line 223, col 18 to line 223, col 72 of module full: 2440128
@!@!@ENDMSG 2221 @!@!@
@!@!@STARTMSG 2221:0 @!@!@
  ||line 224, col 18 to line 224, col 33 of module full: 757915
@!@!@ENDMSG 2221 @!@!@
@!@!@STARTMSG 2221:0 @!@!@
  line 225, col 8 to line 225, col 122 of module full: 3198043
@!@!@ENDMSG 2221 @!@!@
@!@!@STARTMSG 2221:0 @!@!@
  line 535, col 65 to line 535, col 68 of module full: 9990916
@!@!@ENDMSG 2221 @!@!@
@!@!@STARTMSG 2221:0 @!@!@
  line 535, col 71 to line 535, col 74 of module full: 9990916
@!@!@ENDMSG 2221 @!@!@
@!@!@STARTMSG 2772:0 @!@!@
<MySwitchNext line 527, col 1 to line 527, col 12 of module full (536 7 539 17)>: 2129166:4837537
@!@!@ENDMSG 2772 @!@!@
@!@!@STARTMSG 2221:0 @!@!@
  line 495, col 11 to line 495, col 23 of module full: 9675068
@!@!@ENDMSG 2221 @!@!@
@!@!@STARTMSG 2221:0 @!@!@
  |line 495, col 11 to line 495, col 11 of module full: 4837537
@!@!@ENDMSG 2221 @!@!@
@!@!@STARTMSG 2221:0 @!@!@
  |line 495, col 17 to line 495, col 23 of module full: 4837537
@!@!@ENDMSG 2221 @!@!@
@!@!@STARTMSG 2221:0 @!@!@
  line 465, col 8 to line 465, col 20 of module full: 4837537
@!@!@ENDMSG 2221 @!@!@
@!@!@STARTMSG 2221:0 @!@!@
  line 466, col 8 to line 466, col 19 of module full: 4837537
@!@!@ENDMSG 2221 @!@!@
@!@!@STARTMSG 2221:0 @!@!@
  line 467, col 8 to line 467, col 31 of module full: 4837537
@!@!@ENDMSG 2221 @!@!@
@!@!@STARTMSG 2221:0 @!@!@
  line 469, col 8 to line 469, col 60 of module full: 0
@!@!@ENDMSG 2221 @!@!@
@!@!@STARTMSG 2221:0 @!@!@
  line 470, col 8 to line 470, col 61 of module full: 0
@!@!@ENDMSG 2221 @!@!@
@!@!@STARTMSG 2221:0 @!@!@
  line 471, col 8 to line 471, col 56 of module full: 0
@!@!@ENDMSG 2221 @!@!@
@!@!@STARTMSG 2221:0 @!@!@
  line 472, col 8 to line 472, col 102 of module full: 0
@!@!@ENDMSG 2221 @!@!@
@!@!@STARTMSG 2221:0 @!@!@
  line 496, col 27 to line 496, col 27 of module full: 4837537
@!@!@ENDMSG 2221 @!@!@
@!@!@STARTMSG 2221:0 @!@!@
  line 496, col 30 to line 496, col 30 of module full: 4837537
@!@!@ENDMSG 2221 @!@!@
@!@!@STARTMSG 2221:0 @!@!@
  line 497, col 19 to line 497, col 46 of module full: 4837537
@!@!@ENDMSG 2221 @!@!@
@!@!@STARTMSG 2221:0 @!@!@
  line 317, col 24 to line 317, col 61 of module full: 0
@!@!@ENDMSG 2221 @!@!@
@!@!@STARTMSG 2221:0 @!@!@
  line 318, col 24 to line 318, col 41 of module full: 0
@!@!@ENDMSG 2221 @!@!@
@!@!@STARTMSG 2221:0 @!@!@
  line 76, col 29 to line 76, col 96 of module full: 0
@!@!@ENDMSG 2221 @!@!@
@!@!@STARTMSG 2221:0 @!@!@
  line 326, col 11 to line 326, col 115 of module full: 0
@!@!@ENDMSG 2221 @!@!@
@!@!@STARTMSG 2221:0 @!@!@
  line 499, col 19 to line 499, col 47 of module full: 4837537
@!@!@ENDMSG 2221 @!@!@
@!@!@STARTMSG 2221:0 @!@!@
  line 75, col 15 to line 75, col 53 of module full: 0
@!@!@ENDMSG 2221 @!@!@
@!@!@STARTMSG 2221:0 @!@!@
  line 479, col 8 to line 479, col 104 of module full: 0
@!@!@ENDMSG 2221 @!@!@
@!@!@STARTMSG 2221:0 @!@!@
  line 332, col 8 to line 333, col 57 of module full: 0
@!@!@ENDMSG 2221 @!@!@
@!@!@STARTMSG 2221:0 @!@!@
  line 335, col 14 to line 336, col 59 of module full: 0
@!@!@ENDMSG 2221 @!@!@
@!@!@STARTMSG 2221:0 @!@!@
  line 337, col 14 to line 338, col 59 of module full: 0
@!@!@ENDMSG 2221 @!@!@
@!@!@STARTMSG 2221:0 @!@!@
  line 340, col 14 to line 340, col 49 of module full: 0
@!@!@ENDMSG 2221 @!@!@
@!@!@STARTMSG 2221:0 @!@!@
  line 75, col 15 to line 75, col 53 of module full: 0
@!@!@ENDMSG 2221 @!@!@
@!@!@STARTMSG 2221:0 @!@!@
  line 342, col 8 to line 342, col 99 of module full: 0
@!@!@ENDMSG 2221 @!@!@
@!@!@STARTMSG 2221:0 @!@!@
  line 502, col 19 to line 502, col 48 of module full: 8033976
@!@!@ENDMSG 2221 @!@!@
@!@!@STARTMSG 2221:0 @!@!@
  |line 502, col 19 to line 502, col 25 of module full: 4837537
@!@!@ENDMSG 2221 @!@!@
@!@!@STARTMSG 2221:0 @!@!@
  |line 502, col 29 to line 502, col 48 of module full: 4837537
@!@!@ENDMSG 2221 @!@!@
@!@!@STARTMSG 2221:0 @!@!@
  line 359, col 11 to line 359, col 35 of module full: 3196439
@!@!@ENDMSG 2221 @!@!@
@!@!@STARTMSG 2221:0 @!@!@
  |line 359, col 11 to line 359, col 17 of module full: 3196445
@!@!@ENDMSG 2221 @!@!@
@!@!@STARTMSG 2221:0 @!@!@
  |line 359, col 22 to line 359, col 35 of module full: 3196445
@!@!@ENDMSG 2221 @!@!@
@!@!@STARTMSG 2221:0 @!@!@
  line 360, col 11 to line 360, col 23 of module full: 6392884
@!@!@ENDMSG 2221 @!@!@
@!@!@STARTMSG 2221:0 @!@!@
  |line 360, col 11 to line 360, col 11 of module full: 3196445
@!@!@ENDMSG 2221 @!@!@
@!@!@STARTMSG 2221:0 @!@!@
  |line 360, col 17 to line 360, col 23 of module full: 3196445
@!@!@ENDMSG 2221 @!@!@
@!@!@STARTMSG 2221:0 @!@!@
  line 361, col 11 to line 361, col 23 of module full: 6392884
@!@!@ENDMSG 2221 @!@!@
@!@!@STARTMSG 2221:0 @!@!@
  |line 361, col 11 to line 361, col 11 of module full: 3196445
@!@!@ENDMSG 2221 @!@!@
@!@!@STARTMSG 2221:0 @!@!@
  |line 361, col 17 to line 361, col 23 of module full: 3196445
@!@!@ENDMSG 2221 @!@!@
@!@!@STARTMSG 2221:0 @!@!@
  line 364, col 20 to line 364, col 43 of module full: 3196445
@!@!@ENDMSG 2221 @!@!@
@!@!@STARTMSG 2221:0 @!@!@
  line 365, col 23 to line 365, col 46 of module full: 3196445
@!@!@ENDMSG 2221 @!@!@
@!@!@STARTMSG 2221:0 @!@!@
  line 366, col 23 to line 366, col 41 of module full: 3196445
@!@!@ENDMSG 2221 @!@!@
@!@!@STARTMSG 2221:0 @!@!@
  line 367, col 23 to line 367, col 33 of module full: 3196445
@!@!@ENDMSG 2221 @!@!@
@!@!@STARTMSG 2221:0 @!@!@
  |line 367, col 29 to line 367, col 33 of module full: 3196445
@!@!@ENDMSG 2221 @!@!@
@!@!@STARTMSG 2221:0 @!@!@
  ||line 345, col 18 to line 348, col 68 of module full: 3196445
@!@!@ENDMSG 2221 @!@!@
@!@!@STARTMSG 2221:0 @!@!@
  |||line 345, col 21 to line 345, col 39 of module full: 3196445
@!@!@ENDMSG 2221 @!@!@
@!@!@STARTMSG 2221:0 @!@!@
  |||line 346, col 21 to line 348, col 68 of module full: 643725
@!@!@ENDMSG 2221 @!@!@
@!@!@STARTMSG 2221:0 @!@!@
  line 368, col 23 to line 368, col 46 of module full: 5632026
@!@!@ENDMSG 2221 @!@!@
@!@!@STARTMSG 2221:0 @!@!@
  |line 368, col 23 to line 368, col 29 of module full: 3196445
@!@!@ENDMSG 2221 @!@!@
@!@!@STARTMSG 2221:0 @!@!@
  |line 368, col 33 to line 368, col 46 of module full: 3196445
@!@!@ENDMSG 2221 @!@!@
@!@!@STARTMSG 2221:0 @!@!@
  line 369, col 23 to line 369, col 41 of module full: 5632026
@!@!@ENDMSG 2221 @!@!@
@!@!@STARTMSG 2221:0 @!@!@
  |line 369, col 23 to line 369, col 30 of module full: 3196445
@!@!@ENDMSG 2221 @!@!@
@!@!@STARTMSG 2221:0 @!@!@
  |line 369, col 34 to line 369, col 41 of module full: 3196445
@!@!@ENDMSG 2221 @!@!@
@!@!@STARTMSG 2221:0 @!@!@
  line 351, col 14 to line 351, col 31 of module full: 5632026
@!@!@ENDMSG 2221 @!@!@
@!@!@STARTMSG 2221:0 @!@!@
  |line 351, col 14 to line 351, col 23 of module full: 3196445
@!@!@ENDMSG 2221 @!@!@
@!@!@STARTMSG 2221:0 @!@!@
  |line 351, col 28 to line 351, col 31 of module full: 3196445
@!@!@ENDMSG 2221 @!@!@
@!@!@STARTMSG 2221:0 @!@!@
  line 356, col 14 to line 358, col 56 of module full: 5632026
@!@!@ENDMSG 2221 @!@!@
@!@!@STARTMSG 2221:0 @!@!@
  |line 356, col 22 to line 358, col 54 of module full: 3196445
@!@!@ENDMSG 2221 @!@!@
@!@!@STARTMSG 2221:0 @!@!@
  ||line 356, col 25 to line 356, col 50 of module full: 3196445
@!@!@ENDMSG 2221 @!@!@
@!@!@STARTMSG 2221:0 @!@!@
  ||line 357, col 25 to line 357, col 49 of module full: 760864
@!@!@ENDMSG 2221 @!@!@
@!@!@STARTMSG 2221:0 @!@!@
  ||line 358, col 25 to line 358, col 54 of module full: 760864
@!@!@ENDMSG 2221 @!@!@
@!@!@STARTMSG 2221:0 @!@!@
  line 76, col 29 to line 76, col 96 of module full: 2435581
@!@!@ENDMSG 2221 @!@!@
@!@!@STARTMSG 2221:0 @!@!@
  |line 76, col 41 to line 76, col 96 of module full: 2435581
@!@!@ENDMSG 2221 @!@!@
@!@!@STARTMSG 2221:0 @!@!@
  ||line 69, col 5 to line 72, col 12 of module full: 2435581
@!@!@ENDMSG 2221 @!@!@
@!@!@STARTMSG 2221:0 @!@!@
  ||line 76, col 65 to line 76, col 95 of module full: 2435581
@!@!@ENDMSG 2221 @!@!@
@!@!@STARTMSG 2221:0 @!@!@
  |||line 63, col 5 to line 66, col 24 of module full: 2435581
@!@!@ENDMSG 2221 @!@!@
@!@!@STARTMSG 2221:0 @!@!@
  ||||line 63, col 8 to line 63, col 24 of module full: 2435581
@!@!@ENDMSG 2221 @!@!@
@!@!@STARTMSG 2221:0 @!@!@
  ||||line 64, col 9 to line 64, col 68 of module full: 1130763
@!@!@ENDMSG 2221 @!@!@
@!@!@STARTMSG 2221:0 @!@!@
  |||||line 64, col 10 to line 64, col 13 of module full: 1130763
@!@!@ENDMSG 2221 @!@!@
@!@!@STARTMSG 2221:0 @!@!@
  |||||line 64, col 22 to line 64, col 66 of module full: 1130763
@!@!@ENDMSG 2221 @!@!@
@!@!@STARTMSG 2221:0 @!@!@
  |||||line 64, col 29 to line 64, col 66 of module full: 1130763
@!@!@ENDMSG 2221 @!@!@
@!@!@STARTMSG 2221:0 @!@!@
  ||||||line 64, col 32 to line 64, col 42 of module full: 1130763
@!@!@ENDMSG 2221 @!@!@
@!@!@STARTMSG 2221:0 @!@!@
  ||||||line 64, col 49 to line 64, col 59 of module full: 973866
@!@!@ENDMSG 2221 @!@!@
@!@!@STARTMSG 2221:0 @!@!@
  ||||line 66, col 9 to line 66, col 24 of module full: 1304818
@!@!@ENDMSG 2221 @!@!@
@!@!@STARTMSG 2221:0 @!@!@
  |||line 76, col 87 to line 76, col 94 of module full: 2435581
@!@!@ENDMSG 2221 @!@!@
@!@!@STARTMSG 2221:0 @!@!@
  line 371, col 23 to line 376, col 45 of module full: 2435581
@!@!@ENDMSG 2221 @!@!@
@!@!@STARTMSG 2221:0 @!@!@
  line 378, col 17 to line 378, col 68 of module full: 2435581
@!@!@ENDMSG 2221 @!@!@
@!@!@STARTMSG 2221:0 @!@!@
  line 381, col 17 to line 381, col 40 of module full: 3196445
@!@!@ENDMSG 2221 @!@!@
@!@!@STARTMSG 2221:0 @!@!@
  line 382, col 17 to line 382, col 36 of module full: 3196445
@!@!@ENDMSG 2221 @!@!@
@!@!@STARTMSG 2221:0 @!@!@
  line 383, col 17 to line 383, col 55 of module full: 0
@!@!@ENDMSG 2221 @!@!@
@!@!@STARTMSG 2221:0 @!@!@
  line 384, col 17 to line 384, col 89 of module full: 0
@!@!@ENDMSG 2221 @!@!@
@!@!@STARTMSG 2221:0 @!@!@
  line 387, col 17 to line 387, col 40 of module full: 3957303
@!@!@ENDMSG 2221 @!@!@
@!@!@STARTMSG 2221:0 @!@!@
  |line 387, col 17 to line 387, col 23 of module full: 3196445
@!@!@ENDMSG 2221 @!@!@
@!@!@STARTMSG 2221:0 @!@!@
  |line 387, col 27 to line 387, col 40 of module full: 3196445
@!@!@ENDMSG 2221 @!@!@
@!@!@STARTMSG 2221:0 @!@!@
  line 388, col 17 to line 388, col 35 of module full: 3957303
@!@!@ENDMSG 2221 @!@!@
@!@!@STARTMSG 2221:0 @!@!@
  |line 388, col 17 to line 388, col 24 of module full: 3196445
@!@!@ENDMSG 2221 @!@!@
@!@!@STARTMSG 2221:0 @!@!@
  |line 388, col 28 to line 388, col 35 of module full: 3196445
@!@!@ENDMSG 2221 @!@!@
@!@!@STARTMSG 2221:0 @!@!@
  line 345, col 21 to line 345, col 39 of module full: 3771302
@!@!@ENDMSG 2221 @!@!@
@!@!@STARTMSG 2221:0 @!@!@
  |line 345, col 21 to line 345, col 35 of module full: 3196445
@!@!@ENDMSG 2221 @!@!@
@!@!@STARTMSG 2221:0 @!@!@
  line 346, col 24 to line 346, col 42 of module full: 186001
@!@!@ENDMSG 2221 @!@!@
@!@!@STARTMSG 2221:0 @!@!@
  |line 346, col 24 to line 346, col 38 of module full: 3196445
@!@!@ENDMSG 2221 @!@!@
@!@!@STARTMSG 2221:0 @!@!@
  line 347, col 24 to line 347, col 53 of module full: 186001
@!@!@ENDMSG 2221 @!@!@
@!@!@STARTMSG 2221:0 @!@!@
  |line 347, col 24 to line 347, col 38 of module full: 643725
@!@!@ENDMSG 2221 @!@!@
@!@!@STARTMSG 2221:0 @!@!@
  |line 347, col 43 to line 347, col 53 of module full: 643725
@!@!@ENDMSG 2221 @!@!@
@!@!@STARTMSG 2221:0 @!@!@
  line 348, col 24 to line 348, col 68 of module full: 829726
@!@!@ENDMSG 2221 @!@!@
@!@!@STARTMSG 2221:0 @!@!@
  |line 348, col 24 to line 348, col 37 of module full: 643725
@!@!@ENDMSG 2221 @!@!@
@!@!@STARTMSG 2221:0 @!@!@
  |line 348, col 41 to line 348, col 68 of module full: 643725
@!@!@ENDMSG 2221 @!@!@
@!@!@STARTMSG 2221:0 @!@!@
  line 390, col 17 to line 390, col 41 of module full: 3957303
@!@!@ENDMSG 2221 @!@!@
@!@!@STARTMSG 2221:0 @!@!@
  |line 390, col 23 to line 390, col 41 of module full: 3196445
@!@!@ENDMSG 2221 @!@!@
@!@!@STARTMSG 2221:0 @!@!@
  ||line 351, col 11 to line 358, col 56 of module full: 3196445
@!@!@ENDMSG 2221 @!@!@
@!@!@STARTMSG 2221:0 @!@!@
  |||line 351, col 14 to line 351, col 31 of module full: 3196445
@!@!@ENDMSG 2221 @!@!@
@!@!@STARTMSG 2221:0 @!@!@
  |||line 354, col 29 to line 354, col 56 of module full: 760864
@!@!@ENDMSG 2221 @!@!@
@!@!@STARTMSG 2221:0 @!@!@
  |||line 352, col 45 to line 352, col 57 of module full: 3196445
@!@!@ENDMSG 2221 @!@!@
@!@!@STARTMSG 2221:0 @!@!@
  |||line 353, col 23 to line 353, col 51 of module full: 3196445
@!@!@ENDMSG 2221 @!@!@
@!@!@STARTMSG 2221:0 @!@!@
  |||line 356, col 14 to line 358, col 56 of module full: 3196445
@!@!@ENDMSG 2221 @!@!@
@!@!@STARTMSG 2221:0 @!@!@
  ||||line 356, col 22 to line 358, col 54 of module full: 3196445
@!@!@ENDMSG 2221 @!@!@
@!@!@STARTMSG 2221:0 @!@!@
  |||||line 356, col 25 to line 356, col 50 of module full: 3196445
@!@!@ENDMSG 2221 @!@!@
@!@!@STARTMSG 2221:0 @!@!@
  |||||line 357, col 25 to line 357, col 49 of module full: 760864
@!@!@ENDMSG 2221 @!@!@
@!@!@STARTMSG 2221:0 @!@!@
  |||||line 358, col 25 to line 358, col 54 of module full: 760864
@!@!@ENDMSG 2221 @!@!@
@!@!@STARTMSG 2221:0 @!@!@
  line 394, col 27 to line 398, col 73 of module full: 760864
@!@!@ENDMSG 2221 @!@!@
@!@!@STARTMSG 2221:0 @!@!@
  line 399, col 27 to line 399, col 106 of module full: 0
@!@!@ENDMSG 2221 @!@!@
@!@!@STARTMSG 2221:0 @!@!@
  line 76, col 29 to line 76, col 96 of module full: 0
@!@!@ENDMSG 2221 @!@!@
@!@!@STARTMSG 2221:0 @!@!@
  line 407, col 27 to line 407, col 74 of module full: 0
@!@!@ENDMSG 2221 @!@!@
@!@!@STARTMSG 2221:0 @!@!@
  line 410, col 27 to line 410, col 45 of module full: 760864
@!@!@ENDMSG 2221 @!@!@
@!@!@STARTMSG 2221:0 @!@!@
  line 411, col 27 to line 411, col 46 of module full: 760864
@!@!@ENDMSG 2221 @!@!@
@!@!@STARTMSG 2221:0 @!@!@
  line 414, col 30 to line 414, col 62 of module full: 0
@!@!@ENDMSG 2221 @!@!@
@!@!@STARTMSG 2221:0 @!@!@
  line 76, col 29 to line 76, col 96 of module full: 0
@!@!@ENDMSG 2221 @!@!@
@!@!@STARTMSG 2221:0 @!@!@
  line 420, col 27 to line 420, col 82 of module full: 0
@!@!@ENDMSG 2221 @!@!@
@!@!@STARTMSG 2221:0 @!@!@
  line 423, col 27 to line 423, col 45 of module full: 1521722
@!@!@ENDMSG 2221 @!@!@
@!@!@STARTMSG 2221:0 @!@!@
  |line 423, col 27 to line 423, col 36 of module full: 760864
@!@!@ENDMSG 2221 @!@!@
@!@!@STARTMSG 2221:0 @!@!@
  |line 423, col 41 to line 423, col 45 of module full: 760864
@!@!@ENDMSG 2221 @!@!@
@!@!@STARTMSG 2221:0 @!@!@
  line 424, col 27 to line 424, col 55 of module full: 1521722
@!@!@ENDMSG 2221 @!@!@
@!@!@STARTMSG 2221:0 @!@!@
  |line 424, col 27 to line 424, col 37 of module full: 760864
@!@!@ENDMSG 2221 @!@!@
@!@!@STARTMSG 2221:0 @!@!@
  |line 424, col 41 to line 424, col 55 of module full: 760864
@!@!@ENDMSG 2221 @!@!@
@!@!@STARTMSG 2221:0 @!@!@
  line 427, col 30 to line 427, col 93 of module full: 760858
@!@!@ENDMSG 2221 @!@!@
@!@!@STARTMSG 2221:0 @!@!@
  |line 427, col 37 to line 427, col 93 of module full: 760864
@!@!@ENDMSG 2221 @!@!@
@!@!@STARTMSG 2221:0 @!@!@
  line 428, col 33 to line 428, col 127 of module full: 760858
@!@!@ENDMSG 2221 @!@!@
@!@!@STARTMSG 2221:0 @!@!@
  |line 428, col 54 to line 428, col 127 of module full: 760864
@!@!@ENDMSG 2221 @!@!@
@!@!@STARTMSG 2221:0 @!@!@
  line 429, col 27 to line 429, col 106 of module full: 760858
@!@!@ENDMSG 2221 @!@!@
@!@!@STARTMSG 2221:0 @!@!@
  |line 429, col 42 to line 429, col 106 of module full: 760864
@!@!@ENDMSG 2221 @!@!@
@!@!@STARTMSG 2221:0 @!@!@
  ||line 429, col 43 to line 429, col 53 of module full: 760864
@!@!@ENDMSG 2221 @!@!@
@!@!@STARTMSG 2221:0 @!@!@
  ||line 429, col 62 to line 429, col 105 of module full: 760864
@!@!@ENDMSG 2221 @!@!@
@!@!@STARTMSG 2221:0 @!@!@
  ||line 429, col 69 to line 429, col 105 of module full: 760864
@!@!@ENDMSG 2221 @!@!@
@!@!@STARTMSG 2221:0 @!@!@
  |||line 79, col 11 to line 79, col 46 of module full: 760864
@!@!@ENDMSG 2221 @!@!@
@!@!@STARTMSG 2221:0 @!@!@
  ||||line 79, col 28 to line 79, col 46 of module full: 826283
@!@!@ENDMSG 2221 @!@!@
@!@!@STARTMSG 2221:0 @!@!@
  |||||line 79, col 41 to line 79, col 46 of module full: 957121
@!@!@ENDMSG 2221 @!@!@
@!@!@STARTMSG 2221:0 @!@!@
  |||||line 79, col 37 to line 79, col 37 of module full: 826283
@!@!@ENDMSG 2221 @!@!@
@!@!@STARTMSG 2221:0 @!@!@
  ||||line 79, col 24 to line 79, col 24 of module full: 760864
@!@!@ENDMSG 2221 @!@!@
@!@!@STARTMSG 2775:0 @!@!@
  |||line 429, col 73 to line 429, col 104 of module full: 760864:2609687
@!@!@ENDMSG 2775 @!@!@
@!@!@STARTMSG 2221:0 @!@!@
  line 76, col 29 to line 76, col 96 of module full: 760858
@!@!@ENDMSG 2221 @!@!@
@!@!@STARTMSG 2221:0 @!@!@
  |line 76, col 41 to line 76, col 96 of module full: 760864
@!@!@ENDMSG 2221 @!@!@
@!@!@STARTMSG 2221:0 @!@!@
  line 430, col 33 to line 435, col 55 of module full: 760864
@!@!@ENDMSG 2221 @!@!@
@!@!@STARTMSG 2221:0 @!@!@
  line 437, col 27 to line 437, col 50 of module full: 760858
@!@!@ENDMSG 2221 @!@!@
@!@!@STARTMSG 2221:0 @!@!@
  line 439, col 11 to line 439, col 102 of module full: 3196439
@!@!@ENDMSG 2221 @!@!@
@!@!@STARTMSG 2221:0 @!@!@
  line 503, col 46 to line 503, col 46 of module full: 3196445
@!@!@ENDMSG 2221 @!@!@
@!@!@STARTMSG 2221:0 @!@!@
  line 503, col 49 to line 503, col 49 of module full: 3196445
@!@!@ENDMSG 2221 @!@!@
@!@!@STARTMSG 2221:0 @!@!@
  line 504, col 19 to line 504, col 49 of module full: 6478623
@!@!@ENDMSG 2221 @!@!@
@!@!@STARTMSG 2221:0 @!@!@
  |line 504, col 19 to line 504, col 25 of module full: 4837531
@!@!@ENDMSG 2221 @!@!@
@!@!@STARTMSG 2221:0 @!@!@
  |line 504, col 29 to line 504, col 49 of module full: 4837531
@!@!@ENDMSG 2221 @!@!@
@!@!@STARTMSG 2221:0 @!@!@
  line 475, col 8 to line 475, col 20 of module full: 1641092
@!@!@ENDMSG 2221 @!@!@
@!@!@STARTMSG 2221:0 @!@!@
  line 476, col 8 to line 476, col 19 of module full: 1641092
@!@!@ENDMSG 2221 @!@!@
@!@!@STARTMSG 2221:0 @!@!@
  line 477, col 8 to line 477, col 31 of module full: 1641092
@!@!@ENDMSG 2221 @!@!@
@!@!@STARTMSG 2221:0 @!@!@
  line 75, col 15 to line 75, col 53 of module full: 0
@!@!@ENDMSG 2221 @!@!@
@!@!@STARTMSG 2221:0 @!@!@
  line 479, col 8 to line 479, col 104 of module full: 0
@!@!@ENDMSG 2221 @!@!@
@!@!@STARTMSG 2221:0 @!@!@
  line 505, col 40 to line 505, col 40 of module full: 1641092
@!@!@ENDMSG 2221 @!@!@
@!@!@STARTMSG 2221:0 @!@!@
  line 505, col 43 to line 505, col 43 of module full: 1641092
@!@!@ENDMSG 2221 @!@!@
@!@!@STARTMSG 2221:0 @!@!@
  line 442, col 8 to line 442, col 20 of module full: 3282184
@!@!@ENDMSG 2221 @!@!@
@!@!@STARTMSG 2221:0 @!@!@
  |line 442, col 8 to line 442, col 8 of module full: 1641092
@!@!@ENDMSG 2221 @!@!@
@!@!@STARTMSG 2221:0 @!@!@
  |line 442, col 14 to line 442, col 20 of module full: 1641092
@!@!@ENDMSG 2221 @!@!@
@!@!@STARTMSG 2221:0 @!@!@
  line 443, col 8 to line 443, col 20 of module full: 3282184
@!@!@ENDMSG 2221 @!@!@
@!@!@STARTMSG 2221:0 @!@!@
  |line 443, col 8 to line 443, col 8 of module full: 1641092
@!@!@ENDMSG 2221 @!@!@
@!@!@STARTMSG 2221:0 @!@!@
  |line 443, col 14 to line 443, col 20 of module full: 1641092
@!@!@ENDMSG 2221 @!@!@
@!@!@STARTMSG 2221:0 @!@!@
  line 444, col 8 to line 444, col 31 of module full: 3282184
@!@!@ENDMSG 2221 @!@!@
@!@!@STARTMSG 2221:0 @!@!@
  |line 444, col 8 to line 444, col 14 of module full: 1641092
@!@!@ENDMSG 2221 @!@!@
@!@!@STARTMSG 2221:0 @!@!@
  |line 444, col 18 to line 444, col 31 of module full: 1641092
@!@!@ENDMSG 2221 @!@!@
@!@!@STARTMSG 2221:0 @!@!@
  line 445, col 14 to line 445, col 23 of module full: 2065026
@!@!@ENDMSG 2221 @!@!@
@!@!@STARTMSG 2221:0 @!@!@
  |line 445, col 14 to line 445, col 14 of module full: 1641092
@!@!@ENDMSG 2221 @!@!@
@!@!@STARTMSG 2221:0 @!@!@
  line 450, col 20 to line 450, col 80 of module full: 423934
@!@!@ENDMSG 2221 @!@!@
@!@!@STARTMSG 2221:0 @!@!@
  |line 450, col 34 to line 450, col 80 of module full: 423934
@!@!@ENDMSG 2221 @!@!@
@!@!@STARTMSG 2221:0 @!@!@
  ||line 450, col 35 to line 450, col 43 of module full: 423934
@!@!@ENDMSG 2221 @!@!@
@!@!@STARTMSG 2221:0 @!@!@
  ||line 450, col 53 to line 450, col 79 of module full: 423934
@!@!@ENDMSG 2221 @!@!@
@!@!@STARTMSG 2221:0 @!@!@
  ||line 450, col 63 to line 450, col 79 of module full: 423934
@!@!@ENDMSG 2221 @!@!@
@!@!@STARTMSG 2221:0 @!@!@
  |||line 450, col 63 to line 450, col 75 of module full: 423934
@!@!@ENDMSG 2221 @!@!@
@!@!@STARTMSG 2221:0 @!@!@
  ||||line 446, col 35 to line 446, col 72 of module full: 423934
@!@!@ENDMSG 2221 @!@!@
@!@!@STARTMSG 2221:0 @!@!@
  |||||line 79, col 11 to line 79, col 46 of module full: 423934
@!@!@ENDMSG 2221 @!@!@
@!@!@STARTMSG 2221:0 @!@!@
  ||||||line 79, col 28 to line 79, col 46 of module full: 847868
@!@!@ENDMSG 2221 @!@!@
@!@!@STARTMSG 2221:0 @!@!@
  |||||||line 79, col 41 to line 79, col 46 of module full: 1695736
@!@!@ENDMSG 2221 @!@!@
@!@!@STARTMSG 2221:0 @!@!@
  |||||||line 79, col 37 to line 79, col 37 of module full: 847868
@!@!@ENDMSG 2221 @!@!@
@!@!@STARTMSG 2221:0 @!@!@
  ||||||line 79, col 24 to line 79, col 24 of module full: 423934
@!@!@ENDMSG 2221 @!@!@
@!@!@STARTMSG 2775:0 @!@!@
  |||||line 446, col 39 to line 446, col 71 of module full: 423934:3391472
@!@!@ENDMSG 2775 @!@!@
@!@!@STARTMSG 2221:0 @!@!@
  line 451, col 20 to line 451, col 76 of module full: 423934
@!@!@ENDMSG 2221 @!@!@
@!@!@STARTMSG 2221:0 @!@!@
  |line 451, col 34 to line 451, col 76 of module full: 423934
@!@!@ENDMSG 2221 @!@!@
@!@!@STARTMSG 2221:0 @!@!@
  ||line 451, col 35 to line 451, col 44 of module full: 423934
@!@!@ENDMSG 2221 @!@!@
@!@!@STARTMSG 2221:0 @!@!@
  ||line 451, col 53 to line 451, col 75 of module full: 423934
@!@!@ENDMSG 2221 @!@!@
@!@!@STARTMSG 2221:0 @!@!@
  ||line 451, col 63 to line 451, col 75 of module full: 423934
@!@!@ENDMSG 2221 @!@!@
@!@!@STARTMSG 2221:0 @!@!@
  |||line 446, col 35 to line 446, col 72 of module full: 423934
@!@!@ENDMSG 2221 @!@!@
@!@!@STARTMSG 2221:0 @!@!@
  ||||line 79, col 11 to line 79, col 46 of module full: 423934
@!@!@ENDMSG 2221 @!@!@
@!@!@STARTMSG 2221:0 @!@!@
  |||||line 79, col 28 to line 79, col 46 of module full: 847868
@!@!@ENDMSG 2221 @!@!@
@!@!@STARTMSG 2221:0 @!@!@
  ||||||line 79, col 41 to line 79, col 46 of module full: 1695736
@!@!@ENDMSG 2221 @!@!@
@!@!@STARTMSG 2221:0 @!@!@
  ||||||line 79, col 37 to line 79, col 37 of module full: 847868
@!@!@ENDMSG 2221 @!@!@
@!@!@STARTMSG 2221:0 @!@!@
  |||||line 79, col 24 to line 79, col 24 of module full: 423934
@!@!@ENDMSG 2221 @!@!@
@!@!@STARTMSG 2775:0 @!@!@
  ||||line 446, col 39 to line 446, col 71 of module full: 423934:3391472
@!@!@ENDMSG 2775 @!@!@
@!@!@STARTMSG 2221:0 @!@!@
  line 452, col 20 to line 457, col 42 of module full: 423934
@!@!@ENDMSG 2221 @!@!@
@!@!@STARTMSG 2221:0 @!@!@
  |line 453, col 22 to line 457, col 42 of module full: 423934
@!@!@ENDMSG 2221 @!@!@
@!@!@STARTMSG 2221:0 @!@!@
  ||line 453, col 25 to line 455, col 64 of module full: 423934
@!@!@ENDMSG 2221 @!@!@
@!@!@STARTMSG 2221:0 @!@!@
  |||line 453, col 28 to line 453, col 47 of module full: 423934
@!@!@ENDMSG 2221 @!@!@
@!@!@STARTMSG 2221:0 @!@!@
  ||||line 453, col 28 to line 453, col 35 of module full: 423934
@!@!@ENDMSG 2221 @!@!@
@!@!@STARTMSG 2221:0 @!@!@
  |||||line 447, col 30 to line 449, col 43 of module full: 423934
@!@!@ENDMSG 2221 @!@!@
@!@!@STARTMSG 2221:0 @!@!@
  ||||||line 447, col 33 to line 447, col 81 of module full: 423934
@!@!@ENDMSG 2221 @!@!@
@!@!@STARTMSG 2221:0 @!@!@
  |||||||line 447, col 33 to line 447, col 49 of module full: 423934
@!@!@ENDMSG 2221 @!@!@
@!@!@STARTMSG 2221:0 @!@!@
  ||||||||line 447, col 33 to line 447, col 45 of module full: 423934
@!@!@ENDMSG 2221 @!@!@
@!@!@STARTMSG 2221:0 @!@!@
  |||||||||line 446, col 35 to line 446, col 72 of module full: 423934
@!@!@ENDMSG 2221 @!@!@
@!@!@STARTMSG 2221:0 @!@!@
  ||||||||||line 79, col 11 to line 79, col 46 of module full: 423934
@!@!@ENDMSG 2221 @!@!@
@!@!@STARTMSG 2221:0 @!@!@
  |||||||||||line 79, col 28 to line 79, col 46 of module full: 847868
@!@!@ENDMSG 2221 @!@!@
@!@!@STARTMSG 2221:0 @!@!@
  ||||||||||||line 79, col 41 to line 79, col 46 of module full: 1695736
@!@!@ENDMSG 2221 @!@!@
@!@!@STARTMSG 2221:0 @!@!@
  ||||||||||||line 79, col 37 to line 79, col 37 of module full: 847868
@!@!@ENDMSG 2221 @!@!@
@!@!@STARTMSG 2221:0 @!@!@
  |||||||||||line 79, col 24 to line 79, col 24 of module full: 423934
@!@!@ENDMSG 2221 @!@!@
@!@!@STARTMSG 2775:0 @!@!@
  ||||||||||line 446, col 39 to line 446, col 71 of module full: 423934:3391472
@!@!@ENDMSG 2775 @!@!@
@!@!@STARTMSG 2221:0 @!@!@
  |||||||line 447, col 54 to line 447, col 81 of module full: 423934
@!@!@ENDMSG 2221 @!@!@
@!@!@STARTMSG 2221:0 @!@!@
  ||||||||line 447, col 54 to line 447, col 66 of module full: 423934
@!@!@ENDMSG 2221 @!@!@
@!@!@STARTMSG 2221:0 @!@!@
  |||||||||line 446, col 35 to line 446, col 72 of module full: 423934
@!@!@ENDMSG 2221 @!@!@
@!@!@STARTMSG 2221:0 @!@!@
  ||||||||||line 79, col 11 to line 79, col 46 of module full: 423934
@!@!@ENDMSG 2221 @!@!@
@!@!@STARTMSG 2221:0 @!@!@
  |||||||||||line 79, col 28 to line 79, col 46 of module full: 847868
@!@!@ENDMSG 2221 @!@!@
@!@!@STARTMSG 2221:0 @!@!@
  ||||||||||||line 79, col 41 to line 79, col 46 of module full: 1695736
@!@!@ENDMSG 2221 @!@!@
@!@!@STARTMSG 2221:0 @!@!@
  ||||||||||||line 79, col 37 to line 79, col 37 of module full: 847868
@!@!@ENDMSG 2221 @!@!@
@!@!@STARTMSG 2221:0 @!@!@
  |||||||||||line 79, col 24 to line 79, col 24 of module full: 423934
@!@!@ENDMSG 2221 @!@!@
@!@!@STARTMSG 2775:0 @!@!@
  ||||||||||line 446, col 39 to line 446, col 71 of module full: 423934:3391472
@!@!@ENDMSG 2775 @!@!@
@!@!@STARTMSG 2221:0 @!@!@
  ||||||||line 447, col 71 to line 447, col 81 of module full: 423934
@!@!@ENDMSG 2221 @!@!@
@!@!@STARTMSG 2221:0 @!@!@
  ||||||line 448, col 36 to line 448, col 80 of module full: 423934
@!@!@ENDMSG 2221 @!@!@
@!@!@STARTMSG 2221:0 @!@!@
  |||||||line 448, col 38 to line 448, col 50 of module full: 423934
@!@!@ENDMSG 2221 @!@!@
@!@!@STARTMSG 2221:0 @!@!@
  ||||||||line 446, col 35 to line 446, col 72 of module full: 423934
@!@!@ENDMSG 2221 @!@!@
@!@!@STARTMSG 2221:0 @!@!@
  |||||||||line 79, col 11 to line 79, col 46 of module full: 423934
@!@!@ENDMSG 2221 @!@!@
@!@!@STARTMSG 2221:0 @!@!@
  ||||||||||line 79, col 28 to line 79, col 46 of module full: 847868
@!@!@ENDMSG 2221 @!@!@
@!@!@STARTMSG 2221:0 @!@!@
  |||||||||||line 79, col 41 to line 79, col 46 of module full: 1695736
@!@!@ENDMSG 2221 @!@!@
@!@!@STARTMSG 2221:0 @!@!@
  |||||||||||line 79, col 37 to line 79, col 37 of module full: 847868
@!@!@ENDMSG 2221 @!@!@
@!@!@STARTMSG 2221:0 @!@!@
  ||||||||||line 79, col 24 to line 79, col 24 of module full: 423934
@!@!@ENDMSG 2221 @!@!@
@!@!@STARTMSG 2775:0 @!@!@
  |||||||||line 446, col 39 to line 446, col 71 of module full: 423934:3391472
@!@!@ENDMSG 2775 @!@!@
@!@!@STARTMSG 2221:0 @!@!@
  |||||||line 448, col 53 to line 448, col 78 of module full: 423934
@!@!@ENDMSG 2221 @!@!@
@!@!@STARTMSG 2221:0 @!@!@
  ||||||||line 448, col 53 to line 448, col 73 of module full: 423934
@!@!@ENDMSG 2221 @!@!@
@!@!@STARTMSG 2221:0 @!@!@
  |||||||||line 448, col 53 to line 448, col 58 of module full: 423934
@!@!@ENDMSG 2221 @!@!@
@!@!@STARTMSG 2221:0 @!@!@
  |||||||||line 448, col 60 to line 448, col 72 of module full: 423934
@!@!@ENDMSG 2221 @!@!@
@!@!@STARTMSG 2221:0 @!@!@
  ||||||||||line 446, col 35 to line 446, col 72 of module full: 423934
@!@!@ENDMSG 2221 @!@!@
@!@!@STARTMSG 2221:0 @!@!@
  |||||||||||line 79, col 11 to line 79, col 46 of module full: 423934
@!@!@ENDMSG 2221 @!@!@
@!@!@STARTMSG 2221:0 @!@!@
  ||||||||||||line 79, col 28 to line 79, col 46 of module full: 847868
@!@!@ENDMSG 2221 @!@!@
@!@!@STARTMSG 2221:0 @!@!@
  |||||||||||||line 79, col 41 to line 79, col 46 of module full: 1695736
@!@!@ENDMSG 2221 @!@!@
@!@!@STARTMSG 2221:0 @!@!@
  |||||||||||||line 79, col 37 to line 79, col 37 of module full: 847868
@!@!@ENDMSG 2221 @!@!@
@!@!@STARTMSG 2221:0 @!@!@
  ||||||||||||line 79, col 24 to line 79, col 24 of module full: 423934
@!@!@ENDMSG 2221 @!@!@
@!@!@STARTMSG 2775:0 @!@!@
  |||||||||||line 446, col 39 to line 446, col 71 of module full: 423934:3391472
@!@!@ENDMSG 2775 @!@!@
@!@!@STARTMSG 2221:0 @!@!@
  ||||line 453, col 40 to line 453, col 47 of module full: 423934
@!@!@ENDMSG 2221 @!@!@
@!@!@STARTMSG 2221:0 @!@!@
  |||line 454, col 28 to line 454, col 63 of module full: 423934
@!@!@ENDMSG 2221 @!@!@
@!@!@STARTMSG 2221:0 @!@!@
  ||||line 454, col 28 to line 454, col 35 of module full: 423934
@!@!@ENDMSG 2221 @!@!@
@!@!@STARTMSG 2221:0 @!@!@
  |||||line 447, col 30 to line 449, col 43 of module full: 423934
@!@!@ENDMSG 2221 @!@!@
@!@!@STARTMSG 2221:0 @!@!@
  ||||||line 447, col 33 to line 447, col 81 of module full: 423934
@!@!@ENDMSG 2221 @!@!@
@!@!@STARTMSG 2221:0 @!@!@
  |||||||line 447, col 33 to line 447, col 49 of module full: 423934
@!@!@ENDMSG 2221 @!@!@
@!@!@STARTMSG 2221:0 @!@!@
  ||||||||line 447, col 33 to line 447, col 45 of module full: 423934
@!@!@ENDMSG 2221 @!@!@
@!@!@STARTMSG 2221:0 @!@!@
  |||||||||line 446, col 35 to line 446, col 72 of module full: 423934
@!@!@ENDMSG 2221 @!@!@
@!@!@STARTMSG 2221:0 @!@!@
  ||||||||||line 79, col 11 to line 79, col 46 of module full: 423934
@!@!@ENDMSG 2221 @!@!@
@!@!@STARTMSG 2221:0 @!@!@
  |||||||||||line 79, col 28 to line 79, col 46 of module full: 847868
@!@!@ENDMSG 2221 @!@!@
@!@!@STARTMSG 2221:0 @!@!@
  ||||||||||||line 79, col 41 to line 79, col 46 of module full: 1695736
@!@!@ENDMSG 2221 @!@!@
@!@!@STARTMSG 2221:0 @!@!@
  ||||||||||||line 79, col 37 to line 79, col 37 of module full: 847868
@!@!@ENDMSG 2221 @!@!@
@!@!@STARTMSG 2221:0 @!@!@
  |||||||||||line 79, col 24 to line 79, col 24 of module full: 423934
@!@!@ENDMSG 2221 @!@!@
@!@!@STARTMSG 2775:0 @!@!@
  ||||||||||line 446, col 39 to line 446, col 71 of module full: 423934:3391472
@!@!@ENDMSG 2775 @!@!@
@!@!@STARTMSG 2221:0 @!@!@
  |||||||line 447, col 54 to line 447, col 81 of module full: 423934
@!@!@ENDMSG 2221 @!@!@
@!@!@STARTMSG 2221:0 @!@!@
  ||||||||line 447, col 54 to line 447, col 66 of module full: 423934
@!@!@ENDMSG 2221 @!@!@
@!@!@STARTMSG 2221:0 @!@!@
  |||||||||line 446, col 35 to line 446, col 72 of module full: 423934
@!@!@ENDMSG 2221 @!@!@
@!@!@STARTMSG 2221:0 @!@!@
  ||||||||||line 79, col 11 to line 79, col 46 of module full: 423934
@!@!@ENDMSG 2221 @!@!@
@!@!@STARTMSG 2221:0 @!@!@
  |||||||||||line 79, col 28 to line 79, col 46 of module full: 847868
@!@!@ENDMSG 2221 @!@!@
@!@!@STARTMSG 2221:0 @!@!@
  ||||||||||||line 79, col 41 to line 79, col 46 of module full: 1695736
@!@!@ENDMSG 2221 @!@!@
@!@!@STARTMSG 2221:0 @!@!@
  ||||||||||||line 79, col 37 to line 79, col 37 of module full: 847868
@!@!@ENDMSG 2221 @!@!@
@!@!@STARTMSG 2221:0 @!@!@
  |||||||||||line 79, col 24 to line 79, col 24 of module full: 423934
@!@!@ENDMSG 2221 @!@!@
@!@!@STARTMSG 2775:0 @!@!@
  ||||||||||line 446, col 39 to line 446, col 71 of module full: 423934:3391472
@!@!@ENDMSG 2775 @!@!@
@!@!@STARTMSG 2221:0 @!@!@
  ||||||||line 447, col 71 to line 447, col 81 of module full: 423934
@!@!@ENDMSG 2221 @!@!@
@!@!@STARTMSG 2221:0 @!@!@
  ||||||line 448, col 36 to line 448, col 80 of module full: 423934
@!@!@ENDMSG 2221 @!@!@
@!@!@STARTMSG 2221:0 @!@!@
  |||||||line 448, col 38 to line 448, col 50 of module full: 423934
@!@!@ENDMSG 2221 @!@!@
@!@!@STARTMSG 2221:0 @!@!@
  ||||||||line 446, col 35 to line 446, col 72 of module full: 423934
@!@!@ENDMSG 2221 @!@!@
@!@!@STARTMSG 2221:0 @!@!@
  |||||||||line 79, col 11 to line 79, col 46 of module full: 423934
@!@!@ENDMSG 2221 @!@!@
@!@!@STARTMSG 2221:0 @!@!@
  ||||||||||line 79, col 28 to line 79, col 46 of module full: 847868
@!@!@ENDMSG 2221 @!@!@
@!@!@STARTMSG 2221:0 @!@!@
  |||||||||||line 79, col 41 to line 79, col 46 of module full: 1695736
@!@!@ENDMSG 2221 @!@!@
@!@!@STARTMSG 2221:0 @!@!@
  |||||||||||line 79, col 37 to line 79, col 37 of module full: 847868
@!@!@ENDMSG 2221 @!@!@
@!@!@STARTMSG 2221:0 @!@!@
  ||||||||||line 79, col 24 to line 79, col 24 of module full: 423934
@!@!@ENDMSG 2221 @!@!@
@!@!@STARTMSG 2775:0 @!@!@
  |||||||||line 446, col 39 to line 446, col 71 of module full: 423934:3391472
@!@!@ENDMSG 2775 @!@!@
@!@!@STARTMSG 2221:0 @!@!@
  |||||||line 448, col 53 to line 448, col 78 of module full: 423934
@!@!@ENDMSG 2221 @!@!@
@!@!@STARTMSG 2221:0 @!@!@
  ||||||||line 448, col 53 to line 448, col 73 of module full: 423934
@!@!@ENDMSG 2221 @!@!@
@!@!@STARTMSG 2221:0 @!@!@
  |||||||||line 448, col 53 to line 448, col 58 of module full: 423934
@!@!@ENDMSG 2221 @!@!@
@!@!@STARTMSG 2221:0 @!@!@
  |||||||||line 448, col 60 to line 448, col 72 of module full: 423934
@!@!@ENDMSG 2221 @!@!@
@!@!@STARTMSG 2221:0 @!@!@
  ||||||||||line 446, col 35 to line 446, col 72 of module full: 423934
@!@!@ENDMSG 2221 @!@!@
@!@!@STARTMSG 2221:0 @!@!@
  |||||||||||line 79, col 11 to line 79, col 46 of module full: 423934
@!@!@ENDMSG 2221 @!@!@
@!@!@STARTMSG 2221:0 @!@!@
  ||||||||||||line 79, col 28 to line 79, col 46 of module full: 847868
@!@!@ENDMSG 2221 @!@!@
@!@!@STARTMSG 2221:0 @!@!@
  |||||||||||||line 79, col 41 to line 79, col 46 of module full: 1695736
@!@!@ENDMSG 2221 @!@!@
@!@!@STARTMSG 2221:0 @!@!@
  |||||||||||||line 79, col 37 to line 79, col 37 of module full: 847868
@!@!@ENDMSG 2221 @!@!@
@!@!@STARTMSG 2221:0 @!@!@
  ||||||||||||line 79, col 24 to line 79, col 24 of module full: 423934
@!@!@ENDMSG 2221 @!@!@
@!@!@STARTMSG 2775:0 @!@!@
  |||||||||||line 446, col 39 to line 446, col 71 of module full: 423934:3391472
@!@!@ENDMSG 2775 @!@!@
@!@!@STARTMSG 2221:0 @!@!@
  ||||line 454, col 41 to line 454, col 63 of module full: 423934
@!@!@ENDMSG 2221 @!@!@
@!@!@STARTMSG 2221:0 @!@!@
  |||line 455, col 28 to line 455, col 64 of module full: 423934
@!@!@ENDMSG 2221 @!@!@
@!@!@STARTMSG 2221:0 @!@!@
  ||||line 455, col 29 to line 455, col 64 of module full: 423934
@!@!@ENDMSG 2221 @!@!@
@!@!@STARTMSG 2221:0 @!@!@
  |||||line 455, col 29 to line 455, col 54 of module full: 423934
@!@!@ENDMSG 2221 @!@!@
@!@!@STARTMSG 2221:0 @!@!@
  ||||||line 455, col 29 to line 455, col 44 of module full: 423934
@!@!@ENDMSG 2221 @!@!@
@!@!@STARTMSG 2221:0 @!@!@
  ||||||line 455, col 46 to line 455, col 53 of module full: 423934
@!@!@ENDMSG 2221 @!@!@
@!@!@STARTMSG 2221:0 @!@!@
  |||||||line 447, col 30 to line 449, col 43 of module full: 423934
@!@!@ENDMSG 2221 @!@!@
@!@!@STARTMSG 2221:0 @!@!@
  ||||||||line 447, col 33 to line 447, col 81 of module full: 423934
@!@!@ENDMSG 2221 @!@!@
@!@!@STARTMSG 2221:0 @!@!@
  |||||||||line 447, col 33 to line 447, col 49 of module full: 423934
@!@!@ENDMSG 2221 @!@!@
@!@!@STARTMSG 2221:0 @!@!@
  ||||||||||line 447, col 33 to line 447, col 45 of module full: 423934
@!@!@ENDMSG 2221 @!@!@
@!@!@STARTMSG 2221:0 @!@!@
  |||||||||||line 446, col 35 to line 446, col 72 of module full: 423934
@!@!@ENDMSG 2221 @!@!@
@!@!@STARTMSG 2221:0 @!@!@
  ||||||||||||line 79, col 11 to line 79, col 46 of module full: 423934
@!@!@ENDMSG 2221 @!@!@
@!@!@STARTMSG 2221:0 @!@!@
  |||||||||||||line 79, col 28 to line 79, col 46 of module full: 847868
@!@!@ENDMSG 2221 @!@!@
@!@!@STARTMSG 2221:0 @!@!@
  ||||||||||||||line 79, col 41 to line 79, col 46 of module full: 1695736
@!@!@ENDMSG 2221 @!@!@
@!@!@STARTMSG 2221:0 @!@!@
  ||||||||||||||line 79, col 37 to line 79, col 37 of module full: 847868
@!@!@ENDMSG 2221 @!@!@
@!@!@STARTMSG 2221:0 @!@!@
  |||||||||||||line 79, col 24 to line 79, col 24 of module full: 423934
@!@!@ENDMSG 2221 @!@!@
@!@!@STARTMSG 2775:0 @!@!@
  ||||||||||||line 446, col 39 to line 446, col 71 of module full: 423934:3391472
@!@!@ENDMSG 2775 @!@!@
@!@!@STARTMSG 2221:0 @!@!@
  |||||||||line 447, col 54 to line 447, col 81 of module full: 423934
@!@!@ENDMSG 2221 @!@!@
@!@!@STARTMSG 2221:0 @!@!@
  ||||||||||line 447, col 54 to line 447, col 66 of module full: 423934
@!@!@ENDMSG 2221 @!@!@
@!@!@STARTMSG 2221:0 @!@!@
  |||||||||||line 446, col 35 to line 446, col 72 of module full: 423934
@!@!@ENDMSG 2221 @!@!@
@!@!@STARTMSG 2221:0 @!@!@
  ||||||||||||line 79, col 11 to line 79, col 46 of module full: 423934
@!@!@ENDMSG 2221 @!@!@
@!@!@STARTMSG 2221:0 @!@!@
  |||||||||||||line 79, col 28 to line 79, col 46 of module full: 847868
@!@!@ENDMSG 2221 @!@!@
@!@!@STARTMSG 2221:0 @!@!@
  ||||||||||||||line 79, col 41 to line 79, col 46 of module full: 1695736
@!@!@ENDMSG 2221 @!@!@
@!@!@STARTMSG 2221:0 @!@!@
  ||||||||||||||line 79, col 37 to line 79, col 37 of module full: 847868
@!@!@ENDMSG 2221 @!@!@
@!@!@STARTMSG 2221:0 @!@!@
  |||||||||||||line 79, col 24 to line 79, col 24 of module full: 423934
@!@!@ENDMSG 2221 @!@!@
@!@!@STARTMSG 2775:0 @!@!@
  ||||||||||||line 446, col 39 to line 446, col 71 of module full: 423934:3391472
@!@!@ENDMSG 2775 @!@!@
@!@!@STARTMSG 2221:0 @!@!@
  ||||||||||line 447, col 71 to line 447, col 81 of module full: 423934
@!@!@ENDMSG 2221 @!@!@
@!@!@STARTMSG 2221:0 @!@!@
  ||||||||line 448, col 36 to line 448, col 80 of module full: 423934
@!@!@ENDMSG 2221 @!@!@
@!@!@STARTMSG 2221:0 @!@!@
  |||||||||line 448, col 38 to line 448, col 50 of module full: 423934
@!@!@ENDMSG 2221 @!@!@
@!@!@STARTMSG 2221:0 @!@!@
  ||||||||||line 446, col 35 to line 446, col 72 of module full: 423934
@!@!@ENDMSG 2221 @!@!@
@!@!@STARTMSG 2221:0 @!@!@
  |||||||||||line 79, col 11 to line 79, col 46 of module full: 423934
@!@!@ENDMSG 2221 @!@!@
@!@!@STARTMSG 2221:0 @!@!@
  ||||||||||||line 79, col 28 to line 79, col 46 of module full: 847868
@!@!@ENDMSG 2221 @!@!@
@!@!@STARTMSG 2221:0 @!@!@
  |||||||||||||line 79, col 41 to line 79, col 46 of module full: 1695736
@!@!@ENDMSG 2221 @!@!@
@!@!@STARTMSG 2221:0 @!@!@
  |||||||||||||line 79, col 37 to line 79, col 37 of module full: 847868
@!@!@ENDMSG 2221 @!@!@
@!@!@STARTMSG 2221:0 @!@!@
  ||||||||||||line 79, col 24 to line 79, col 24 of module full: 423934
@!@!@ENDMSG 2221 @!@!@
@!@!@STARTMSG 2775:0 @!@!@
  |||||||||||line 446, col 39 to line 446, col 71 of module full: 423934:3391472
@!@!@ENDMSG 2775 @!@!@
@!@!@STARTMSG 2221:0 @!@!@
  |||||||||line 448, col 53 to line 448, col 78 of module full: 423934
@!@!@ENDMSG 2221 @!@!@
@!@!@STARTMSG 2221:0 @!@!@
  ||||||||||line 448, col 53 to line 448, col 73 of module full: 423934
@!@!@ENDMSG 2221 @!@!@
@!@!@STARTMSG 2221:0 @!@!@
  |||||||||||line 448, col 53 to line 448, col 58 of module full: 423934
@!@!@ENDMSG 2221 @!@!@
@!@!@STARTMSG 2221:0 @!@!@
  |||||||||||line 448, col 60 to line 448, col 72 of module full: 423934
@!@!@ENDMSG 2221 @!@!@
@!@!@STARTMSG 2221:0 @!@!@
  ||||||||||||line 446, col 35 to line 446, col 72 of module full: 423934
@!@!@ENDMSG 2221 @!@!@
@!@!@STARTMSG 2221:0 @!@!@
  |||||||||||||line 79, col 11 to line 79, col 46 of module full: 423934
@!@!@ENDMSG 2221 @!@!@
@!@!@STARTMSG 2221:0 @!@!@
  ||||||||||||||line 79, col 28 to line 79, col 46 of module full: 847868
@!@!@ENDMSG 2221 @!@!@
@!@!@STARTMSG 2221:0 @!@!@
  |||||||||||||||line 79, col 41 to line 79, col 46 of module full: 1695736
@!@!@ENDMSG 2221 @!@!@
@!@!@STARTMSG 2221:0 @!@!@
  |||||||||||||||line 79, col 37 to line 79, col 37 of module full: 847868
@!@!@ENDMSG 2221 @!@!@
@!@!@STARTMSG 2221:0 @!@!@
  ||||||||||||||line 79, col 24 to line 79, col 24 of module full: 423934
@!@!@ENDMSG 2221 @!@!@
@!@!@STARTMSG 2775:0 @!@!@
  |||||||||||||line 446, col 39 to line 446, col 71 of module full: 423934:3391472
@!@!@ENDMSG 2775 @!@!@
@!@!@STARTMSG 2221:0 @!@!@
  ||line 456, col 27 to line 456, col 80 of module full: 359003
@!@!@ENDMSG 2221 @!@!@
@!@!@STARTMSG 2221:0 @!@!@
  |||line 456, col 28 to line 456, col 43 of module full: 359003
@!@!@ENDMSG 2221 @!@!@
@!@!@STARTMSG 2221:0 @!@!@
  |||line 456, col 54 to line 456, col 61 of module full: 359003
@!@!@ENDMSG 2221 @!@!@
@!@!@STARTMSG 2221:0 @!@!@
  ||||line 447, col 30 to line 449, col 43 of module full: 359003
@!@!@ENDMSG 2221 @!@!@
@!@!@STARTMSG 2221:0 @!@!@
  |||||line 447, col 33 to line 447, col 81 of module full: 359003
@!@!@ENDMSG 2221 @!@!@
@!@!@STARTMSG 2221:0 @!@!@
  ||||||line 447, col 33 to line 447, col 49 of module full: 359003
@!@!@ENDMSG 2221 @!@!@
@!@!@STARTMSG 2221:0 @!@!@
  |||||||line 447, col 33 to line 447, col 45 of module full: 359003
@!@!@ENDMSG 2221 @!@!@
@!@!@STARTMSG 2221:0 @!@!@
  ||||||||line 446, col 35 to line 446, col 72 of module full: 359003
@!@!@ENDMSG 2221 @!@!@
@!@!@STARTMSG 2221:0 @!@!@
  |||||||||line 79, col 11 to line 79, col 46 of module full: 359003
@!@!@ENDMSG 2221 @!@!@
@!@!@STARTMSG 2221:0 @!@!@
  ||||||||||line 79, col 28 to line 79, col 46 of module full: 718006
@!@!@ENDMSG 2221 @!@!@
@!@!@STARTMSG 2221:0 @!@!@
  |||||||||||line 79, col 41 to line 79, col 46 of module full: 1436012
@!@!@ENDMSG 2221 @!@!@
@!@!@STARTMSG 2221:0 @!@!@
  |||||||||||line 79, col 37 to line 79, col 37 of module full: 718006
@!@!@ENDMSG 2221 @!@!@
@!@!@STARTMSG 2221:0 @!@!@
  ||||||||||line 79, col 24 to line 79, col 24 of module full: 359003
@!@!@ENDMSG 2221 @!@!@
@!@!@STARTMSG 2775:0 @!@!@
  |||||||||line 446, col 39 to line 446, col 71 of module full: 359003:2872024
@!@!@ENDMSG 2775 @!@!@
@!@!@STARTMSG 2221:0 @!@!@
  ||||||line 447, col 54 to line 447, col 81 of module full: 359003
@!@!@ENDMSG 2221 @!@!@
@!@!@STARTMSG 2221:0 @!@!@
  |||||||line 447, col 54 to line 447, col 66 of module full: 359003
@!@!@ENDMSG 2221 @!@!@
@!@!@STARTMSG 2221:0 @!@!@
  ||||||||line 446, col 35 to line 446, col 72 of module full: 359003
@!@!@ENDMSG 2221 @!@!@
@!@!@STARTMSG 2221:0 @!@!@
  |||||||||line 79, col 11 to line 79, col 46 of module full: 359003
@!@!@ENDMSG 2221 @!@!@
@!@!@STARTMSG 2221:0 @!@!@
  ||||||||||line 79, col 28 to line 79, col 46 of module full: 718006
@!@!@ENDMSG 2221 @!@!@
@!@!@STARTMSG 2221:0 @!@!@
  |||||||||||line 79, col 41 to line 79, col 46 of module full: 1436012
@!@!@ENDMSG 2221 @!@!@
@!@!@STARTMSG 2221:0 @!@!@
  |||||||||||line 79, col 37 to line 79, col 37 of module full: 718006
@!@!@ENDMSG 2221 @!@!@
@!@!@STARTMSG 2221:0 @!@!@
  ||||||||||line 79, col 24 to line 79, col 24 of module full: 359003
@!@!@ENDMSG 2221 @!@!@
@!@!@STARTMSG 2775:0 @!@!@
  |||||||||line 446, col 39 to line 446, col 71 of module full: 359003:2872024
@!@!@ENDMSG 2775 @!@!@
@!@!@STARTMSG 2221:0 @!@!@
  |||||||line 447, col 71 to line 447, col 81 of module full: 359003
@!@!@ENDMSG 2221 @!@!@
@!@!@STARTMSG 2221:0 @!@!@
  |||||line 448, col 36 to line 448, col 80 of module full: 359003
@!@!@ENDMSG 2221 @!@!@
@!@!@STARTMSG 2221:0 @!@!@
  ||||||line 448, col 38 to line 448, col 50 of module full: 359003
@!@!@ENDMSG 2221 @!@!@
@!@!@STARTMSG 2221:0 @!@!@
  |||||||line 446, col 35 to line 446, col 72 of module full: 359003
@!@!@ENDMSG 2221 @!@!@
@!@!@STARTMSG 2221:0 @!@!@
  ||||||||line 79, col 11 to line 79, col 46 of module full: 359003
@!@!@ENDMSG 2221 @!@!@
@!@!@STARTMSG 2221:0 @!@!@
  |||||||||line 79, col 28 to line 79, col 46 of module full: 718006
@!@!@ENDMSG 2221 @!@!@
@!@!@STARTMSG 2221:0 @!@!@
  ||||||||||line 79, col 41 to line 79, col 46 of module full: 1436012
@!@!@ENDMSG 2221 @!@!@
@!@!@STARTMSG 2221:0 @!@!@
  ||||||||||line 79, col 37 to line 79, col 37 of module full: 718006
@!@!@ENDMSG 2221 @!@!@
@!@!@STARTMSG 2221:0 @!@!@
  |||||||||line 79, col 24 to line 79, col 24 of module full: 359003
@!@!@ENDMSG 2221 @!@!@
@!@!@STARTMSG 2775:0 @!@!@
  ||||||||line 446, col 39 to line 446, col 71 of module full: 359003:2872024
@!@!@ENDMSG 2775 @!@!@
@!@!@STARTMSG 2221:0 @!@!@
  ||||||line 448, col 53 to line 448, col 78 of module full: 359003
@!@!@ENDMSG 2221 @!@!@
@!@!@STARTMSG 2221:0 @!@!@
  |||||||line 448, col 53 to line 448, col 73 of module full: 359003
@!@!@ENDMSG 2221 @!@!@
@!@!@STARTMSG 2221:0 @!@!@
  ||||||||line 448, col 53 to line 448, col 58 of module full: 359003
@!@!@ENDMSG 2221 @!@!@
@!@!@STARTMSG 2221:0 @!@!@
  ||||||||line 448, col 60 to line 448, col 72 of module full: 359003
@!@!@ENDMSG 2221 @!@!@
@!@!@STARTMSG 2221:0 @!@!@
  |||||||||line 446, col 35 to line 446, col 72 of module full: 359003
@!@!@ENDMSG 2221 @!@!@
@!@!@STARTMSG 2221:0 @!@!@
  ||||||||||line 79, col 11 to line 79, col 46 of module full: 359003
@!@!@ENDMSG 2221 @!@!@
@!@!@STARTMSG 2221:0 @!@!@
  |||||||||||line 79, col 28 to line 79, col 46 of module full: 718006
@!@!@ENDMSG 2221 @!@!@
@!@!@STARTMSG 2221:0 @!@!@
  ||||||||||||line 79, col 41 to line 79, col 46 of module full: 1436012
@!@!@ENDMSG 2221 @!@!@
@!@!@STARTMSG 2221:0 @!@!@
  ||||||||||||line 79, col 37 to line 79, col 37 of module full: 718006
@!@!@ENDMSG 2221 @!@!@
@!@!@STARTMSG 2221:0 @!@!@
  |||||||||||line 79, col 24 to line 79, col 24 of module full: 359003
@!@!@ENDMSG 2221 @!@!@
@!@!@STARTMSG 2775:0 @!@!@
  ||||||||||line 446, col 39 to line 446, col 71 of module full: 359003:2872024
@!@!@ENDMSG 2775 @!@!@
@!@!@STARTMSG 2221:0 @!@!@
  |||line 456, col 75 to line 456, col 79 of module full: 359003
@!@!@ENDMSG 2221 @!@!@
@!@!@STARTMSG 2221:0 @!@!@
  ||line 457, col 27 to line 457, col 42 of module full: 64931
@!@!@ENDMSG 2221 @!@!@
@!@!@STARTMSG 2221:0 @!@!@
  line 458, col 14 to line 458, col 29 of module full: 2858250
@!@!@ENDMSG 2221 @!@!@
@!@!@STARTMSG 2221:0 @!@!@
  |line 458, col 20 to line 458, col 29 of module full: 1641092
@!@!@ENDMSG 2221 @!@!@
@!@!@STARTMSG 2221:0 @!@!@
  line 459, col 14 to line 459, col 84 of module full: 1217158
@!@!@ENDMSG 2221 @!@!@
@!@!@STARTMSG 2221:0 @!@!@
  |line 459, col 27 to line 459, col 84 of module full: 1217158
@!@!@ENDMSG 2221 @!@!@
@!@!@STARTMSG 2221:0 @!@!@
  ||line 459, col 28 to line 459, col 36 of module full: 1217158
@!@!@ENDMSG 2221 @!@!@
@!@!@STARTMSG 2221:0 @!@!@
  ||line 459, col 45 to line 459, col 83 of module full: 1217158
@!@!@ENDMSG 2221 @!@!@
@!@!@STARTMSG 2221:0 @!@!@
  ||line 459, col 55 to line 459, col 83 of module full: 1217158
@!@!@ENDMSG 2221 @!@!@
@!@!@STARTMSG 2221:0 @!@!@
  |||line 79, col 11 to line 79, col 46 of module full: 1217158
@!@!@ENDMSG 2221 @!@!@
@!@!@STARTMSG 2221:0 @!@!@
  ||||line 79, col 28 to line 79, col 46 of module full: 2051229
@!@!@ENDMSG 2221 @!@!@
@!@!@STARTMSG 2221:0 @!@!@
  |||||line 79, col 41 to line 79, col 46 of module full: 3719371
@!@!@ENDMSG 2221 @!@!@
@!@!@STARTMSG 2221:0 @!@!@
  |||||line 79, col 37 to line 79, col 37 of module full: 2051229
@!@!@ENDMSG 2221 @!@!@
@!@!@STARTMSG 2221:0 @!@!@
  ||||line 79, col 24 to line 79, col 24 of module full: 1217158
@!@!@ENDMSG 2221 @!@!@
@!@!@STARTMSG 2775:0 @!@!@
  |||line 459, col 59 to line 459, col 82 of module full: 1217158:7821829
@!@!@ENDMSG 2775 @!@!@
@!@!@STARTMSG 2221:0 @!@!@
  line 460, col 14 to line 460, col 55 of module full: 1217158
@!@!@ENDMSG 2221 @!@!@
@!@!@STARTMSG 2221:0 @!@!@
  line 461, col 8 to line 461, col 17 of module full: 1641092
@!@!@ENDMSG 2221 @!@!@
@!@!@STARTMSG 2221:0 @!@!@
  line 462, col 8 to line 462, col 99 of module full: 1641092
@!@!@ENDMSG 2221 @!@!@
@!@!@STARTMSG 2221:0 @!@!@
  line 506, col 50 to line 506, col 50 of module full: 1641092
@!@!@ENDMSG 2221 @!@!@
@!@!@STARTMSG 2221:0 @!@!@
  line 506, col 53 to line 506, col 53 of module full: 1641092
@!@!@ENDMSG 2221 @!@!@
@!@!@STARTMSG 2221:0 @!@!@
  line 539, col 16 to line 539, col 16 of module full: 4837537
@!@!@ENDMSG 2221 @!@!@
@!@!@STARTMSG 2775:0 @!@!@
  line 536, col 16 to line 538, col 72 of module full: 1665150:6502687
@!@!@ENDMSG 2775 @!@!@
@!@!@STARTMSG 2221:0 @!@!@
  |line 537, col 13 to line 538, col 71 of module full: 4837537
@!@!@ENDMSG 2221 @!@!@
@!@!@STARTMSG 2221:0 @!@!@
  |line 536, col 25 to line 536, col 46 of module full: 1665150
@!@!@ENDMSG 2221 @!@!@
@!@!@STARTMSG 2775:0 @!@!@
  ||line 82, col 23 to line 82, col 61 of module full: 1665150:6502687
@!@!@ENDMSG 2775 @!@!@
@!@!@STARTMSG 2221:0 @!@!@
  |||line 82, col 49 to line 82, col 59 of module full: 8424746
@!@!@ENDMSG 2221 @!@!@
@!@!@STARTMSG 2221:0 @!@!@
  |||line 82, col 31 to line 82, col 45 of module full: 1665150
@!@!@ENDMSG 2221 @!@!@
@!@!@STARTMSG 2221:0 @!@!@
  ||line 536, col 38 to line 536, col 45 of module full: 1664965
@!@!@ENDMSG 2221 @!@!@
@!@!@STARTMSG 2774:0 @!@!@
<MoreThanOneLeaderInv line 551, col 1 to line 551, col 20 of module full>
@!@!@ENDMSG 2774 @!@!@
@!@!@STARTMSG 2221:0 @!@!@
  line 552, col 5 to line 556, col 16 of module full: 3244764
@!@!@ENDMSG 2221 @!@!@
@!@!@STARTMSG 2221:0 @!@!@
  |line 553, col 9 to line 556, col 16 of module full: 29202876
@!@!@ENDMSG 2221 @!@!@
@!@!@STARTMSG 2221:0 @!@!@
  ||line 553, col 10 to line 555, col 29 of module full: 29202876
@!@!@ENDMSG 2221 @!@!@
@!@!@STARTMSG 2221:0 @!@!@
  |||line 553, col 13 to line 553, col 43 of module full: 29202876
@!@!@ENDMSG 2221 @!@!@
@!@!@STARTMSG 2221:0 @!@!@
  |||line 554, col 13 to line 554, col 29 of module full: 29202876
@!@!@ENDMSG 2221 @!@!@
@!@!@STARTMSG 2221:0 @!@!@
  |||line 555, col 13 to line 555, col 29 of module full: 9734292
@!@!@ENDMSG 2221 @!@!@
@!@!@STARTMSG 2221:0 @!@!@
  ||line 556, col 12 to line 556, col 16 of module full: 3244764
@!@!@ENDMSG 2221 @!@!@
@!@!@STARTMSG 2221:0 @!@!@
  |line 552, col 16 to line 552, col 22 of module full: 3244764
@!@!@ENDMSG 2221 @!@!@
@!@!@STARTMSG 2774:0 @!@!@
<LogMatchingInv line 558, col 1 to line 558, col 14 of module full>
@!@!@ENDMSG 2774 @!@!@
@!@!@STARTMSG 2221:0 @!@!@
  line 559, col 5 to line 562, col 51 of module full: 3244764
@!@!@ENDMSG 2221 @!@!@
@!@!@STARTMSG 2221:0 @!@!@
  |line 559, col 27 to line 562, col 51 of module full: 29202876
@!@!@ENDMSG 2221 @!@!@
@!@!@STARTMSG 2221:0 @!@!@
  ||line 559, col 27 to line 559, col 32 of module full: 29202876
@!@!@ENDMSG 2221 @!@!@
@!@!@STARTMSG 2221:0 @!@!@
  ||line 560, col 9 to line 562, col 51 of module full: 19468584
@!@!@ENDMSG 2221 @!@!@
@!@!@STARTMSG 2221:0 @!@!@
  |||line 561, col 13 to line 562, col 51 of module full: 8218892
@!@!@ENDMSG 2221 @!@!@
@!@!@STARTMSG 2221:0 @!@!@
  |||line 560, col 18 to line 560, col 49 of module full: 19468584
@!@!@ENDMSG 2221 @!@!@
@!@!@STARTMSG 2221:0 @!@!@
  ||||line 560, col 21 to line 560, col 49 of module full: 19468584
@!@!@ENDMSG 2221 @!@!@
@!@!@STARTMSG 2221:0 @!@!@
  |||||line 80, col 14 to line 80, col 35 of module full: 19468584
@!@!@ENDMSG 2221 @!@!@
@!@!@STARTMSG 2221:0 @!@!@
  ||||||line 80, col 17 to line 80, col 21 of module full: 19468584
@!@!@ENDMSG 2221 @!@!@
@!@!@STARTMSG 2221:0 @!@!@
  ||||||line 80, col 28 to line 80, col 28 of module full: 8267603
@!@!@ENDMSG 2221 @!@!@
@!@!@STARTMSG 2221:0 @!@!@
  ||||||line 80, col 35 to line 80, col 35 of module full: 11200981
@!@!@ENDMSG 2221 @!@!@
@!@!@STARTMSG 2221:0 @!@!@
  |||||line 560, col 25 to line 560, col 35 of module full: 19468584
@!@!@ENDMSG 2221 @!@!@
@!@!@STARTMSG 2221:0 @!@!@
  |||||line 560, col 38 to line 560, col 48 of module full: 19468584
@!@!@ENDMSG 2221 @!@!@
@!@!@STARTMSG 2221:0 @!@!@
  |line 559, col 17 to line 559, col 23 of module full: 3244764
@!@!@ENDMSG 2221 @!@!@
@!@!@STARTMSG 2774:0 @!@!@
<LeaderCompletenessInv line 564, col 1 to line 564, col 21 of module full>
@!@!@ENDMSG 2774 @!@!@
@!@!@STARTMSG 2221:0 @!@!@
  line 565, col 5 to line 568, col 72 of module full: 3244764
@!@!@ENDMSG 2221 @!@!@
@!@!@STARTMSG 2221:0 @!@!@
  |line 566, col 9 to line 568, col 72 of module full: 9734292
@!@!@ENDMSG 2221 @!@!@
@!@!@STARTMSG 2221:0 @!@!@
  ||line 566, col 9 to line 566, col 25 of module full: 9734292
@!@!@ENDMSG 2221 @!@!@
@!@!@STARTMSG 2221:0 @!@!@
  ||line 567, col 9 to line 568, col 72 of module full: 3244764
@!@!@ENDMSG 2221 @!@!@
@!@!@STARTMSG 2221:0 @!@!@
  |||line 567, col 28 to line 568, col 72 of module full: 9734292
@!@!@ENDMSG 2221 @!@!@
@!@!@STARTMSG 2221:0 @!@!@
  ||||line 567, col 28 to line 567, col 33 of module full: 9734292
@!@!@ENDMSG 2221 @!@!@
@!@!@STARTMSG 2221:0 @!@!@
  ||||line 568, col 13 to line 568, col 72 of module full: 6489528
@!@!@ENDMSG 2221 @!@!@
@!@!@STARTMSG 2221:0 @!@!@
  |||||line 94, col 5 to line 95, col 48 of module full: 6489528
@!@!@ENDMSG 2221 @!@!@
@!@!@STARTMSG 2221:0 @!@!@
  ||||||line 94, col 8 to line 94, col 29 of module full: 6489528
@!@!@ENDMSG 2221 @!@!@
@!@!@STARTMSG 2221:0 @!@!@
  ||||||line 95, col 8 to line 95, col 48 of module full: 6489528
@!@!@ENDMSG 2221 @!@!@
@!@!@STARTMSG 2221:0 @!@!@
  |||||||line 95, col 32 to line 95, col 48 of module full: 109445
@!@!@ENDMSG 2221 @!@!@
@!@!@STARTMSG 2221:0 @!@!@
  |||||||line 95, col 17 to line 95, col 28 of module full: 6489528
@!@!@ENDMSG 2221 @!@!@
@!@!@STARTMSG 2221:0 @!@!@
  |||||line 568, col 27 to line 568, col 64 of module full: 6489528
@!@!@ENDMSG 2221 @!@!@
@!@!@STARTMSG 2221:0 @!@!@
  ||||||line 85, col 5 to line 91, col 14 of module full: 6489528
@!@!@ENDMSG 2221 @!@!@
@!@!@STARTMSG 2221:0 @!@!@
  |||||||line 85, col 8 to line 85, col 71 of module full: 6489528
@!@!@ENDMSG 2221 @!@!@
@!@!@STARTMSG 2221:0 @!@!@
  ||||||||line 85, col 8 to line 85, col 23 of module full: 6489528
@!@!@ENDMSG 2221 @!@!@
@!@!@STARTMSG 2221:0 @!@!@
  ||||||||line 85, col 28 to line 85, col 71 of module full: 3310139
@!@!@ENDMSG 2221 @!@!@
@!@!@STARTMSG 2221:0 @!@!@
  |||||||line 87, col 27 to line 89, col 88 of module full: 3310139
@!@!@ENDMSG 2221 @!@!@
@!@!@STARTMSG 2221:0 @!@!@
  ||||||||line 88, col 31 to line 89, col 88 of module full: 3634664
@!@!@ENDMSG 2221 @!@!@
@!@!@STARTMSG 2221:0 @!@!@
  |||||||||line 88, col 34 to line 88, col 52 of module full: 3634664
@!@!@ENDMSG 2221 @!@!@
@!@!@STARTMSG 2221:0 @!@!@
  |||||||||line 89, col 34 to line 89, col 88 of module full: 3634664
@!@!@ENDMSG 2221 @!@!@
@!@!@STARTMSG 2221:0 @!@!@
  ||||||||||line 89, col 59 to line 89, col 88 of module full: 4283714
@!@!@ENDMSG 2221 @!@!@
@!@!@STARTMSG 2221:0 @!@!@
  ||||||||||line 89, col 43 to line 89, col 55 of module full: 3634664
@!@!@ENDMSG 2221 @!@!@
@!@!@STARTMSG 2221:0 @!@!@
  ||||||||line 87, col 40 to line 87, col 52 of module full: 3310139
@!@!@ENDMSG 2221 @!@!@
@!@!@STARTMSG 2221:0 @!@!@
  |||||||line 90, col 10 to line 90, col 61 of module full: 3310139
@!@!@ENDMSG 2221 @!@!@
@!@!@STARTMSG 2221:0 @!@!@
  |||||||line 91, col 10 to line 91, col 14 of module full: 3179389
@!@!@ENDMSG 2221 @!@!@
@!@!@STARTMSG 2221:0 @!@!@
  ||||||line 568, col 47 to line 568, col 47 of module full: 6489528
@!@!@ENDMSG 2221 @!@!@
@!@!@STARTMSG 2221:0 @!@!@
  ||||||line 568, col 50 to line 568, col 63 of module full: 3310139
@!@!@ENDMSG 2221 @!@!@
@!@!@STARTMSG 2221:0 @!@!@
  |||||line 568, col 66 to line 568, col 71 of module full: 6489528
@!@!@ENDMSG 2221 @!@!@
@!@!@STARTMSG 2221:0 @!@!@
  |||line 567, col 18 to line 567, col 24 of module full: 3244764
@!@!@ENDMSG 2221 @!@!@
@!@!@STARTMSG 2221:0 @!@!@
  |line 565, col 14 to line 565, col 20 of module full: 3244764
@!@!@ENDMSG 2221 @!@!@
@!@!@STARTMSG 2774:0 @!@!@
<LogInv line 570, col 1 to line 570, col 6 of module full>
@!@!@ENDMSG 2774 @!@!@
@!@!@STARTMSG 2221:0 @!@!@
  line 571, col 5 to line 573, col 51 of module full: 3244764
@!@!@ENDMSG 2221 @!@!@
@!@!@STARTMSG 2221:0 @!@!@
  |line 572, col 9 to line 573, col 51 of module full: 29202876
@!@!@ENDMSG 2221 @!@!@
@!@!@STARTMSG 2221:0 @!@!@
  ||line 572, col 12 to line 572, col 51 of module full: 29202876
@!@!@ENDMSG 2221 @!@!@
@!@!@STARTMSG 2221:0 @!@!@
  |||line 94, col 5 to line 95, col 48 of module full: 29202876
@!@!@ENDMSG 2221 @!@!@
@!@!@STARTMSG 2221:0 @!@!@
  ||||line 94, col 8 to line 94, col 29 of module full: 29202876
@!@!@ENDMSG 2221 @!@!@
@!@!@STARTMSG 2221:0 @!@!@
  ||||line 95, col 8 to line 95, col 48 of module full: 25909681
@!@!@ENDMSG 2221 @!@!@
@!@!@STARTMSG 2221:0 @!@!@
  |||||line 95, col 32 to line 95, col 48 of module full: 1988972
@!@!@ENDMSG 2221 @!@!@
@!@!@STARTMSG 2221:0 @!@!@
  |||||line 95, col 17 to line 95, col 28 of module full: 25909681
@!@!@ENDMSG 2221 @!@!@
@!@!@STARTMSG 2221:0 @!@!@
  |||line 572, col 26 to line 572, col 37 of module full: 29202876
@!@!@ENDMSG 2221 @!@!@
@!@!@STARTMSG 2221:0 @!@!@
  ||||line 98, col 5 to line 100, col 40 of module full: 29202876
@!@!@ENDMSG 2221 @!@!@
@!@!@STARTMSG 2221:0 @!@!@
  |||||line 98, col 8 to line 98, col 25 of module full: 29202876
@!@!@ENDMSG 2221 @!@!@
@!@!@STARTMSG 2221:0 @!@!@
  |||||line 99, col 10 to line 99, col 14 of module full: 23945595
@!@!@ENDMSG 2221 @!@!@
@!@!@STARTMSG 2221:0 @!@!@
  |||||line 100, col 10 to line 100, col 40 of module full: 5257281
@!@!@ENDMSG 2221 @!@!@
@!@!@STARTMSG 2221:0 @!@!@
  ||||line 572, col 36 to line 572, col 36 of module full: 29202876
@!@!@ENDMSG 2221 @!@!@
@!@!@STARTMSG 2221:0 @!@!@
  |||line 572, col 39 to line 572, col 50 of module full: 29202876
@!@!@ENDMSG 2221 @!@!@
@!@!@STARTMSG 2221:0 @!@!@
  ||||line 98, col 5 to line 100, col 40 of module full: 29202876
@!@!@ENDMSG 2221 @!@!@
@!@!@STARTMSG 2221:0 @!@!@
  |||||line 98, col 8 to line 98, col 25 of module full: 29202876
@!@!@ENDMSG 2221 @!@!@
@!@!@STARTMSG 2221:0 @!@!@
  |||||line 99, col 10 to line 99, col 14 of module full: 23945595
@!@!@ENDMSG 2221 @!@!@
@!@!@STARTMSG 2221:0 @!@!@
  |||||line 100, col 10 to line 100, col 40 of module full: 5257281
@!@!@ENDMSG 2221 @!@!@
@!@!@STARTMSG 2221:0 @!@!@
  ||||line 572, col 49 to line 572, col 49 of module full: 29202876
@!@!@ENDMSG 2221 @!@!@
@!@!@STARTMSG 2221:0 @!@!@
  ||line 573, col 12 to line 573, col 51 of module full: 3293195
@!@!@ENDMSG 2221 @!@!@
@!@!@STARTMSG 2221:0 @!@!@
  |||line 94, col 5 to line 95, col 48 of module full: 3293195
@!@!@ENDMSG 2221 @!@!@
@!@!@STARTMSG 2221:0 @!@!@
  ||||line 94, col 8 to line 94, col 29 of module full: 3293195
@!@!@ENDMSG 2221 @!@!@
@!@!@STARTMSG 2221:0 @!@!@
  ||||line 95, col 8 to line 95, col 48 of module full: 3293195
@!@!@ENDMSG 2221 @!@!@
@!@!@STARTMSG 2221:0 @!@!@
  |||||line 95, col 32 to line 95, col 48 of module full: 7243
@!@!@ENDMSG 2221 @!@!@
@!@!@STARTMSG 2221:0 @!@!@
  |||||line 95, col 17 to line 95, col 28 of module full: 3293195
@!@!@ENDMSG 2221 @!@!@
@!@!@STARTMSG 2221:0 @!@!@
  |||line 573, col 26 to line 573, col 37 of module full: 3293195
@!@!@ENDMSG 2221 @!@!@
@!@!@STARTMSG 2221:0 @!@!@
  ||||line 98, col 5 to line 100, col 40 of module full: 3293195
@!@!@ENDMSG 2221 @!@!@
@!@!@STARTMSG 2221:0 @!@!@
  |||||line 98, col 8 to line 98, col 25 of module full: 3293195
@!@!@ENDMSG 2221 @!@!@
@!@!@STARTMSG 2221:0 @!@!@
  |||||line 99, col 10 to line 99, col 14 of module full: 3285952
@!@!@ENDMSG 2221 @!@!@
@!@!@STARTMSG 2221:0 @!@!@
  |||||line 100, col 10 to line 100, col 40 of module full: 7243
@!@!@ENDMSG 2221 @!@!@
@!@!@STARTMSG 2221:0 @!@!@
  ||||line 573, col 36 to line 573, col 36 of module full: 3293195
@!@!@ENDMSG 2221 @!@!@
@!@!@STARTMSG 2221:0 @!@!@
  |||line 573, col 39 to line 573, col 50 of module full: 3293195
@!@!@ENDMSG 2221 @!@!@
@!@!@STARTMSG 2221:0 @!@!@
  |line 571, col 17 to line 571, col 23 of module full: 3244764
@!@!@ENDMSG 2221 @!@!@
@!@!@STARTMSG 2774:0 @!@!@
<LeaderCommitted line 604, col 1 to line 604, col 15 of module full>
@!@!@ENDMSG 2774 @!@!@
@!@!@STARTMSG 2221:0 @!@!@
  line 605, col 5 to line 605, col 42 of module full: 3244764
@!@!@ENDMSG 2221 @!@!@
@!@!@STARTMSG 2221:0 @!@!@
  |line 605, col 24 to line 605, col 42 of module full: 4930334
@!@!@ENDMSG 2221 @!@!@
@!@!@STARTMSG 2221:0 @!@!@
  |line 605, col 14 to line 605, col 20 of module full: 3244764
@!@!@ENDMSG 2221 @!@!@
@!@!@STARTMSG 2774:0 @!@!@
<MaxCInv line 580, col 1 to line 580, col 7 of module full>
@!@!@ENDMSG 2774 @!@!@
@!@!@STARTMSG 2221:0 @!@!@
  line 580, col 12 to line 580, col 78 of module full: 3244758
@!@!@ENDMSG 2221 @!@!@
@!@!@STARTMSG 2774:0 @!@!@
<LeaderCountInv line 582, col 1 to line 582, col 14 of module full>
@!@!@ENDMSG 2774 @!@!@
@!@!@STARTMSG 2221:0 @!@!@
  line 582, col 19 to line 582, col 93 of module full: 3244758
@!@!@ENDMSG 2221 @!@!@
@!@!@STARTMSG 2221:0 @!@!@
  |line 582, col 39 to line 582, col 92 of module full: 9734274
@!@!@ENDMSG 2221 @!@!@
@!@!@STARTMSG 2221:0 @!@!@
  ||line 582, col 39 to line 582, col 55 of module full: 9734274
@!@!@ENDMSG 2221 @!@!@
@!@!@STARTMSG 2221:0 @!@!@
  ||line 582, col 60 to line 582, col 92 of module full: 3244758
@!@!@ENDMSG 2221 @!@!@
@!@!@STARTMSG 2221:0 @!@!@
  |line 582, col 28 to line 582, col 34 of module full: 3244758
@!@!@ENDMSG 2221 @!@!@
@!@!@STARTMSG 2774:0 @!@!@
<MaxTermInv line 584, col 1 to line 584, col 10 of module full>
@!@!@ENDMSG 2774 @!@!@
@!@!@STARTMSG 2221:0 @!@!@
  line 584, col 15 to line 584, col 58 of module full: 3244758
@!@!@ENDMSG 2221 @!@!@
@!@!@STARTMSG 2221:0 @!@!@
  |line 584, col 34 to line 584, col 58 of module full: 9734274
@!@!@ENDMSG 2221 @!@!@
@!@!@STARTMSG 2221:0 @!@!@
  |line 584, col 24 to line 584, col 30 of module full: 3244758
@!@!@ENDMSG 2221 @!@!@
@!@!@STARTMSG 2774:0 @!@!@
<EntryCommitMessageCountInv line 586, col 1 to line 586, col 26 of module full>
@!@!@ENDMSG 2774 @!@!@
@!@!@STARTMSG 2221:0 @!@!@
  line 588, col 25 to line 588, col 76 of module full: 1642976
@!@!@ENDMSG 2221 @!@!@
@!@!@STARTMSG 2221:0 @!@!@
  line 589, col 36 to line 589, col 90 of module full: 1642976
@!@!@ENDMSG 2221 @!@!@
@!@!@STARTMSG 2221:0 @!@!@
  line 587, col 27 to line 587, col 46 of module full: 1642976
@!@!@ENDMSG 2221 @!@!@
@!@!@STARTMSG 2221:0 @!@!@
  line 590, col 8 to line 595, col 20 of module full: 3244758
@!@!@ENDMSG 2221 @!@!@
@!@!@STARTMSG 2221:0 @!@!@
  |line 591, col 22 to line 591, col 42 of module full: 6187198
@!@!@ENDMSG 2221 @!@!@
@!@!@STARTMSG 2221:0 @!@!@
  |line 592, col 12 to line 595, col 20 of module full: 6187198
@!@!@ENDMSG 2221 @!@!@
@!@!@STARTMSG 2221:0 @!@!@
  ||line 592, col 15 to line 592, col 29 of module full: 6187198
@!@!@ENDMSG 2221 @!@!@
@!@!@STARTMSG 2221:0 @!@!@
  ||line 593, col 17 to line 594, col 96 of module full: 1667862
@!@!@ENDMSG 2221 @!@!@
@!@!@STARTMSG 2221:0 @!@!@
  |||line 593, col 18 to line 593, col 94 of module full: 1667862
@!@!@ENDMSG 2221 @!@!@
@!@!@STARTMSG 2221:0 @!@!@
  |||line 594, col 21 to line 594, col 95 of module full: 1254040
@!@!@ENDMSG 2221 @!@!@
@!@!@STARTMSG 2221:0 @!@!@
  ||line 595, col 17 to line 595, col 20 of module full: 4519336
@!@!@ENDMSG 2221 @!@!@
@!@!@STARTMSG 2221:0 @!@!@
  |line 590, col 19 to line 590, col 41 of module full: 3244758
@!@!@ENDMSG 2221 @!@!@
@!@!@STARTMSG 2202:0 @!@!@
End of statistics.
@!@!@ENDMSG 2202 @!@!@
@!@!@STARTMSG 2200:0 @!@!@
Progress(22) at 2025-05-14 04:34:36: 13,011,434 states generated (13,857,922 s/min), 3,244,764 distinct states found (3,455,859 ds/min), 1,579,614 states left on queue.
@!@!@ENDMSG 2200 @!@!@
@!@!@STARTMSG 2199:0 @!@!@
13011434 states generated, 3244764 distinct states found, 1579614 states left on queue.
@!@!@ENDMSG 2199 @!@!@
@!@!@STARTMSG 2194:0 @!@!@
The depth of the complete state graph search is 22.
@!@!@ENDMSG 2194 @!@!@
@!@!@STARTMSG 2268:0 @!@!@
The average outdegree of the complete state graph is 2 (minimum is 0, the maximum 8 and the 95th percentile is 4).
@!@!@ENDMSG 2268 @!@!@
@!@!@STARTMSG 2186:0 @!@!@
Finished in 56551ms at (2025-05-14 04:34:37)
@!@!@ENDMSG 2186 @!@!@
